日期,开盘,收盘,最高,最低,成交量,成交额,振幅,涨跌幅,涨跌额,换手率
2020-12-18,1.016,1.031,1.042,1.013,7526757,774976320.0,2.86,1.58,0.016,5.37
2020-12-21,1.062,1.083,1.086,1.054,11925762,1278916064.0,3.1,5.04,0.052,8.52
2020-12-22,1.083,1.056,1.092,1.054,12740996,1372365680.0,3.51,-2.49,-0.027,9.1
2020-12-23,1.072,1.119,1.133,1.071,15247291,1689596912.0,5.87,5.97,0.063,10.89
2020-12-24,1.125,1.112,1.129,1.101,12726991,1415173808.0,2.5,-0.63,-0.007,9.09
2020-12-25,1.109,1.157,1.163,1.105,12969218,1469646704.0,5.22,4.05,0.045,9.26
2020-12-28,1.167,1.16,1.169,1.138,16621647,1913492112.0,2.68,0.26,0.003,11.87
2020-12-29,1.151,1.09,1.152,1.086,30992435,3429926864.0,5.69,-6.03,-0.07,22.13
2020-12-30,1.099,1.113,1.123,1.097,13565480,1509416320.0,2.39,2.11,0.023,9.69
2020-12-31,1.124,1.136,1.147,1.116,11505605,1303291536.0,2.79,2.07,0.023,8.22
2021-01-04,1.141,1.199,1.218,1.132,15818194,1862691504.0,7.57,5.55,0.063,11.3
2021-01-05,1.19,1.199,1.222,1.178,13831396,1658375760.0,3.67,0.0,0.0,9.88
2021-01-06,1.198,1.197,1.204,1.176,11780332,1398592112.0,2.34,-0.17,-0.002,8.41
2021-01-07,1.209,1.242,1.26,1.2,15183033,1865860048.0,5.01,3.76,0.045,10.84
2021-01-08,1.25,1.219,1.255,1.196,17904134,2174087232.0,4.75,-1.85,-0.023,12.79
2021-01-11,1.211,1.172,1.211,1.158,21136108,2496540528.0,4.35,-3.86,-0.047,15.09
2021-01-12,1.166,1.207,1.209,1.161,15572879,1853782016.0,4.1,2.99,0.035,11.12
2021-01-13,1.203,1.2,1.237,1.188,12979206,1573186912.0,4.06,-0.58,-0.007,9.27
2021-01-14,1.187,1.171,1.193,1.151,13010915,1522479088.0,3.5,-2.42,-0.029,9.29
2021-01-15,1.164,1.167,1.172,1.133,12839493,1482812656.0,3.33,-0.34,-0.004,9.17
2021-01-18,1.155,1.187,1.192,1.144,10317695,1211272944.0,4.11,1.71,0.02,7.37
2021-01-19,1.192,1.155,1.203,1.15,10616557,1242638640.0,4.47,-2.7,-0.032,7.58
2021-01-20,1.16,1.191,1.196,1.154,12610472,1489514992.0,3.64,3.12,0.036,9.01
2021-01-21,1.21,1.239,1.25,1.195,17752135,2179584912.0,4.62,4.03,0.048,12.68
2021-01-22,1.245,1.287,1.29,1.241,12963483,1649141392.0,3.95,3.87,0.048,9.26
2021-01-25,1.287,1.285,1.345,1.268,12461284,1625810960.0,5.98,-0.16,-0.002,8.9
2021-01-26,1.276,1.27,1.294,1.255,8760412,1114348640.0,3.04,-1.17,-0.015,6.26
2021-01-27,1.267,1.317,1.323,1.235,11929472,1522412992.0,6.93,3.7,0.047,8.52
2021-01-28,1.277,1.251,1.299,1.245,12579742,1598712736.0,4.1,-5.01,-0.066,8.98
2021-01-29,1.261,1.224,1.272,1.195,14956069,1835605968.0,6.16,-2.16,-0.027,10.68
2021-02-01,1.206,1.194,1.217,1.176,10696781,1276611648.0,3.35,-2.45,-0.03,7.64
2021-02-02,1.204,1.215,1.227,1.179,9117400,1099842448.0,4.02,1.76,0.021,6.51
2021-02-03,1.223,1.21,1.248,1.204,8946676,1098877568.0,3.62,-0.41,-0.005,6.39
2021-02-04,1.197,1.205,1.224,1.184,7535388,907556240.0,3.31,-0.41,-0.005,5.38
2021-02-05,1.213,1.202,1.242,1.2,8808772,1074475808.0,3.49,-0.25,-0.003,6.29
2021-02-08,1.197,1.203,1.207,1.155,8472736,1000669472.0,4.33,0.08,0.001,6.05
2021-02-09,1.208,1.248,1.249,1.204,9058229,1117592256.0,3.74,3.74,0.045,6.47
2021-02-10,1.256,1.279,1.288,1.239,8379180,1063299344.0,3.93,2.48,0.031,5.98
2021-02-18,1.292,1.266,1.3,1.253,6769706,862937232.0,3.67,-1.02,-0.013,4.83
2021-02-19,1.255,1.244,1.255,1.21,8467616,1041405296.0,3.55,-1.74,-0.022,6.05
2021-02-22,1.237,1.203,1.265,1.2,9634413,1186899328.0,5.23,-3.3,-0.041,6.88
2021-02-23,1.201,1.192,1.212,1.187,7436047,890308432.0,2.08,-0.91,-0.011,5.31
2021-02-24,1.191,1.156,1.2,1.136,12601256,1467277792.0,5.37,-3.02,-0.036,9.0
2021-02-25,1.168,1.15,1.173,1.146,5472750,633352800.0,2.34,-0.52,-0.006,3.91
2021-02-26,1.119,1.141,1.15,1.106,7498561,846527632.0,3.83,-0.78,-0.009,5.35
2021-03-01,1.157,1.17,1.182,1.153,6584644,768434496.0,2.54,2.54,0.029,4.7
2021-03-02,1.183,1.159,1.19,1.148,5951595,695362704.0,3.59,-0.94,-0.011,4.25
2021-03-03,1.152,1.154,1.156,1.131,5340570,611594736.0,2.16,-0.43,-0.005,3.81
2021-03-04,1.137,1.081,1.138,1.077,14629279,1608523632.0,5.29,-6.33,-0.073,10.45
2021-03-05,1.052,1.084,1.098,1.05,7456505,803525760.0,4.44,0.28,0.003,5.32
2021-03-08,1.089,1.023,1.092,1.021,9053045,951791168.0,6.55,-5.63,-0.061,6.46
2021-03-09,1.019,0.993,1.028,0.976,9860736,990220272.0,5.08,-2.93,-0.03,7.04
2021-03-10,1.018,0.998,1.021,0.994,5564023,559726800.0,2.72,0.5,0.005,3.97
2021-03-11,1.0,1.036,1.038,0.999,8239999,843812976.0,3.91,3.81,0.038,5.88
2021-03-12,1.048,1.053,1.056,1.027,6593341,689148656.0,2.8,1.64,0.017,4.71
2021-03-15,1.041,1.012,1.041,1.003,5386784,549275280.0,3.61,-3.89,-0.041,3.85
2021-03-16,1.009,1.018,1.026,1.002,3856971,391885680.0,2.37,0.59,0.006,2.75
2021-03-17,1.014,1.023,1.027,0.999,3798382,385818224.0,2.75,0.49,0.005,2.71
2021-03-18,1.025,1.041,1.044,1.02,5160705,532716352.0,2.35,1.76,0.018,3.69
2021-03-19,1.021,1.015,1.03,1.01,3696393,376691792.0,1.92,-2.5,-0.026,2.64
2021-03-22,1.014,1.037,1.044,1.014,3780770,391352720.0,2.96,2.17,0.022,2.7
2021-03-23,1.038,1.022,1.041,1.013,3270757,334673760.0,2.7,-1.45,-0.015,2.34
2021-03-24,1.017,0.999,1.026,0.996,4532073,455414480.0,2.94,-2.25,-0.023,3.24
2021-03-25,0.992,0.998,1.006,0.981,4335634,430684816.0,2.5,-0.1,-0.001,3.1
2021-03-26,1.005,1.033,1.039,1.005,7254365,744134672.0,3.41,3.51,0.035,5.18
2021-03-29,1.032,1.026,1.034,1.018,3209011,329265280.0,1.55,-0.68,-0.007,2.29
2021-03-30,1.02,1.055,1.061,1.017,7209675,754471888.0,4.29,2.83,0.029,5.15
2021-03-31,1.05,1.049,1.058,1.041,2831443,296726656.0,1.61,-0.57,-0.006,2.02
2021-04-01,1.055,1.059,1.074,1.051,3213410,341025712.0,2.19,0.95,0.01,2.29
2021-04-02,1.059,1.058,1.065,1.044,2835554,298924560.0,1.98,-0.09,-0.001,2.02
2021-04-06,1.063,1.08,1.092,1.059,4981881,537079248.0,3.12,2.08,0.022,3.56
2021-04-07,1.078,1.06,1.079,1.048,3481520,367916240.0,2.87,-1.85,-0.02,2.49
2021-04-08,1.054,1.053,1.059,1.044,1813043,191037914.0,1.42,-0.66,-0.007,1.29
2021-04-09,1.046,1.035,1.051,1.031,2532070,263023941.0,1.9,-1.71,-0.018,1.81
2021-04-12,1.032,1.006,1.038,1.003,3879416,393837072.0,3.38,-2.8,-0.029,2.77
2021-04-13,1.001,1.001,1.013,0.998,3645204,365806752.0,1.49,-0.5,-0.005,2.6
2021-04-14,1.001,1.016,1.017,1.001,2466520,249604941.0,1.6,1.5,0.015,1.76
2021-04-15,1.011,1.021,1.024,1.006,2693140,273654128.0,1.77,0.49,0.005,1.92
2021-04-16,1.019,1.016,1.02,1.001,3256427,328902528.0,1.86,-0.49,-0.005,2.33
2021-04-19,1.013,1.05,1.051,1.01,5468013,567748592.0,4.04,3.35,0.034,3.9
2021-04-20,1.045,1.062,1.08,1.042,5790676,617992832.0,3.62,1.14,0.012,4.14
2021-04-21,1.063,1.061,1.073,1.052,2854566,303248368.0,1.98,-0.09,-0.001,2.04
2021-04-22,1.07,1.063,1.075,1.048,2753633,292402448.0,2.54,0.19,0.002,1.97
2021-04-23,1.061,1.073,1.083,1.06,3401404,365836832.0,2.16,0.94,0.01,2.43
2021-04-26,1.075,1.067,1.099,1.066,4281563,465130192.0,3.08,-0.56,-0.006,3.06
2021-04-27,1.064,1.068,1.077,1.054,2559619,272776096.0,2.16,0.09,0.001,1.83
2021-04-28,1.067,1.084,1.085,1.063,2508118,270337904.0,2.06,1.5,0.016,1.79
2021-04-29,1.09,1.08,1.091,1.071,1847826,199614420.0,1.85,-0.37,-0.004,1.32
2021-04-30,1.079,1.105,1.113,1.077,5301838,583420432.0,3.33,2.31,0.025,3.79
2021-05-06,1.097,1.102,1.12,1.088,2769899,306038880.0,2.9,-0.27,-0.003,1.98
2021-05-07,1.104,1.071,1.112,1.07,2690665,292924672.0,3.81,-2.81,-0.031,1.92
2021-05-10,1.065,1.084,1.09,1.057,2076960,224340656.0,3.08,1.21,0.013,1.48
2021-05-11,1.069,1.072,1.074,1.049,2722000,288949024.0,2.31,-1.11,-0.012,1.94
2021-05-12,1.064,1.083,1.084,1.064,1837419,197904922.0,1.87,1.03,0.011,1.31
2021-05-13,1.067,1.06,1.074,1.059,1984515,211247592.0,1.39,-2.12,-0.023,1.42
2021-05-14,1.063,1.074,1.078,1.047,3711125,395895280.0,2.92,1.32,0.014,2.65
2021-05-17,1.076,1.105,1.107,1.074,4655894,510992944.0,3.07,2.89,0.031,3.32
2021-05-18,1.103,1.101,1.109,1.094,1724237,189589751.0,1.36,-0.36,-0.004,1.23
2021-05-19,1.101,1.118,1.121,1.091,3217346,358008976.0,2.72,1.54,0.017,2.3
2021-05-20,1.118,1.109,1.123,1.1,2161665,239803305.0,2.06,-0.81,-0.009,1.54
2021-05-21,1.12,1.11,1.136,1.105,3138206,350873104.0,2.8,0.09,0.001,2.24
2021-05-24,1.109,1.11,1.111,1.092,2279188,250870606.0,1.71,0.0,0.0,1.63
2021-05-25,1.105,1.121,1.121,1.095,3633112,403281088.0,2.34,0.99,0.011,2.59
2021-05-26,1.12,1.108,1.123,1.106,2666652,296374144.0,1.52,-1.16,-0.013,1.9
2021-05-27,1.107,1.116,1.121,1.104,2779873,310394688.0,1.53,0.72,0.008,1.99
2021-05-28,1.12,1.131,1.147,1.116,5488965,622801200.0,2.78,1.34,0.015,3.92
2021-05-31,1.128,1.173,1.175,1.126,6473408,749083296.0,4.33,3.71,0.042,4.62
2021-06-01,1.17,1.169,1.173,1.15,3899319,453514336.0,1.96,-0.34,-0.004,2.78
2021-06-02,1.179,1.15,1.188,1.148,3322999,386545424.0,3.42,-1.63,-0.019,2.37
2021-06-03,1.148,1.119,1.15,1.117,4404595,497510624.0,2.87,-2.7,-0.031,3.15
2021-06-04,1.11,1.116,1.129,1.102,3977905,443832896.0,2.41,-0.27,-0.003,2.84
2021-06-07,1.115,1.112,1.118,1.101,3878706,430082000.0,1.52,-0.36,-0.004,2.77
2021-06-08,1.109,1.107,1.126,1.099,3758929,417288288.0,2.43,-0.45,-0.005,2.68
2021-06-09,1.107,1.114,1.117,1.098,2701009,299349680.0,1.72,0.63,0.007,1.93
2021-06-10,1.119,1.166,1.174,1.116,10000679,1153147280.0,5.21,4.67,0.052,7.14
2021-06-11,1.175,1.189,1.205,1.17,9278572,1103695040.0,3.0,1.97,0.023,6.63
2021-06-15,1.193,1.179,1.203,1.175,3439913,407392400.0,2.35,-0.84,-0.01,2.46
2021-06-16,1.171,1.131,1.173,1.128,5413967,618833904.0,3.82,-4.07,-0.048,3.87
2021-06-17,1.131,1.155,1.156,1.13,2602662,298223200.0,2.3,2.12,0.024,1.86
2021-06-18,1.157,1.181,1.188,1.154,4227869,496266400.0,2.94,2.25,0.026,3.02
2021-06-21,1.174,1.214,1.224,1.171,5820950,703336896.0,4.49,2.79,0.033,4.16
2021-06-22,1.217,1.219,1.225,1.197,3835754,465792544.0,2.31,0.41,0.005,2.74
2021-06-23,1.222,1.235,1.249,1.22,4033341,498900560.0,2.38,1.31,0.016,2.88
2021-06-24,1.261,1.276,1.29,1.239,6075105,770954768.0,4.13,3.32,0.041,4.34
2021-06-25,1.276,1.281,1.304,1.274,4050782,521696192.0,2.35,0.39,0.005,2.89
2021-06-28,1.289,1.299,1.305,1.281,3866996,501122864.0,1.87,1.41,0.018,2.76
2021-06-29,1.311,1.335,1.343,1.311,5676095,755104016.0,2.46,2.77,0.036,4.05
2021-06-30,1.33,1.353,1.356,1.313,4447146,597039456.0,3.22,1.35,0.018,3.18
2021-07-01,1.358,1.308,1.364,1.306,4022005,534210240.0,4.29,-3.33,-0.045,2.87
2021-07-02,1.298,1.294,1.325,1.29,3962712,517081408.0,2.68,-1.07,-0.014,2.83
2021-07-05,1.294,1.317,1.323,1.292,3113741,407219552.0,2.4,1.78,0.023,2.22
2021-07-06,1.317,1.289,1.32,1.266,3995297,516158480.0,4.1,-2.13,-0.028,2.85
2021-07-07,1.279,1.358,1.368,1.268,5599767,744776736.0,7.76,5.35,0.069,4.0
2021-07-08,1.367,1.373,1.394,1.36,4717921,649760384.0,2.5,1.1,0.015,3.37
2021-07-09,1.36,1.383,1.392,1.33,5121993,697550304.0,4.52,0.73,0.01,3.66
2021-07-12,1.396,1.401,1.427,1.375,4941875,693235872.0,3.76,1.3,0.018,3.53
2021-07-13,1.401,1.425,1.439,1.395,4489315,637911472.0,3.14,1.71,0.024,3.21
2021-07-14,1.415,1.385,1.432,1.377,4423160,620160992.0,3.86,-2.81,-0.04,3.16
2021-07-15,1.374,1.455,1.456,1.374,6231307,887819360.0,5.92,5.05,0.07,4.45
2021-07-16,1.451,1.43,1.479,1.424,4556266,661078208.0,3.78,-1.72,-0.025,3.25
2021-07-19,1.421,1.422,1.464,1.416,3865110,555509360.0,3.36,-0.56,-0.008,2.76
2021-07-20,1.401,1.43,1.439,1.398,2564364,364736752.0,2.88,0.56,0.008,1.83
2021-07-21,1.443,1.51,1.511,1.442,4743105,702915696.0,4.83,5.59,0.08,3.39
2021-07-22,1.515,1.542,1.545,1.495,4192991,637398352.0,3.31,2.12,0.032,2.99
2021-07-23,1.537,1.554,1.584,1.527,4569444,709657856.0,3.7,0.78,0.012,3.26
2021-07-26,1.54,1.547,1.57,1.482,6400815,980128688.0,5.66,-0.45,-0.007,4.57
2021-07-27,1.539,1.439,1.573,1.437,7449141,1127151024.0,8.79,-6.98,-0.108,5.32
2021-07-28,1.407,1.432,1.464,1.37,6838358,972896864.0,6.53,-0.49,-0.007,4.88
2021-07-29,1.474,1.571,1.575,1.468,8319326,1264663184.0,7.47,9.71,0.139,5.94
2021-07-30,1.57,1.616,1.66,1.556,7990274,1286392944.0,6.62,2.86,0.045,5.71
2021-08-02,1.617,1.625,1.664,1.581,6978439,1131485760.0,5.14,0.56,0.009,4.98
2021-08-03,1.622,1.555,1.624,1.538,6269652,982690608.0,5.29,-4.31,-0.07,4.48
2021-08-04,1.547,1.67,1.672,1.54,6041768,985970960.0,8.49,7.4,0.115,4.31
2021-08-05,1.657,1.679,1.692,1.633,4635218,772041824.0,3.53,0.54,0.009,3.31
2021-08-06,1.684,1.699,1.725,1.663,4465820,756885648.0,3.69,1.19,0.02,3.19
2021-08-09,1.678,1.672,1.685,1.618,5277492,872610800.0,3.94,-1.59,-0.027,3.77
2021-08-10,1.66,1.675,1.725,1.633,5612991,945463408.0,5.5,0.18,0.003,4.01
2021-08-11,1.655,1.671,1.686,1.639,3773492,628051616.0,2.81,-0.24,-0.004,2.69
2021-08-12,1.663,1.665,1.677,1.635,3369703,557798128.0,2.51,-0.36,-0.006,2.41
2021-08-13,1.643,1.637,1.686,1.621,4005486,661141888.0,3.9,-1.68,-0.028,2.86
2021-08-16,1.62,1.612,1.646,1.6,3450749,558155552.0,2.81,-1.53,-0.025,2.46
2021-08-17,1.611,1.593,1.64,1.578,3537065,570554672.0,3.85,-1.18,-0.019,2.53
2021-08-18,1.593,1.566,1.61,1.545,4364088,687598320.0,4.08,-1.69,-0.027,3.12
2021-08-19,1.556,1.598,1.62,1.541,3728497,588468096.0,5.04,2.04,0.032,2.66
2021-08-20,1.583,1.609,1.627,1.573,3641558,583039840.0,3.38,0.69,0.011,2.6
2021-08-23,1.628,1.668,1.67,1.602,3794736,622866528.0,4.23,3.67,0.059,2.71
2021-08-24,1.674,1.686,1.72,1.653,3837252,649624160.0,4.02,1.08,0.018,2.74
2021-08-25,1.685,1.766,1.767,1.677,4854652,836496576.0,5.34,4.74,0.08,3.47
2021-08-26,1.76,1.754,1.798,1.751,4682681,831924672.0,2.66,-0.68,-0.012,3.34
2021-08-27,1.741,1.794,1.808,1.735,3939101,701888688.0,4.16,2.28,0.04,2.81
2021-08-30,1.81,1.901,1.925,1.799,5528374,1036986320.0,7.02,5.96,0.107,3.95
2021-08-31,1.895,1.872,1.895,1.844,6076015,1133347328.0,2.68,-1.53,-0.029,4.34
2021-09-01,1.888,1.769,1.898,1.732,8469827,1518245952.0,8.87,-5.5,-0.103,6.05
2021-09-02,1.76,1.872,1.875,1.76,5358443,984304528.0,6.5,5.82,0.103,3.83
2021-09-03,1.885,1.804,1.912,1.786,6459801,1193138320.0,6.73,-3.63,-0.068,4.61
2021-09-06,1.786,1.774,1.805,1.7,6614943,1158636464.0,5.82,-1.66,-0.03,4.72
2021-09-07,1.771,1.819,1.819,1.751,5352088,959660192.0,3.83,2.54,0.045,3.82
2021-09-08,1.819,1.752,1.841,1.741,6642070,1180092416.0,5.5,-3.68,-0.067,4.74
2021-09-09,1.748,1.749,1.76,1.706,6650956,1147946592.0,3.08,-0.17,-0.003,4.75
2021-09-10,1.739,1.781,1.787,1.723,6608420,1165316544.0,3.66,1.83,0.032,4.72
2021-09-13,1.775,1.722,1.776,1.707,6726928,1161289360.0,3.87,-3.31,-0.059,4.8
2021-09-14,1.702,1.723,1.747,1.69,4719238,813509120.0,3.31,0.06,0.001,3.37
2021-09-15,1.73,1.767,1.774,1.719,5558372,976038208.0,3.19,2.55,0.044,3.97
2021-09-16,1.768,1.666,1.771,1.66,9267600,1578610688.0,6.28,-5.72,-0.101,6.62
2021-09-17,1.656,1.639,1.68,1.597,7113333,1164887056.0,4.98,-1.62,-0.027,5.08
2021-09-22,1.616,1.67,1.68,1.616,4928093,819611056.0,3.9,1.89,0.031,3.52
2021-09-23,1.685,1.674,1.7,1.667,4700868,791408272.0,1.98,0.24,0.004,3.36
2021-09-24,1.67,1.706,1.739,1.637,5068040,863337984.0,6.09,1.91,0.032,3.62
2021-09-27,1.718,1.689,1.732,1.64,5154580,868764880.0,5.39,-1.0,-0.017,3.68
2021-09-28,1.688,1.666,1.712,1.661,3580034,602250656.0,3.02,-1.36,-0.023,2.56
2021-09-29,1.639,1.66,1.695,1.636,4648990,776975872.0,3.54,-0.36,-0.006,3.32
2021-09-30,1.659,1.693,1.696,1.649,3631989,609588176.0,2.83,1.99,0.033,2.59
2021-10-08,1.713,1.647,1.72,1.632,4613779,763768576.0,5.2,-2.72,-0.046,3.29
2021-10-11,1.646,1.621,1.659,1.606,4161093,679207952.0,3.22,-1.58,-0.026,2.97
2021-10-12,1.618,1.597,1.63,1.569,4568923,731152512.0,3.76,-1.48,-0.024,3.26
2021-10-13,1.604,1.672,1.676,1.596,6833309,1122088224.0,5.01,4.7,0.075,4.88
2021-10-14,1.661,1.703,1.733,1.66,5833308,995069264.0,4.37,1.85,0.031,4.17
2021-10-15,1.705,1.744,1.75,1.688,4620360,797842304.0,3.64,2.41,0.041,3.3
2021-10-18,1.754,1.772,1.781,1.74,5315859,938396928.0,2.35,1.61,0.028,3.8
2021-10-19,1.775,1.772,1.784,1.754,3368557,596395824.0,1.69,0.0,0.0,2.41
2021-10-20,1.768,1.812,1.833,1.76,4053048,734603360.0,4.12,2.26,0.04,2.89
2021-10-21,1.801,1.772,1.802,1.76,4910280,872151088.0,2.32,-2.21,-0.04,3.51
2021-10-22,1.768,1.749,1.781,1.74,4016315,705757744.0,2.31,-1.3,-0.023,2.87
2021-10-25,1.752,1.825,1.84,1.752,5736214,1039705088.0,5.03,4.35,0.076,4.1
2021-10-26,1.835,1.809,1.846,1.803,3723202,678269184.0,2.36,-0.88,-0.016,2.66
2021-10-27,1.818,1.853,1.86,1.812,5169127,953953168.0,2.65,2.43,0.044,3.69
2021-10-28,1.847,1.826,1.863,1.807,4790988,880217824.0,3.02,-1.46,-0.027,3.42
2021-10-29,1.808,1.881,1.885,1.764,6518415,1191308944.0,6.63,3.01,0.055,4.65
2021-11-01,1.87,1.864,1.904,1.824,5535080,1033285184.0,4.25,-0.9,-0.017,3.95
2021-11-02,1.843,1.817,1.855,1.8,6837689,1249142720.0,2.95,-2.52,-0.047,4.88
2021-11-03,1.803,1.784,1.825,1.757,5939658,1060590544.0,3.74,-1.82,-0.033,4.24
2021-11-04,1.796,1.816,1.839,1.796,4888985,890795056.0,2.41,1.79,0.032,3.49
2021-11-05,1.803,1.776,1.817,1.768,4409710,788989792.0,2.7,-2.2,-0.04,3.15
2021-11-08,1.758,1.791,1.8,1.754,3276624,583830832.0,2.59,0.84,0.015,2.34
2021-11-09,1.83,1.815,1.848,1.793,5227828,951343792.0,3.07,1.34,0.024,3.73
2021-11-10,1.797,1.789,1.807,1.756,5357486,953170432.0,2.81,-1.43,-0.026,3.83
2021-11-11,1.791,1.793,1.819,1.779,4123435,741226896.0,2.24,0.22,0.004,2.94
2021-11-12,1.809,1.829,1.835,1.808,4877876,890478080.0,1.51,2.01,0.036,3.48
2021-11-15,1.828,1.765,1.828,1.755,7054946,1252682656.0,3.99,-3.5,-0.064,5.04
2021-11-16,1.755,1.734,1.771,1.726,4373416,763499616.0,2.55,-1.76,-0.031,3.12
2021-11-17,1.74,1.778,1.787,1.728,5210108,916610624.0,3.4,2.54,0.044,3.72
2021-11-18,1.776,1.764,1.78,1.749,2772674,488546896.0,1.74,-0.79,-0.014,1.98
2021-11-19,1.759,1.792,1.804,1.748,4711389,837829200.0,3.17,1.59,0.028,3.36
2021-11-22,1.797,1.83,1.834,1.797,4214553,766303568.0,2.06,2.12,0.038,3.01
2021-11-23,1.826,1.817,1.849,1.812,3402007,622742064.0,2.02,-0.71,-0.013,2.43
2021-11-24,1.817,1.77,1.817,1.766,6023197,1071873376.0,2.81,-2.59,-0.047,4.3
2021-11-25,1.763,1.742,1.765,1.74,4895581,855931712.0,1.41,-1.58,-0.028,3.5
2021-11-26,1.739,1.748,1.761,1.736,3288497,575434048.0,1.44,0.34,0.006,2.35
2021-11-29,1.726,1.769,1.781,1.721,4814958,849663456.0,3.43,1.2,0.021,3.44
2021-11-30,1.782,1.773,1.788,1.756,3755821,664749696.0,1.81,0.23,0.004,2.68
2021-12-01,1.768,1.756,1.782,1.742,3204615,562607696.0,2.26,-0.96,-0.017,2.29
2021-12-02,1.742,1.73,1.748,1.721,4005298,694009648.0,1.54,-1.48,-0.026,2.86
2021-12-03,1.722,1.73,1.731,1.7,4695784,805572848.0,1.79,0.0,0.0,3.35
2021-12-06,1.732,1.724,1.756,1.721,3397193,590636048.0,2.02,-0.35,-0.006,2.43
2021-12-07,1.73,1.722,1.735,1.686,4211637,718988592.0,2.84,-0.12,-0.002,3.01
2021-12-08,1.726,1.747,1.754,1.713,4898386,851192928.0,2.38,1.45,0.025,3.5
2021-12-09,1.74,1.74,1.751,1.728,3545089,616666016.0,1.32,-0.4,-0.007,2.53
2021-12-10,1.73,1.771,1.78,1.726,5403493,951937776.0,3.1,1.78,0.031,3.86
2021-12-13,1.771,1.788,1.802,1.762,4747986,847628800.0,2.26,0.96,0.017,3.39
2021-12-14,1.786,1.774,1.794,1.766,2700270,480393840.0,1.57,-0.78,-0.014,1.93
2021-12-15,1.771,1.778,1.793,1.764,2931160,522362960.0,1.63,0.23,0.004,2.09
2021-12-16,1.787,1.797,1.797,1.776,2958213,529544624.0,1.18,1.07,0.019,2.11
2021-12-17,1.794,1.736,1.794,1.735,3726328,655398976.0,3.28,-3.39,-0.061,2.66
2021-12-20,1.716,1.654,1.73,1.646,6705284,1121770240.0,4.84,-4.72,-0.082,4.79
2021-12-21,1.654,1.663,1.666,1.62,4234430,696014608.0,2.78,0.54,0.009,3.02
2021-12-22,1.665,1.657,1.671,1.65,2870807,477018192.0,1.26,-0.36,-0.006,2.05
2021-12-23,1.659,1.688,1.696,1.647,3287911,552863216.0,2.96,1.87,0.031,2.35
2021-12-24,1.687,1.629,1.695,1.621,4167396,685770544.0,4.38,-3.5,-0.059,2.98
2021-12-27,1.615,1.609,1.633,1.585,2856515,460231520.0,2.95,-1.23,-0.02,2.04
2021-12-28,1.612,1.641,1.645,1.598,3027096,489416320.0,2.92,1.99,0.032,2.16
2021-12-29,1.637,1.644,1.665,1.626,4363311,718066624.0,2.38,0.18,0.003,3.12
2021-12-30,1.647,1.648,1.668,1.64,3094537,512031200.0,1.7,0.24,0.004,2.21
2021-12-31,1.682,1.712,1.722,1.682,6572993,1124751776.0,2.43,3.88,0.064,4.69
2022-01-04,1.72,1.629,1.731,1.621,6365304,1047934752.0,6.43,-4.85,-0.083,4.55
2022-01-05,1.632,1.569,1.634,1.562,5378008,853153792.0,4.42,-3.68,-0.06,3.84
2022-01-06,1.552,1.572,1.583,1.536,3986675,622510624.0,3.0,0.19,0.003,2.85
2022-01-07,1.569,1.534,1.58,1.526,4795093,740717440.0,3.44,-2.42,-0.038,3.42
2022-01-10,1.53,1.516,1.532,1.504,3216366,488412432.0,1.83,-1.17,-0.018,2.3
2022-01-11,1.514,1.491,1.526,1.486,4052602,607783408.0,2.64,-1.65,-0.025,2.89
2022-01-12,1.508,1.542,1.543,1.501,5012579,763045072.0,2.82,3.42,0.051,3.58
2022-01-13,1.541,1.517,1.546,1.506,3248028,494308752.0,2.59,-1.62,-0.025,2.32
2022-01-14,1.501,1.531,1.547,1.501,2488813,381057520.0,3.03,0.92,0.014,1.78
2022-01-17,1.532,1.552,1.573,1.531,3496268,544423632.0,2.74,1.37,0.021,2.5
2022-01-18,1.545,1.548,1.564,1.529,2176564,337443392.0,2.26,-0.26,-0.004,1.55
2022-01-19,1.54,1.518,1.546,1.506,2850021,433371872.0,2.58,-1.94,-0.03,2.04
2022-01-20,1.51,1.5,1.523,1.495,2400265,361328048.0,1.84,-1.19,-0.018,1.71
2022-01-21,1.495,1.5,1.523,1.488,2324496,349761280.0,2.33,0.0,0.0,1.66
2022-01-24,1.492,1.546,1.552,1.482,4212292,643201200.0,4.67,3.07,0.046,3.01
2022-01-25,1.531,1.505,1.551,1.502,3471742,530981280.0,3.17,-2.65,-0.041,2.48
2022-01-26,1.514,1.536,1.539,1.506,3763864,574765600.0,2.19,2.06,0.031,2.69
2022-01-27,1.528,1.477,1.538,1.473,4774525,716234544.0,4.23,-3.84,-0.059,3.41
2022-01-28,1.492,1.455,1.498,1.425,5154598,751506928.0,4.94,-1.49,-0.022,3.68
2022-02-07,1.479,1.48,1.503,1.475,2545815,378737920.0,1.92,1.72,0.025,1.82
2022-02-08,1.48,1.432,1.48,1.4,4310116,615657136.0,5.41,-3.24,-0.048,3.08
2022-02-09,1.428,1.435,1.438,1.403,2790642,396459376.0,2.44,0.21,0.003,1.99
2022-02-10,1.439,1.395,1.442,1.382,4262353,598185936.0,4.18,-2.79,-0.04,3.04
2022-02-11,1.381,1.351,1.393,1.349,4357201,597346608.0,3.15,-3.15,-0.044,3.11
2022-02-14,1.338,1.35,1.366,1.33,3048702,411145216.0,2.66,-0.07,-0.001,2.18
2022-02-15,1.352,1.397,1.399,1.345,4369416,602390112.0,4.0,3.48,0.047,3.12
2022-02-16,1.408,1.396,1.414,1.39,2381232,333682560.0,1.72,-0.07,-0.001,1.7
2022-02-17,1.396,1.431,1.447,1.389,4044390,577290304.0,4.15,2.51,0.035,2.89
2022-02-18,1.42,1.426,1.436,1.413,3100556,441225824.0,1.61,-0.35,-0.005,2.21
2022-02-21,1.422,1.428,1.433,1.406,1960909,278192512.0,1.89,0.14,0.002,1.4
2022-02-22,1.42,1.448,1.464,1.409,4440481,638919376.0,3.85,1.4,0.02,3.17
2022-02-23,1.452,1.502,1.504,1.452,4083063,607402144.0,3.59,3.73,0.054,2.92
2022-02-24,1.49,1.512,1.55,1.48,7417691,1123450992.0,4.66,0.67,0.01,5.3
2022-02-25,1.541,1.531,1.557,1.515,5042078,775065760.0,2.78,1.26,0.019,3.6
2022-02-28,1.535,1.574,1.576,1.527,4464285,692787120.0,3.2,2.81,0.043,3.19
2022-03-01,1.607,1.582,1.628,1.571,4649331,741800992.0,3.62,0.51,0.008,3.32
2022-03-02,1.577,1.591,1.6,1.544,4701729,738524288.0,3.54,0.57,0.009,3.36
2022-03-03,1.599,1.562,1.61,1.557,3542197,557528976.0,3.33,-1.82,-0.029,2.53
2022-03-04,1.537,1.549,1.579,1.537,3689024,574312880.0,2.69,-0.83,-0.013,2.63
2022-03-07,1.534,1.52,1.554,1.512,4217272,644054144.0,2.71,-1.87,-0.029,3.01
2022-03-08,1.52,1.513,1.561,1.505,4942379,758556416.0,3.68,-0.46,-0.007,3.53
2022-03-09,1.54,1.524,1.551,1.444,6831673,1030389008.0,7.07,0.73,0.011,4.88
2022-03-10,1.574,1.577,1.599,1.557,7488801,1178206192.0,2.76,3.48,0.053,5.35
2022-03-11,1.54,1.557,1.566,1.512,6459286,996290464.0,3.42,-1.27,-0.02,4.61
2022-03-14,1.538,1.512,1.561,1.511,3837753,588874368.0,3.21,-2.89,-0.045,2.74
2022-03-15,1.489,1.471,1.537,1.467,6276182,937676160.0,4.63,-2.71,-0.041,4.48
2022-03-16,1.501,1.535,1.537,1.432,9060325,1354206032.0,7.14,4.35,0.064,6.47
2022-03-17,1.548,1.523,1.555,1.515,7693645,1180661344.0,2.61,-0.78,-0.012,5.49
2022-03-18,1.506,1.509,1.514,1.49,4313049,648276096.0,1.58,-0.92,-0.014,3.08
2022-03-21,1.504,1.52,1.538,1.501,4672814,710848432.0,2.45,0.73,0.011,3.34
2022-03-22,1.514,1.485,1.522,1.474,4981203,743385216.0,3.16,-2.3,-0.035,3.56
2022-03-23,1.5,1.496,1.519,1.483,3856794,579220560.0,2.42,0.74,0.011,2.75
2022-03-24,1.48,1.468,1.484,1.448,3888938,568813472.0,2.41,-1.87,-0.028,2.78
2022-03-25,1.467,1.416,1.473,1.415,5368770,772014800.0,3.95,-3.54,-0.052,3.83
2022-03-28,1.402,1.419,1.432,1.401,4225699,598373328.0,2.19,0.21,0.003,3.02
2022-03-29,1.429,1.413,1.44,1.398,4672996,663481040.0,2.96,-0.42,-0.006,3.34
2022-03-30,1.421,1.451,1.452,1.408,5264982,755583392.0,3.11,2.69,0.038,3.76
2022-03-31,1.44,1.403,1.442,1.4,5288430,746349200.0,2.89,-3.31,-0.048,3.78
2022-04-01,1.388,1.403,1.424,1.381,5867845,824415872.0,3.06,0.0,0.0,4.19
2022-04-06,1.388,1.356,1.388,1.344,5913504,802761024.0,3.14,-3.35,-0.047,4.22
2022-04-07,1.339,1.333,1.358,1.33,4131125,554052384.0,2.06,-1.7,-0.023,2.95
2022-04-08,1.335,1.326,1.35,1.311,3915714,520510944.0,2.93,-0.53,-0.007,2.8
2022-04-11,1.314,1.26,1.317,1.259,6389809,814431952.0,4.37,-4.98,-0.066,4.56
2022-04-12,1.266,1.277,1.28,1.242,4265887,539252928.0,3.02,1.35,0.017,3.05
2022-04-13,1.268,1.257,1.283,1.253,3577749,453846848.0,2.35,-1.57,-0.02,2.55
2022-04-14,1.265,1.249,1.272,1.232,4626162,577642048.0,3.18,-0.64,-0.008,3.3
2022-04-15,1.232,1.237,1.245,1.213,4850562,595719616.0,2.56,-0.96,-0.012,3.46
2022-04-18,1.221,1.286,1.288,1.217,5501272,694434528.0,5.74,3.96,0.049,3.93
2022-04-19,1.286,1.292,1.316,1.283,4356080,565511184.0,2.57,0.47,0.006,3.11
2022-04-20,1.255,1.235,1.271,1.233,5742952,718410256.0,2.94,-4.41,-0.057,4.1
2022-04-21,1.221,1.172,1.238,1.166,5708816,683277712.0,5.83,-5.1,-0.063,4.08
2022-04-22,1.16,1.156,1.172,1.148,6721647,778783824.0,2.05,-1.37,-0.016,4.8
2022-04-25,1.125,1.079,1.137,1.072,5066526,562118064.0,5.62,-6.66,-0.077,3.62
2022-04-26,1.079,1.056,1.097,1.052,4074068,438150880.0,4.17,-2.13,-0.023,2.91
2022-04-27,1.045,1.149,1.151,1.04,8429012,932648032.0,10.51,8.81,0.093,6.02
2022-04-28,1.133,1.158,1.181,1.123,7497454,869156944.0,5.05,0.78,0.009,5.35
2022-04-29,1.161,1.199,1.21,1.153,7117774,842758272.0,4.92,3.54,0.041,5.08
2022-05-05,1.198,1.21,1.234,1.198,4811225,585258480.0,3.0,0.92,0.011,3.44
2022-05-06,1.178,1.189,1.211,1.178,4940989,589294208.0,2.73,-1.74,-0.021,3.53
2022-05-09,1.186,1.212,1.224,1.177,2661442,321642416.0,3.95,1.93,0.023,1.9
2022-05-10,1.183,1.243,1.265,1.181,4866734,603124608.0,6.93,2.56,0.031,3.48
2022-05-11,1.246,1.281,1.313,1.246,5467763,703241040.0,5.39,3.06,0.038,3.9
2022-05-12,1.271,1.271,1.28,1.259,3548828,450271808.0,1.64,-0.78,-0.01,2.53
2022-05-13,1.279,1.275,1.288,1.265,4294475,547218848.0,1.81,0.31,0.004,3.07
2022-05-16,1.281,1.258,1.305,1.255,4044508,513917920.0,3.92,-1.33,-0.017,2.89
2022-05-17,1.257,1.306,1.309,1.257,5739538,739035008.0,4.13,3.82,0.048,4.1
2022-05-18,1.307,1.323,1.335,1.296,5687431,749469040.0,2.99,1.3,0.017,4.06
2022-05-19,1.305,1.398,1.408,1.303,9223785,1259872464.0,7.94,5.67,0.075,6.59
2022-05-20,1.405,1.411,1.412,1.383,5145207,720177568.0,2.07,0.93,0.013,3.67
2022-05-23,1.407,1.407,1.411,1.378,4614745,642873472.0,2.34,-0.28,-0.004,3.3
2022-05-24,1.407,1.358,1.418,1.356,7621758,1055169008.0,4.41,-3.48,-0.049,5.44
2022-05-25,1.36,1.377,1.378,1.346,5622184,766299792.0,2.36,1.4,0.019,4.01
2022-05-26,1.375,1.372,1.393,1.35,4115926,565168864.0,3.12,-0.36,-0.005,2.94
2022-05-27,1.379,1.363,1.394,1.35,3696748,507204368.0,3.21,-0.66,-0.009,2.64
2022-05-30,1.368,1.37,1.371,1.344,3515264,477894608.0,1.98,0.51,0.007,2.51
2022-05-31,1.391,1.411,1.415,1.366,6603886,920546656.0,3.58,2.99,0.041,4.72
2022-06-01,1.402,1.399,1.411,1.389,4421786,617953312.0,1.56,-0.85,-0.012,3.16
2022-06-02,1.395,1.434,1.438,1.388,5046369,717056576.0,3.57,2.5,0.035,3.6
2022-06-06,1.435,1.503,1.523,1.433,8377209,1248633952.0,6.28,4.81,0.069,5.98
2022-06-07,1.528,1.508,1.55,1.499,7183607,1093305344.0,3.39,0.33,0.005,5.13
2022-06-08,1.5,1.504,1.519,1.47,7919740,1184665440.0,3.25,-0.27,-0.004,5.66
2022-06-09,1.496,1.495,1.526,1.479,9008305,1351120240.0,3.13,-0.6,-0.009,6.43
2022-06-10,1.48,1.534,1.541,1.47,8207340,1243048800.0,4.75,2.61,0.039,5.86
2022-06-13,1.522,1.548,1.561,1.522,7078149,1090748272.0,2.54,0.91,0.014,5.05
2022-06-14,1.527,1.518,1.527,1.461,9298391,1392356544.0,4.26,-1.94,-0.03,6.64
2022-06-15,1.516,1.493,1.54,1.482,8194429,1234220880.0,3.82,-1.65,-0.025,5.85
2022-06-16,1.495,1.537,1.553,1.495,6485231,994230080.0,3.88,2.95,0.044,4.63
2022-06-17,1.527,1.572,1.579,1.524,5563862,869825840.0,3.58,2.28,0.035,3.97
2022-06-20,1.592,1.589,1.616,1.564,6252476,995246736.0,3.31,1.08,0.017,4.46
2022-06-21,1.59,1.569,1.609,1.549,5569647,876037920.0,3.78,-1.26,-0.02,3.98
2022-06-22,1.568,1.592,1.629,1.561,6449426,1031594656.0,4.33,1.47,0.023,4.61
2022-06-23,1.6,1.619,1.622,1.567,5418650,866322272.0,3.45,1.7,0.027,3.87
2022-06-24,1.629,1.669,1.67,1.626,5347548,886199424.0,2.72,3.09,0.05,3.82
2022-06-27,1.688,1.667,1.691,1.652,6237409,1041666928.0,2.34,-0.12,-0.002,4.45
2022-06-28,1.668,1.71,1.714,1.645,5521071,928398208.0,4.14,2.58,0.043,3.94
2022-06-29,1.7,1.639,1.71,1.621,6205633,1033059152.0,5.2,-4.15,-0.071,4.43
2022-06-30,1.628,1.692,1.706,1.628,8078726,1350985536.0,4.76,3.23,0.053,5.77
2022-07-01,1.695,1.669,1.714,1.66,4859736,818142224.0,3.19,-1.36,-0.023,3.47
2022-07-04,1.65,1.704,1.706,1.634,6985496,1175682448.0,4.31,2.1,0.035,4.99
2022-07-05,1.705,1.724,1.729,1.69,5443142,930608800.0,2.29,1.17,0.02,3.89
2022-07-06,1.714,1.711,1.735,1.692,4381904,752618016.0,2.49,-0.75,-0.013,3.13
2022-07-07,1.709,1.77,1.774,1.686,6828566,1189568368.0,5.14,3.45,0.059,4.88
2022-07-08,1.786,1.72,1.792,1.715,5987816,1044168176.0,4.35,-2.82,-0.05,4.28
2022-07-11,1.703,1.684,1.718,1.658,6384902,1075365152.0,3.49,-2.09,-0.036,4.56
2022-07-12,1.685,1.674,1.724,1.666,4799630,811105315.0,3.44,-0.59,-0.01,3.43
2022-07-13,1.67,1.707,1.722,1.647,6981105,1181466914.0,4.48,1.97,0.033,4.99
2022-07-14,1.7,1.769,1.788,1.696,6050422,1060563229.0,5.39,3.63,0.062,4.32
2022-07-15,1.75,1.754,1.788,1.745,4489243,795532683.0,2.43,-0.85,-0.015,3.21
2022-07-18,1.759,1.757,1.771,1.71,4199010,732383866.0,3.48,0.17,0.003,3.0
2022-07-19,1.749,1.712,1.752,1.708,3533491,610212681.0,2.5,-2.56,-0.045,2.52
2022-07-20,1.716,1.726,1.736,1.705,3046466,524538898.0,1.81,0.82,0.014,2.18
2022-07-21,1.725,1.704,1.742,1.703,3008817,518185949.0,2.26,-1.27,-0.022,2.15
2022-07-22,1.707,1.726,1.753,1.703,4100388,707171906.0,2.93,1.29,0.022,2.93
2022-07-25,1.721,1.67,1.725,1.666,4328936,728807648.0,3.42,-3.24,-0.056,3.09
2022-07-26,1.663,1.704,1.721,1.661,3821610,647576907.0,3.59,2.04,0.034,2.73
2022-07-27,1.704,1.759,1.762,1.698,5487523,955302192.0,3.76,3.23,0.055,3.92
2022-07-28,1.776,1.758,1.794,1.745,4328810,765891835.0,2.79,-0.06,-0.001,3.09
2022-07-29,1.758,1.756,1.794,1.75,3849543,681141131.0,2.5,-0.11,-0.002,2.75
2022-08-01,1.74,1.771,1.772,1.713,3394277,592252208.0,3.36,0.85,0.015,2.42
2022-08-02,1.74,1.733,1.762,1.712,5540238,961999142.0,2.82,-2.15,-0.038,3.96
2022-08-03,1.74,1.675,1.764,1.662,5841373,998809791.0,5.89,-3.35,-0.058,4.17
2022-08-04,1.677,1.676,1.693,1.641,4773252,794719371.0,3.1,0.06,0.001,3.41
2022-08-05,1.675,1.677,1.688,1.645,4120546,686019732.0,2.57,0.06,0.001,2.94
2022-08-08,1.67,1.692,1.693,1.634,4305652,720336427.0,3.52,0.89,0.015,3.07
2022-08-09,1.691,1.749,1.77,1.682,6300420,1099257757.0,5.2,3.37,0.057,4.5
2022-08-10,1.735,1.755,1.771,1.727,4069758,712951604.0,2.52,0.34,0.006,2.91
2022-08-11,1.763,1.758,1.77,1.722,3936130,687891279.0,2.74,0.17,0.003,2.81
2022-08-12,1.752,1.724,1.762,1.723,2863372,497770554.0,2.22,-1.93,-0.034,2.04
2022-08-15,1.72,1.796,1.803,1.717,5462918,976040566.0,4.99,4.18,0.072,3.9
2022-08-16,1.799,1.825,1.847,1.791,5071944,925822004.0,3.12,1.61,0.029,3.62
2022-08-17,1.821,1.827,1.868,1.82,4313271,794306825.0,2.63,0.11,0.002,3.08
2022-08-18,1.821,1.869,1.876,1.821,4471621,831369010.0,3.01,2.3,0.042,3.19
2022-08-19,1.867,1.821,1.873,1.797,6243749,1141692519.0,4.07,-2.57,-0.048,4.46
2022-08-22,1.8,1.811,1.819,1.776,3867243,696934891.0,2.36,-0.55,-0.01,2.76
2022-08-23,1.799,1.838,1.859,1.799,4449175,818636249.0,3.31,1.49,0.027,3.18
2022-08-24,1.838,1.775,1.838,1.773,5232449,940809268.0,3.54,-3.43,-0.063,3.74
2022-08-25,1.783,1.739,1.791,1.715,4621646,804672870.0,4.28,-2.03,-0.036,3.3
2022-08-26,1.745,1.717,1.764,1.706,3424593,593943549.0,3.34,-1.27,-0.022,2.45
2022-08-29,1.678,1.745,1.748,1.673,3556521,615012451.0,4.37,1.63,0.028,2.54
2022-08-30,1.748,1.716,1.755,1.711,3479059,601638178.0,2.52,-1.66,-0.029,2.48
2022-08-31,1.704,1.608,1.719,1.604,6343743,1039608354.0,6.7,-6.29,-0.108,4.53
2022-09-01,1.605,1.609,1.626,1.593,4188600,674453368.0,2.05,0.06,0.001,2.99
2022-09-02,1.602,1.587,1.619,1.56,4503099,713876137.0,3.67,-1.37,-0.022,3.22
2022-09-05,1.581,1.612,1.629,1.579,4249238,685161753.0,3.15,1.58,0.025,3.03
2022-09-06,1.619,1.69,1.693,1.593,6432730,1063487971.0,6.2,4.84,0.078,4.59
2022-09-07,1.671,1.708,1.739,1.67,4489619,769937689.0,4.08,1.07,0.018,3.21
2022-09-08,1.708,1.704,1.732,1.698,2642073,452696715.0,1.99,-0.23,-0.004,1.89
2022-09-09,1.705,1.679,1.706,1.657,3466441,579491028.0,2.88,-1.47,-0.025,2.48
2022-09-13,1.683,1.668,1.688,1.642,2688526,446254933.0,2.74,-0.66,-0.011,1.92
2022-09-14,1.642,1.642,1.673,1.627,3123254,513866016.0,2.76,-1.56,-0.026,2.23
2022-09-15,1.645,1.532,1.65,1.513,9615121,1494986174.0,8.34,-6.7,-0.11,6.87
2022-09-16,1.518,1.512,1.557,1.511,5112357,783880438.0,3.0,-1.31,-0.02,3.65
2022-09-19,1.506,1.499,1.533,1.487,3711596,558505189.0,3.04,-0.86,-0.013,2.65
2022-09-20,1.514,1.546,1.574,1.514,5455552,843943825.0,4.0,3.14,0.047,3.9
2022-09-21,1.537,1.523,1.557,1.516,3681137,564605859.0,2.65,-1.49,-0.023,2.63
2022-09-22,1.512,1.536,1.558,1.492,3787399,580702087.0,4.33,0.85,0.013,2.7
2022-09-23,1.532,1.521,1.56,1.504,4758069,724189059.0,3.65,-0.98,-0.015,3.4
2022-09-26,1.51,1.544,1.572,1.502,4463323,688695506.0,4.6,1.51,0.023,3.19
2022-09-27,1.545,1.553,1.565,1.526,3662189,565055629.0,2.53,0.58,0.009,2.62
2022-09-28,1.553,1.493,1.567,1.491,4559418,692663062.0,4.89,-3.86,-0.06,3.26
2022-09-29,1.512,1.52,1.533,1.48,4115110,622608994.0,3.55,1.81,0.027,2.94
2022-09-30,1.515,1.479,1.525,1.471,4723403,703775629.0,3.55,-2.7,-0.041,3.37
2022-10-10,1.473,1.446,1.499,1.435,3326976,486483811.0,4.33,-2.23,-0.033,2.38
2022-10-11,1.448,1.461,1.478,1.448,3283945,480481230.0,2.07,1.04,0.015,2.35
2022-10-12,1.461,1.52,1.523,1.419,6275323,924272893.0,7.12,4.04,0.059,4.48
2022-10-13,1.508,1.514,1.551,1.504,5125249,782874649.0,3.09,-0.39,-0.006,3.66
2022-10-14,1.537,1.582,1.608,1.509,8181526,1274650530.0,6.54,4.49,0.068,5.84
2022-10-17,1.56,1.561,1.57,1.525,5971246,922747349.0,2.84,-1.33,-0.021,4.26
2022-10-18,1.57,1.567,1.591,1.551,4024597,631186865.0,2.56,0.38,0.006,2.87
2022-10-19,1.559,1.545,1.583,1.541,3589833,560192021.0,2.68,-1.4,-0.022,2.56
2022-10-20,1.53,1.505,1.53,1.482,5068205,761317182.0,3.11,-2.59,-0.04,3.62
2022-10-21,1.503,1.512,1.525,1.494,3504663,529324010.0,2.06,0.47,0.007,2.5
2022-10-24,1.512,1.482,1.519,1.465,4367713,651892971.0,3.57,-1.98,-0.03,3.12
2022-10-25,1.479,1.522,1.541,1.463,4939912,745010445.0,5.26,2.7,0.04,3.53
2022-10-26,1.52,1.559,1.563,1.51,4848850,746997574.0,3.48,2.43,0.037,3.46
2022-10-27,1.586,1.548,1.62,1.546,5082528,806157000.0,4.75,-0.71,-0.011,3.63
2022-10-28,1.53,1.499,1.556,1.494,4226452,644331824.0,4.01,-3.17,-0.049,3.02
2022-10-31,1.488,1.479,1.513,1.467,4621652,687043703.0,3.07,-1.33,-0.02,3.3
2022-11-01,1.479,1.542,1.545,1.479,5256835,795844382.0,4.46,4.26,0.063,3.75
2022-11-02,1.533,1.56,1.569,1.521,4711975,727325196.0,3.11,1.17,0.018,3.36
2022-11-03,1.544,1.573,1.6,1.544,4010063,632463470.0,3.59,0.83,0.013,2.86
2022-11-04,1.575,1.645,1.647,1.574,6597577,1069326213.0,4.64,4.58,0.072,4.71
2022-11-07,1.639,1.63,1.654,1.616,3748026,612275635.0,2.31,-0.91,-0.015,2.68
2022-11-08,1.632,1.607,1.632,1.587,3608873,578079742.0,2.76,-1.41,-0.023,2.58
2022-11-09,1.601,1.575,1.604,1.571,4079218,645768193.0,2.05,-1.99,-0.032,2.91
2022-11-10,1.562,1.537,1.569,1.528,4645054,717776163.0,2.6,-2.41,-0.038,3.32
2022-11-11,1.582,1.544,1.592,1.534,5932141,923607228.0,3.77,0.46,0.007,4.24
2022-11-14,1.532,1.496,1.545,1.484,7348664,1105945870.0,3.95,-3.11,-0.048,5.25
2022-11-15,1.494,1.528,1.529,1.491,5914405,893807815.0,2.54,2.14,0.032,4.22
2022-11-16,1.529,1.499,1.53,1.496,5182447,780981172.0,2.23,-1.9,-0.029,3.7
2022-11-17,1.489,1.477,1.495,1.46,7759692,1139890875.0,2.33,-1.47,-0.022,5.54
2022-11-18,1.477,1.483,1.507,1.329,5321145,791129878.0,12.05,0.41,0.006,3.8
2022-11-21,1.475,1.489,1.497,1.468,3821533,567513501.0,1.96,0.4,0.006,2.73
2022-11-22,1.482,1.452,1.485,1.443,4368316,636368160.0,2.82,-2.48,-0.037,3.12
2022-11-23,1.449,1.5,1.507,1.439,5977002,883182448.0,4.68,3.31,0.048,4.27
2022-11-24,1.499,1.493,1.513,1.489,3648982,547521749.0,1.6,-0.47,-0.007,2.61
2022-11-25,1.481,1.454,1.482,1.451,3711760,542151223.0,2.08,-2.61,-0.039,2.65
2022-11-28,1.426,1.443,1.449,1.42,3044209,437462310.0,1.99,-0.76,-0.011,2.17
2022-11-29,1.444,1.445,1.459,1.433,3635455,525310702.0,1.8,0.14,0.002,2.6
2022-11-30,1.445,1.447,1.464,1.437,3449751,499776654.0,1.87,0.14,0.002,2.46
2022-12-01,1.467,1.467,1.479,1.452,5513061,809626022.0,1.87,1.38,0.02,3.94
2022-12-02,1.461,1.482,1.501,1.457,4892406,728045254.0,3.0,1.02,0.015,3.49
2022-12-05,1.472,1.441,1.474,1.43,6796262,979973618.0,2.97,-2.77,-0.041,4.85
2022-12-06,1.437,1.429,1.445,1.412,4814307,687576766.0,2.29,-0.83,-0.012,3.44
2022-12-07,1.42,1.43,1.448,1.418,4466789,640210007.0,2.1,0.07,0.001,3.19
2022-12-08,1.427,1.439,1.464,1.421,4747675,686837180.0,3.01,0.63,0.009,3.39
2022-12-09,1.437,1.429,1.44,1.42,4095376,584638570.0,1.39,-0.69,-0.01,2.92
2022-12-12,1.422,1.409,1.425,1.402,3526243,497167298.0,1.61,-1.4,-0.02,2.52
2022-12-13,1.408,1.373,1.412,1.37,5350531,741360600.0,2.98,-2.56,-0.036,3.82
2022-12-14,1.373,1.363,1.381,1.352,3259063,444542642.0,2.11,-0.73,-0.01,2.33
2022-12-15,1.36,1.381,1.381,1.354,4026014,551232574.0,1.98,1.32,0.018,2.88
2022-12-16,1.374,1.348,1.374,1.342,3528244,477942564.0,2.32,-2.39,-0.033,2.52
2022-12-19,1.346,1.337,1.366,1.335,3066316,413729015.0,2.3,-0.82,-0.011,2.19
2022-12-20,1.337,1.342,1.349,1.326,3373915,451288896.0,1.72,0.37,0.005,2.41
2022-12-21,1.343,1.308,1.345,1.303,3325592,438538787.0,3.13,-2.53,-0.034,2.37
2022-12-22,1.314,1.272,1.316,1.267,4788778,616507648.0,3.75,-2.75,-0.036,3.42
2022-12-23,1.263,1.252,1.274,1.24,4271901,535144580.0,2.67,-1.57,-0.02,3.05
2022-12-26,1.252,1.329,1.33,1.248,7026254,913007083.0,6.55,6.15,0.077,5.02
2022-12-27,1.328,1.362,1.368,1.325,6979202,942175956.0,3.24,2.48,0.033,4.98
2022-12-28,1.349,1.37,1.382,1.345,4676361,639547042.0,2.72,0.59,0.008,3.34
2022-12-29,1.362,1.361,1.384,1.361,3227567,442038911.0,1.68,-0.66,-0.009,2.3
2022-12-30,1.368,1.374,1.386,1.361,4202295,578671206.0,1.84,0.96,0.013,3.0
2023-01-03,1.375,1.395,1.4,1.35,5007030,689574498.0,3.64,1.53,0.021,3.58
2023-01-04,1.393,1.364,1.394,1.35,4323865,591937790.0,3.15,-2.22,-0.031,3.09
2023-01-05,1.36,1.385,1.395,1.359,4756963,655321214.0,2.64,1.54,0.021,3.4
2023-01-06,1.393,1.455,1.478,1.393,11094623,1619635623.0,6.14,5.05,0.07,7.92
2023-01-09,1.463,1.46,1.484,1.444,5300995,777435594.0,2.75,0.34,0.005,3.79
2023-01-10,1.468,1.466,1.485,1.458,3686833,541998019.0,1.85,0.41,0.006,2.63
2023-01-11,1.46,1.446,1.471,1.444,3520837,512112621.0,1.84,-1.36,-0.02,2.51
2023-01-12,1.447,1.449,1.467,1.446,3057059,444895526.0,1.45,0.21,0.003,2.18
2023-01-13,1.456,1.447,1.46,1.43,3043843,438996432.0,2.07,-0.14,-0.002,2.17
2023-01-16,1.447,1.462,1.482,1.434,5406222,789398374.0,3.32,1.04,0.015,3.86
2023-01-17,1.463,1.469,1.478,1.457,3857711,565643349.0,1.44,0.48,0.007,2.75
2023-01-18,1.477,1.471,1.482,1.461,4138887,609746219.0,1.43,0.14,0.002,2.96
2023-01-19,1.465,1.463,1.469,1.452,2797917,408402681.0,1.16,-0.54,-0.008,2.0
2023-01-20,1.471,1.498,1.499,1.467,4823573,717494364.0,2.19,2.39,0.035,3.44
2023-01-30,1.52,1.504,1.528,1.501,4804285,726210074.0,1.8,0.4,0.006,3.43
2023-01-31,1.503,1.521,1.528,1.496,4624905,702096919.0,2.13,1.13,0.017,3.3
2023-02-01,1.527,1.514,1.527,1.485,6201665,932701649.0,2.76,-0.46,-0.007,4.43
2023-02-02,1.513,1.5,1.515,1.492,3631187,545597482.0,1.52,-0.92,-0.014,2.59
2023-02-03,1.491,1.47,1.494,1.453,4541562,666525950.0,2.73,-2.0,-0.03,3.24
2023-02-06,1.458,1.463,1.472,1.45,3293469,480629765.0,1.5,-0.48,-0.007,2.35
2023-02-07,1.464,1.46,1.475,1.449,2996276,437399361.0,1.78,-0.21,-0.003,2.14
2023-02-08,1.459,1.453,1.472,1.453,2697178,394178476.0,1.3,-0.48,-0.007,1.93
2023-02-09,1.45,1.478,1.482,1.442,3970819,583111012.0,2.75,1.72,0.025,2.84
2023-02-10,1.47,1.451,1.473,1.445,3151867,458606061.0,1.89,-1.83,-0.027,2.25
2023-02-13,1.448,1.455,1.465,1.444,2551612,370526409.0,1.45,0.28,0.004,1.82
2023-02-14,1.456,1.453,1.462,1.442,2829971,410243798.0,1.37,-0.14,-0.002,2.02
2023-02-15,1.453,1.444,1.47,1.441,2874314,417260651.0,2.0,-0.62,-0.009,2.05
2023-02-16,1.442,1.417,1.456,1.407,4579216,656943233.0,3.39,-1.87,-0.027,3.27
2023-02-17,1.414,1.388,1.423,1.386,4796219,672611768.0,2.61,-2.05,-0.029,3.43
2023-02-20,1.386,1.418,1.42,1.378,4206932,589553944.0,3.03,2.16,0.03,3.0
2023-02-21,1.417,1.438,1.449,1.41,4049177,578494944.0,2.75,1.41,0.02,2.89
2023-02-22,1.426,1.425,1.449,1.422,2562998,367847462.0,1.88,-0.9,-0.013,1.83
2023-02-23,1.426,1.461,1.466,1.426,5791374,840756523.0,2.81,2.53,0.036,4.14
2023-02-24,1.464,1.436,1.464,1.432,3189190,460048183.0,2.19,-1.71,-0.025,2.28
2023-02-27,1.428,1.442,1.468,1.42,3469692,502081218.0,3.34,0.42,0.006,2.48
2023-02-28,1.439,1.444,1.447,1.423,2932242,420996123.0,1.66,0.14,0.002,2.09
2023-03-01,1.44,1.427,1.444,1.419,5130814,731184598.0,1.73,-1.18,-0.017,3.66
2023-03-02,1.429,1.398,1.433,1.395,4200014,591576713.0,2.66,-2.03,-0.029,3.0
2023-03-03,1.398,1.398,1.413,1.395,3096078,433844241.0,1.29,0.0,0.0,2.21
2023-03-06,1.399,1.447,1.453,1.389,7669703,1094668146.0,4.58,3.51,0.049,5.48
2023-03-07,1.44,1.433,1.452,1.431,4335142,622965983.0,1.45,-0.97,-0.014,3.1
2023-03-08,1.427,1.416,1.453,1.41,4661937,666394242.0,3.0,-1.19,-0.017,3.33
2023-03-09,1.42,1.407,1.426,1.405,2536069,358315214.0,1.48,-0.64,-0.009,1.81
2023-03-10,1.4,1.393,1.409,1.381,3901543,543412720.0,1.99,-1.0,-0.014,2.79
2023-03-13,1.392,1.392,1.411,1.383,2928659,408975075.0,2.01,-0.07,-0.001,2.09
2023-03-14,1.39,1.365,1.393,1.336,5438544,739245408.0,4.09,-1.94,-0.027,3.88
2023-03-15,1.368,1.367,1.395,1.362,2870845,395097272.0,2.42,0.15,0.002,2.05
2023-03-16,1.356,1.303,1.357,1.299,5746945,760038972.0,4.24,-4.68,-0.064,4.1
2023-03-17,1.31,1.296,1.318,1.288,3748666,486799813.0,2.3,-0.54,-0.007,2.68
2023-03-20,1.29,1.308,1.324,1.271,5117439,665523406.0,4.09,0.93,0.012,3.65
2023-03-21,1.305,1.315,1.316,1.292,4406127,574866032.0,1.83,0.54,0.007,3.15
2023-03-22,1.325,1.311,1.335,1.306,4263506,563175570.0,2.21,-0.3,-0.004,3.04
2023-03-23,1.304,1.306,1.315,1.3,3825251,498987038.0,1.14,-0.38,-0.005,2.73
2023-03-24,1.305,1.314,1.326,1.288,5144289,673113417.0,2.91,0.61,0.008,3.67
2023-03-27,1.311,1.336,1.342,1.303,7450017,989824965.0,2.97,1.67,0.022,5.32
2023-03-28,1.334,1.318,1.339,1.317,3651593,484309599.0,1.65,-1.35,-0.018,2.61
2023-03-29,1.328,1.32,1.337,1.31,4871212,644716374.0,2.05,0.15,0.002,3.48
2023-03-30,1.32,1.341,1.342,1.308,7537510,1002434428.0,2.58,1.59,0.021,5.38
2023-03-31,1.346,1.341,1.36,1.335,6019687,809863481.0,1.86,0.0,0.0,4.3
2023-04-03,1.341,1.355,1.365,1.332,5446315,734113994.0,2.46,1.04,0.014,3.89
2023-04-04,1.355,1.321,1.355,1.307,11398906,1508984441.0,3.54,-2.51,-0.034,8.14
2023-04-06,1.316,1.33,1.335,1.311,4911372,649257844.0,1.82,0.68,0.009,3.51
2023-04-07,1.326,1.327,1.341,1.322,4769175,634873198.0,1.43,-0.23,-0.003,3.41
2023-04-10,1.333,1.346,1.347,1.323,7362364,985167770.0,1.81,1.43,0.019,5.26
2023-04-11,1.344,1.341,1.35,1.332,5035892,674991249.0,1.34,-0.37,-0.005,3.6
2023-04-12,1.342,1.316,1.343,1.311,6346472,837757072.0,2.39,-1.86,-0.025,4.53
2023-04-13,1.322,1.306,1.328,1.305,6181498,811499975.0,1.75,-0.76,-0.01,4.41
2023-04-14,1.306,1.315,1.32,1.296,4862537,637157668.0,1.84,0.69,0.009,3.47
2023-04-17,1.312,1.323,1.334,1.31,4555053,603111888.0,1.83,0.61,0.008,3.25
2023-04-18,1.325,1.339,1.345,1.319,6508735,869203143.0,1.97,1.21,0.016,4.65
2023-04-19,1.335,1.314,1.335,1.314,5859335,774129003.0,1.57,-1.87,-0.025,4.18
2023-04-20,1.315,1.288,1.315,1.285,6703484,867502898.0,2.28,-1.98,-0.026,4.79
2023-04-21,1.292,1.279,1.309,1.275,5438340,703937089.0,2.64,-0.7,-0.009,3.88
2023-04-24,1.282,1.245,1.282,1.237,6717022,839603789.0,3.52,-2.66,-0.034,4.8
2023-04-25,1.249,1.215,1.266,1.208,8149957,997832255.0,4.66,-2.41,-0.03,5.82
2023-04-26,1.21,1.296,1.31,1.206,11484507,1460975901.0,8.56,6.67,0.081,8.2
2023-04-27,1.299,1.281,1.302,1.267,7495567,960075016.0,2.7,-1.16,-0.015,5.35
2023-04-28,1.285,1.271,1.29,1.261,5983623,760389376.0,2.26,-0.78,-0.01,4.27
2023-05-04,1.257,1.267,1.292,1.251,5364989,683191687.0,3.23,-0.31,-0.004,3.83
2023-05-05,1.259,1.239,1.259,1.222,6564422,811905920.0,2.92,-2.21,-0.028,4.69
2023-05-08,1.239,1.244,1.257,1.228,4436698,551195203.0,2.34,0.4,0.005,3.17
2023-05-09,1.243,1.223,1.243,1.222,4771909,587048401.0,1.69,-1.69,-0.021,3.41
2023-05-10,1.221,1.235,1.246,1.207,5730194,701825269.0,3.19,0.98,0.012,4.09
2023-05-11,1.23,1.235,1.254,1.223,4447857,551141301.0,2.51,0.0,0.0,3.18
2023-05-12,1.23,1.207,1.236,1.206,4806888,584703589.0,2.43,-2.27,-0.028,3.43
2023-05-15,1.205,1.249,1.253,1.205,7217110,893828016.0,3.98,3.48,0.042,5.15
2023-05-16,1.249,1.254,1.274,1.244,5798258,729811611.0,2.4,0.4,0.005,4.14
2023-05-17,1.264,1.258,1.27,1.244,4343995,545252291.0,2.07,0.32,0.004,3.1
2023-05-18,1.258,1.236,1.26,1.228,5825200,722596937.0,2.54,-1.75,-0.022,4.16
2023-05-19,1.23,1.234,1.238,1.223,3910448,481152898.0,1.21,-0.16,-0.002,2.79
2023-05-22,1.233,1.241,1.247,1.228,4914919,608644899.0,1.54,0.57,0.007,3.51
2023-05-23,1.242,1.238,1.262,1.234,5122272,637730160.0,2.26,-0.24,-0.003,3.66
2023-05-24,1.232,1.262,1.279,1.229,8118769,1021287047.0,4.04,1.94,0.024,5.8
2023-05-25,1.261,1.286,1.3,1.255,11072362,1422965776.0,3.57,1.9,0.024,7.91
2023-05-26,1.281,1.253,1.281,1.24,6971767,873159011.0,3.19,-2.57,-0.033,4.98
2023-05-29,1.243,1.21,1.248,1.206,7958820,968448303.0,3.35,-3.43,-0.043,5.68
2023-05-30,1.203,1.197,1.218,1.182,6352617,760755827.0,2.98,-1.07,-0.013,4.54
2023-05-31,1.191,1.179,1.196,1.176,4653230,550281310.0,1.67,-1.5,-0.018,3.32
2023-06-01,1.181,1.167,1.192,1.165,5853707,689457497.0,2.29,-1.02,-0.012,4.18
2023-06-02,1.168,1.179,1.186,1.166,5731426,675566568.0,1.71,1.03,0.012,4.09
2023-06-05,1.176,1.154,1.178,1.151,5045151,584303530.0,2.29,-2.12,-0.025,3.6
2023-06-06,1.153,1.143,1.154,1.13,6151276,701994913.0,2.08,-0.95,-0.011,4.39
2023-06-07,1.141,1.127,1.145,1.121,5700703,643736265.0,2.1,-1.4,-0.016,4.07
2023-06-08,1.125,1.129,1.147,1.125,6294903,714817028.0,1.95,0.18,0.002,4.5
2023-06-09,1.127,1.143,1.145,1.117,5330884,601923415.0,2.48,1.24,0.014,3.81
2023-06-12,1.136,1.151,1.16,1.127,5947629,681424256.0,2.89,0.7,0.008,4.25
2023-06-13,1.146,1.15,1.159,1.141,4167049,478559891.0,1.56,-0.09,-0.001,2.98
2023-06-14,1.151,1.135,1.154,1.135,5402785,617884531.0,1.65,-1.3,-0.015,3.86
2023-06-15,1.136,1.198,1.2,1.13,10909594,1279479480.0,6.17,5.55,0.063,7.79
2023-06-16,1.201,1.22,1.222,1.195,10035084,1214685454.0,2.25,1.84,0.022,7.17
2023-06-19,1.219,1.214,1.221,1.201,5133267,621137927.0,1.64,-0.49,-0.006,3.67
2023-06-20,1.211,1.218,1.227,1.204,6877553,836998626.0,1.89,0.33,0.004,4.91
2023-06-21,1.211,1.199,1.232,1.198,5402890,656141990.0,2.79,-1.56,-0.019,3.86
2023-06-26,1.185,1.216,1.233,1.182,6806657,819149060.0,4.25,1.42,0.017,4.86
2023-06-27,1.212,1.221,1.245,1.208,6468300,792074205.0,3.04,0.41,0.005,4.62
2023-06-28,1.22,1.235,1.238,1.214,5432956,667475499.0,1.97,1.15,0.014,3.88
2023-06-29,1.23,1.231,1.257,1.229,5789418,718846130.0,2.27,-0.32,-0.004,4.13
2023-06-30,1.226,1.243,1.253,1.218,5381574,666814772.0,2.84,0.97,0.012,3.84
2023-07-03,1.247,1.248,1.267,1.244,5557051,696540938.0,1.85,0.4,0.005,3.97
2023-07-04,1.243,1.231,1.253,1.227,5305756,655984781.0,2.08,-1.36,-0.017,3.79
2023-07-05,1.23,1.213,1.235,1.211,4850959,591238502.0,1.95,-1.46,-0.018,3.46
2023-07-06,1.213,1.213,1.22,1.205,3899844,472652922.0,1.24,0.0,0.0,2.78
2023-07-07,1.206,1.19,1.209,1.188,4652180,557157139.0,1.73,-1.9,-0.023,3.32
2023-07-10,1.193,1.225,1.238,1.188,7566004,924254031.0,4.2,2.94,0.035,5.4
2023-07-11,1.228,1.218,1.23,1.207,4846594,588802179.0,1.88,-0.57,-0.007,3.46
2023-07-12,1.215,1.228,1.243,1.199,6472213,791408509.0,3.61,0.82,0.01,4.62
2023-07-13,1.236,1.236,1.253,1.23,5789210,716119477.0,1.87,0.65,0.008,4.13
2023-07-14,1.236,1.217,1.236,1.213,4483423,547483312.0,1.86,-1.54,-0.019,3.2
2023-07-17,1.213,1.209,1.218,1.202,3144728,379926560.0,1.31,-0.66,-0.008,2.25
2023-07-18,1.213,1.199,1.213,1.192,3744146,448621124.0,1.74,-0.83,-0.01,2.67
2023-07-19,1.197,1.182,1.198,1.175,5467968,646420744.0,1.92,-1.42,-0.017,3.9
2023-07-20,1.184,1.174,1.192,1.173,3667503,433824221.0,1.61,-0.68,-0.008,2.62
2023-07-21,1.172,1.163,1.174,1.158,3875451,451351338.0,1.36,-0.94,-0.011,2.77
2023-07-24,1.156,1.151,1.166,1.146,4027563,464404101.0,1.72,-1.03,-0.012,2.88
2023-07-25,1.163,1.169,1.175,1.16,5079336,592931972.0,1.3,1.56,0.018,3.63
2023-07-26,1.169,1.172,1.184,1.164,4523147,531022795.0,1.71,0.26,0.003,3.23
2023-07-27,1.174,1.159,1.178,1.153,4861912,565865534.0,2.13,-1.11,-0.013,3.47
2023-07-28,1.152,1.169,1.171,1.148,7409723,862070117.0,1.98,0.86,0.01,5.29
2023-07-31,1.175,1.178,1.19,1.171,5604281,660910792.0,1.63,0.77,0.009,4.0
2023-08-01,1.175,1.161,1.177,1.153,4979439,578859834.0,2.04,-1.44,-0.017,3.56
2023-08-02,1.159,1.153,1.164,1.152,3165766,365877755.0,1.03,-0.69,-0.008,2.26
2023-08-03,1.156,1.174,1.182,1.155,5950794,697418889.0,2.34,1.82,0.021,4.25
2023-08-04,1.175,1.181,1.185,1.169,5247469,618241107.0,1.36,0.6,0.007,3.75
2023-08-07,1.18,1.171,1.18,1.166,3209495,375432395.0,1.19,-0.85,-0.01,2.29
2023-08-08,1.18,1.16,1.182,1.158,3640524,424438707.0,2.05,-0.94,-0.011,2.6
2023-08-09,1.157,1.155,1.162,1.152,3265192,377412597.0,0.86,-0.43,-0.005,2.33
2023-08-10,1.155,1.169,1.174,1.155,4147076,483831355.0,1.65,1.21,0.014,2.96
2023-08-11,1.168,1.142,1.168,1.141,4625939,532988756.0,2.31,-2.31,-0.027,3.3
2023-08-14,1.131,1.134,1.135,1.117,4185361,471214869.0,1.58,-0.7,-0.008,2.99
2023-08-15,1.131,1.103,1.133,1.097,7615532,844414559.0,3.17,-2.73,-0.031,5.44
2023-08-16,1.097,1.086,1.11,1.085,4423753,484792888.0,2.27,-1.54,-0.017,3.16
2023-08-17,1.081,1.088,1.091,1.071,4084297,441923751.0,1.84,0.18,0.002,2.92
2023-08-18,1.088,1.083,1.101,1.08,4077163,444639531.0,1.93,-0.46,-0.005,2.91
2023-08-21,1.077,1.052,1.077,1.05,5298427,561934204.0,2.49,-2.86,-0.031,3.78
2023-08-22,1.055,1.041,1.059,1.017,6673321,690703278.0,3.99,-1.05,-0.011,4.77
2023-08-23,1.034,1.009,1.035,1.008,4566063,466198595.0,2.59,-3.07,-0.032,3.26
2023-08-24,1.01,1.033,1.043,1.01,6026670,619491750.0,3.27,2.38,0.024,4.3
2023-08-25,1.024,1.025,1.04,1.017,3949804,405538560.0,2.23,-0.77,-0.008,2.82
2023-08-28,1.09,1.04,1.097,1.033,8015408,847117938.0,6.24,1.46,0.015,5.72
2023-08-29,1.034,1.063,1.065,1.033,5011223,527642293.0,3.08,2.21,0.023,3.58
2023-08-30,1.062,1.064,1.079,1.058,4241910,453058095.0,1.98,0.09,0.001,3.03
2023-08-31,1.063,1.051,1.063,1.048,3491449,367720973.0,1.41,-1.22,-0.013,2.49
2023-09-01,1.052,1.05,1.057,1.047,1906384,200196468.0,0.95,-0.1,-0.001,1.36
2023-09-04,1.053,1.057,1.061,1.04,3609470,379765595.0,2.0,0.67,0.007,2.58
2023-09-05,1.055,1.066,1.074,1.045,4911143,521401957.0,2.74,0.85,0.009,3.51
2023-09-06,1.06,1.054,1.064,1.047,4147156,436958649.0,1.59,-1.13,-0.012,2.96
2023-09-07,1.05,1.022,1.05,1.021,6511178,671203806.0,2.75,-3.04,-0.032,4.65
2023-09-08,1.019,1.01,1.024,1.007,3532906,357404906.0,1.66,-1.17,-0.012,2.52
2023-09-11,1.011,1.019,1.025,1.003,3038018,308656187.0,2.18,0.89,0.009,2.17
2023-09-12,1.017,1.021,1.028,1.01,2977054,303502844.0,1.77,0.2,0.002,2.13
2023-09-13,1.018,1.009,1.023,1.003,3736874,377394963.0,1.96,-1.18,-0.012,2.67
2023-09-14,1.007,0.996,1.008,0.995,3829241,382697057.0,1.29,-1.29,-0.013,2.73
2023-09-15,1.0,0.991,1.004,0.988,3249438,323095612.0,1.61,-0.5,-0.005,2.32
2023-09-18,0.987,0.998,1.007,0.981,3968074,395118690.0,2.62,0.71,0.007,2.83
2023-09-19,0.995,0.982,0.997,0.979,3701648,364734986.0,1.8,-1.6,-0.016,2.64
2023-09-20,0.981,0.972,0.983,0.971,2974754,290231637.0,1.22,-1.02,-0.01,2.12
2023-09-21,0.967,0.961,0.974,0.961,3192215,308518923.0,1.34,-1.13,-0.011,2.28
2023-09-22,0.959,0.979,0.98,0.958,4030015,390948163.0,2.29,1.87,0.018,2.88
2023-09-25,0.975,0.979,0.984,0.965,3862700,376244437.0,1.94,0.0,0.0,2.76
2023-09-26,0.979,0.976,0.984,0.973,3141724,307205125.0,1.12,-0.31,-0.003,2.24
2023-09-27,0.977,1.01,1.018,0.977,7241039,726884167.0,4.2,3.48,0.034,5.17
2023-09-28,1.004,1.011,1.015,1.003,3175380,320619614.0,1.19,0.1,0.001,2.27
2023-10-09,1.008,1.005,1.009,0.996,3369958,337761379.0,1.29,-0.59,-0.006,2.41
2023-10-10,1.005,0.992,1.008,0.989,2883487,287498241.0,1.89,-1.29,-0.013,2.06
2023-10-11,0.998,0.994,1.01,0.988,3428436,342468142.0,2.22,0.2,0.002,2.45
2023-10-12,0.999,1.007,1.01,0.991,4885263,489102054.0,1.91,1.31,0.013,3.49
2023-10-13,0.999,0.988,1.0,0.98,4083318,402999037.0,1.99,-1.89,-0.019,2.92
2023-10-16,0.985,0.967,0.99,0.962,3411324,331605643.0,2.83,-2.13,-0.021,2.44
2023-10-17,0.969,0.968,0.975,0.96,2585748,250205017.0,1.55,0.1,0.001,1.85
2023-10-18,0.965,0.951,0.966,0.95,2952699,282104659.0,1.65,-1.76,-0.017,2.11
2023-10-19,0.948,0.945,0.955,0.939,3864061,365723754.0,1.68,-0.63,-0.006,2.76
2023-10-20,0.939,0.946,0.959,0.936,4174292,396592593.0,2.43,0.11,0.001,2.98
2023-10-23,0.943,0.914,0.945,0.911,5520664,510172116.0,3.59,-3.38,-0.032,3.94
2023-10-24,0.918,0.922,0.925,0.907,3604219,330686666.0,1.97,0.88,0.008,2.57
2023-10-25,0.927,0.916,0.936,0.913,4721354,435774637.0,2.49,-0.65,-0.006,3.37
2023-10-26,0.905,0.898,0.905,0.881,5396835,481171509.0,2.62,-1.97,-0.018,3.85
2023-10-27,0.891,0.929,0.934,0.89,6455050,589927418.0,4.9,3.45,0.031,4.61
2023-10-30,0.923,0.939,0.942,0.92,5193079,483278761.0,2.37,1.08,0.01,3.71
2023-10-31,0.931,0.922,0.937,0.915,3664809,338493584.0,2.34,-1.81,-0.017,2.62
2023-11-01,0.923,0.908,0.924,0.905,3408881,310724335.0,2.06,-1.52,-0.014,2.43
2023-11-02,0.907,0.887,0.911,0.885,4043200,362392276.0,2.86,-2.31,-0.021,2.89
2023-11-03,0.888,0.906,0.909,0.888,4923302,444502107.0,2.37,2.14,0.019,3.52
2023-11-06,0.91,0.935,0.939,0.908,5750933,534765168.0,3.42,3.2,0.029,4.11
2023-11-07,0.93,0.936,0.939,0.922,3083083,286832096.0,1.82,0.11,0.001,2.2
2023-11-08,0.932,0.936,0.944,0.929,7874490,737595259.0,1.6,0.0,0.0,5.62
2023-11-09,0.936,0.959,0.965,0.933,8496525,811766413.0,3.42,2.46,0.023,6.07
2023-11-10,0.952,0.941,0.952,0.936,4270630,402157921.0,1.67,-1.88,-0.018,3.05
2023-11-13,0.945,0.95,0.953,0.939,3383253,319980329.0,1.49,0.96,0.009,2.42
2023-11-14,0.953,0.946,0.958,0.941,5133611,486312359.0,1.79,-0.42,-0.004,3.67
2023-11-15,0.96,0.962,0.971,0.954,6667591,641584130.0,1.8,1.69,0.016,4.76
2023-11-16,0.959,0.932,0.959,0.932,7815267,734112844.0,2.81,-3.12,-0.03,5.58
2023-11-17,0.926,0.934,0.938,0.926,3637722,339038540.0,1.29,0.21,0.002,2.6
2023-11-20,0.935,0.935,0.939,0.922,3374316,313731441.0,1.82,0.11,0.001,2.41
2023-11-21,0.938,0.927,0.942,0.926,3016573,282047364.0,1.71,-0.86,-0.008,2.15
2023-11-22,0.923,0.908,0.926,0.907,3070297,281342734.0,2.05,-2.05,-0.019,2.19
2023-11-23,0.908,0.913,0.914,0.904,3111333,282986541.0,1.1,0.55,0.005,2.22
2023-11-24,0.911,0.896,0.911,0.896,3577563,322494670.0,1.64,-1.86,-0.017,2.55
2023-11-27,0.895,0.882,0.896,0.879,4380699,387207110.0,1.9,-1.56,-0.014,3.13
2023-11-28,0.882,0.885,0.889,0.877,2779776,245345730.0,1.36,0.34,0.003,1.99
2023-11-29,0.884,0.873,0.886,0.871,3371086,295683018.0,1.69,-1.36,-0.012,2.41
2023-11-30,0.876,0.865,0.878,0.864,3561281,309877303.0,1.6,-0.92,-0.008,2.54
2023-12-01,0.865,0.862,0.866,0.852,4083179,350919099.0,1.62,-0.35,-0.003,2.92
2023-12-04,0.864,0.85,0.865,0.849,3337945,285752505.0,1.86,-1.39,-0.012,2.38
2023-12-05,0.848,0.833,0.857,0.833,4029729,341064934.0,2.82,-2.0,-0.017,2.88
2023-12-06,0.832,0.846,0.853,0.828,4235131,357981245.0,3.0,1.56,0.013,3.02
2023-12-07,0.842,0.835,0.843,0.828,3805987,317340878.0,1.77,-1.3,-0.011,2.72
2023-12-08,0.838,0.835,0.842,0.831,2896167,242303049.0,1.32,0.0,0.0,2.07
2023-12-11,0.83,0.838,0.838,0.817,3936411,324751577.0,2.51,0.36,0.003,2.81
2023-12-12,0.833,0.83,0.838,0.827,3012426,250424831.0,1.31,-0.95,-0.008,2.15
2023-12-13,0.826,0.808,0.826,0.808,4138696,337354059.0,2.17,-2.65,-0.022,2.96
2023-12-14,0.812,0.807,0.822,0.805,3357768,272736040.0,2.1,-0.12,-0.001,2.4
2023-12-15,0.812,0.812,0.827,0.808,5807970,474475749.0,2.35,0.62,0.005,4.15
2023-12-18,0.806,0.791,0.812,0.79,4019190,321401175.0,2.71,-2.59,-0.021,2.87
2023-12-19,0.79,0.802,0.81,0.788,6052500,484619690.0,2.78,1.39,0.011,4.32
2023-12-20,0.805,0.794,0.805,0.793,2959898,236447264.0,1.5,-1.0,-0.008,2.11
2023-12-21,0.791,0.822,0.828,0.788,10403844,844291956.0,5.04,3.53,0.028,7.43
2023-12-22,0.817,0.834,0.843,0.809,9950947,822040970.0,4.14,1.46,0.012,7.11
2023-12-25,0.829,0.834,0.84,0.828,3290570,274123338.0,1.44,0.0,0.0,2.35
2023-12-26,0.833,0.834,0.839,0.827,4337624,361158902.0,1.44,0.0,0.0,3.1
2023-12-27,0.835,0.829,0.836,0.82,5167832,426781110.0,1.92,-0.6,-0.005,3.69
2023-12-28,0.827,0.901,0.902,0.824,15815372,1388936421.0,9.41,8.69,0.072,11.29
2023-12-29,0.893,0.89,0.895,0.883,8782462,780743692.0,1.33,-1.22,-0.011,6.27
2024-01-02,0.886,0.872,0.888,0.871,5824452,511128583.0,1.91,-2.02,-0.018,4.16
2024-01-03,0.87,0.876,0.88,0.866,5534436,482769328.0,1.61,0.46,0.004,3.95
2024-01-04,0.872,0.857,0.872,0.851,5840448,502302052.0,2.4,-2.17,-0.019,4.17
2024-01-05,0.855,0.844,0.87,0.836,6698345,570570869.0,3.97,-1.52,-0.013,4.78
2024-01-08,0.84,0.838,0.856,0.835,5808724,490727417.0,2.49,-0.71,-0.006,4.15
2024-01-09,0.84,0.855,0.874,0.827,8825301,752064968.0,5.61,2.03,0.017,6.3
2024-01-10,0.846,0.867,0.883,0.843,10094223,876539533.0,4.68,1.4,0.012,7.21
2024-01-11,0.863,0.879,0.882,0.861,8038322,702004605.0,2.42,1.38,0.012,5.74
2024-01-12,0.877,0.88,0.903,0.87,10741099,954838519.0,3.75,0.11,0.001,7.67
2024-01-15,0.874,0.872,0.887,0.868,5691882,498538976.0,2.16,-0.91,-0.008,4.06
2024-01-16,0.87,0.888,0.892,0.862,7827212,688998117.0,3.44,1.83,0.016,5.59
2024-01-17,0.883,0.857,0.885,0.856,6264028,544698040.0,3.27,-3.49,-0.031,4.47
2024-01-18,0.85,0.896,0.897,0.845,12068977,1056691967.0,6.07,4.55,0.039,8.62
2024-01-19,0.895,0.872,0.903,0.872,9675664,855433915.0,3.46,-2.68,-0.024,6.91
2024-01-22,0.867,0.847,0.875,0.841,8791584,753532228.0,3.9,-2.87,-0.025,6.28
2024-01-23,0.847,0.864,0.88,0.84,9723913,839639774.0,4.72,2.01,0.017,6.94
2024-01-24,0.865,0.855,0.867,0.828,8397116,710927003.0,4.51,-1.04,-0.009,6.0
2024-01-25,0.848,0.863,0.864,0.83,9506825,807347489.0,3.98,0.94,0.008,6.79
2024-01-26,0.854,0.846,0.866,0.844,6473449,553050388.0,2.55,-1.97,-0.017,4.62
2024-01-29,0.839,0.792,0.84,0.791,10527187,851745493.0,5.79,-6.38,-0.054,7.52
2024-01-30,0.785,0.776,0.799,0.775,7304143,575295895.0,3.03,-2.02,-0.016,5.22
2024-01-31,0.772,0.757,0.786,0.756,6135031,472033087.0,3.87,-2.45,-0.019,4.38
2024-02-01,0.752,0.771,0.786,0.751,6957177,537562753.0,4.62,1.85,0.014,4.97
2024-02-02,0.767,0.739,0.772,0.718,6390635,477912226.0,7.0,-4.15,-0.032,4.56
2024-02-05,0.732,0.718,0.738,0.69,5935499,426647047.0,6.5,-2.84,-0.021,4.24
2024-02-06,0.711,0.765,0.766,0.708,6925769,515191409.0,8.08,6.55,0.047,4.95
2024-02-07,0.766,0.783,0.791,0.765,4938910,386203845.0,3.4,2.35,0.018,3.53
2024-02-08,0.796,0.801,0.805,0.785,4253866,339441290.0,2.55,2.3,0.018,3.04
2024-02-19,0.801,0.8,0.804,0.791,3313638,264464331.0,1.62,-0.12,-0.001,2.37
2024-02-20,0.795,0.794,0.796,0.782,2493336,196716741.0,1.75,-0.75,-0.006,1.78
2024-02-21,0.787,0.805,0.821,0.784,4432318,357737098.0,4.66,1.39,0.011,3.17
2024-02-22,0.803,0.813,0.825,0.803,4125842,335331462.0,2.73,0.99,0.008,2.95
2024-02-23,0.819,0.824,0.832,0.815,5709455,470333305.0,2.09,1.35,0.011,4.08
2024-02-26,0.822,0.818,0.829,0.811,3518697,288034355.0,2.18,-0.73,-0.006,2.51
2024-02-27,0.814,0.832,0.832,0.812,4294816,353537058.0,2.44,1.71,0.014,3.07
2024-02-28,0.838,0.817,0.864,0.815,9067772,763001820.0,5.89,-1.8,-0.015,6.48
2024-02-29,0.81,0.844,0.845,0.806,5737969,476696689.0,4.77,3.3,0.027,4.1
2024-03-01,0.846,0.858,0.858,0.835,5470991,464258223.0,2.73,1.66,0.014,3.91
2024-03-04,0.858,0.862,0.87,0.853,4243873,364995914.0,1.98,0.47,0.004,3.03
2024-03-05,0.855,0.85,0.856,0.844,3642863,309413379.0,1.39,-1.39,-0.012,2.6
2024-03-06,0.846,0.874,0.89,0.844,7738315,673463931.0,5.41,2.82,0.024,5.53
2024-03-07,0.871,0.85,0.874,0.849,5575410,480488863.0,2.86,-2.75,-0.024,3.98
2024-03-08,0.852,0.882,0.883,0.852,7137213,624355851.0,3.65,3.76,0.032,5.1
2024-03-11,0.898,0.917,0.918,0.891,9716180,877703043.0,3.06,3.97,0.035,6.94
2024-03-12,0.917,0.911,0.925,0.907,6055033,552830231.0,1.96,-0.65,-0.006,4.32
2024-03-13,0.909,0.902,0.91,0.898,4369818,394514582.0,1.32,-0.99,-0.009,3.12
2024-03-14,0.899,0.89,0.904,0.882,4570691,408426993.0,2.44,-1.33,-0.012,3.26
2024-03-15,0.885,0.884,0.89,0.87,4181016,367354062.0,2.25,-0.67,-0.006,2.99
2024-03-18,0.888,0.9,0.9,0.883,4386548,390679329.0,1.92,1.81,0.016,3.13
2024-03-19,0.9,0.886,0.909,0.885,5154953,462274314.0,2.67,-1.56,-0.014,3.68
2024-03-20,0.886,0.887,0.899,0.881,4364545,386955201.0,2.03,0.11,0.001,3.12
2024-03-21,0.885,0.874,0.889,0.871,4178792,366335333.0,2.03,-1.47,-0.013,2.98
2024-03-22,0.871,0.85,0.872,0.849,5407485,462556935.0,2.63,-2.75,-0.024,3.86
2024-03-25,0.847,0.842,0.862,0.841,3433753,291818081.0,2.47,-0.94,-0.008,2.45
2024-03-26,0.84,0.853,0.856,0.836,4164460,352245715.0,2.38,1.31,0.011,2.97
2024-03-27,0.848,0.827,0.851,0.826,3963167,332651106.0,2.93,-3.05,-0.026,2.83
2024-03-28,0.827,0.833,0.844,0.826,4244075,354290978.0,2.18,0.73,0.006,3.03
2024-03-29,0.833,0.835,0.841,0.827,2890855,240895596.0,1.68,0.24,0.002,2.06
2024-04-01,0.84,0.869,0.87,0.838,5422879,466066142.0,3.83,4.07,0.034,3.87
2024-04-02,0.869,0.861,0.869,0.856,2868331,246941129.0,1.5,-0.92,-0.008,2.05
2024-04-03,0.86,0.857,0.861,0.85,2350773,200994174.0,1.28,-0.46,-0.004,1.68
2024-04-08,0.855,0.833,0.855,0.833,2895673,243890431.0,2.57,-2.8,-0.024,2.07
2024-04-09,0.832,0.839,0.842,0.829,2193871,183525528.0,1.56,0.72,0.006,1.57
2024-04-10,0.84,0.823,0.84,0.818,2569177,212070142.0,2.62,-1.91,-0.016,1.83
2024-04-11,0.818,0.822,0.83,0.813,2874133,236602731.0,2.07,-0.12,-0.001,2.05
2024-04-12,0.822,0.801,0.825,0.799,3367871,272767254.0,3.16,-2.55,-0.021,2.41
2024-04-15,0.8,0.811,0.82,0.799,3562413,289236548.0,2.62,1.25,0.01,2.54
2024-04-16,0.806,0.789,0.811,0.788,3024827,241336289.0,2.84,-2.71,-0.022,2.16
2024-04-17,0.792,0.809,0.81,0.792,3006727,241343810.0,2.28,2.53,0.02,2.15
2024-04-18,0.806,0.805,0.814,0.796,2407075,194121402.0,2.22,-0.49,-0.004,1.72
2024-04-19,0.8,0.782,0.801,0.778,3014689,236759615.0,2.86,-2.86,-0.023,2.15
2024-04-22,0.782,0.786,0.8,0.781,2818909,222651372.0,2.43,0.51,0.004,2.01
2024-04-23,0.791,0.777,0.798,0.773,2752902,214804443.0,3.18,-1.15,-0.009,1.97
2024-04-24,0.776,0.769,0.778,0.761,2833563,217462327.0,2.19,-1.03,-0.008,2.02
2024-04-25,0.765,0.767,0.776,0.757,3525111,270590866.0,2.47,-0.26,-0.002,2.52
2024-04-26,0.762,0.785,0.786,0.762,3624049,282030812.0,3.13,2.35,0.018,2.59
2024-04-29,0.785,0.812,0.82,0.783,6240657,502680991.0,4.71,3.44,0.027,4.46
2024-04-30,0.803,0.793,0.809,0.791,4367548,347626791.0,2.22,-2.34,-0.019,3.12
2024-05-06,0.801,0.805,0.811,0.801,4163835,335378449.0,1.26,1.51,0.012,2.97
2024-05-07,0.803,0.806,0.809,0.796,3367084,270765134.0,1.61,0.12,0.001,2.4
2024-05-08,0.802,0.793,0.804,0.792,3087175,245982702.0,1.49,-1.61,-0.013,2.2
2024-05-09,0.796,0.814,0.824,0.796,6095678,496132338.0,3.53,2.65,0.021,4.35
2024-05-10,0.814,0.81,0.815,0.799,4018731,323884543.0,1.97,-0.49,-0.004,2.87
2024-05-13,0.801,0.809,0.817,0.796,4058630,328124249.0,2.59,-0.12,-0.001,2.9
2024-05-14,0.809,0.801,0.812,0.8,3105984,249630945.0,1.48,-0.99,-0.008,2.22
2024-05-15,0.806,0.793,0.814,0.791,4298545,344069899.0,2.87,-1.0,-0.008,3.07
2024-05-16,0.792,0.791,0.8,0.787,4163182,330315621.0,1.64,-0.25,-0.002,2.97
2024-05-17,0.784,0.79,0.791,0.776,5732246,448260280.0,1.9,-0.13,-0.001,4.09
2024-05-20,0.786,0.792,0.798,0.786,3228225,255335268.0,1.52,0.25,0.002,2.31
2024-05-21,0.788,0.78,0.789,0.778,2972158,232397749.0,1.39,-1.52,-0.012,2.12
2024-05-22,0.786,0.829,0.835,0.786,13027667,1058808555.0,6.28,6.28,0.049,9.3
2024-05-23,0.821,0.807,0.823,0.804,8382061,680850067.0,2.29,-2.65,-0.022,5.99
2024-05-24,0.807,0.799,0.82,0.798,6405400,518648851.0,2.73,-0.99,-0.008,4.57
2024-05-27,0.8,0.795,0.802,0.781,5243859,413528115.0,2.63,-0.5,-0.004,3.74
2024-05-28,0.79,0.79,0.802,0.787,5398520,427800348.0,1.89,-0.63,-0.005,3.86
2024-05-29,0.796,0.808,0.824,0.796,11079930,901415466.0,3.54,2.28,0.018,7.91
2024-05-30,0.815,0.805,0.819,0.803,7381521,597278478.0,1.98,-0.37,-0.003,5.27
2024-05-31,0.805,0.794,0.809,0.792,5488934,438912993.0,2.11,-1.37,-0.011,3.92
2024-06-03,0.79,0.788,0.792,0.78,5189770,407353649.0,1.51,-0.76,-0.006,3.71
2024-06-04,0.785,0.8,0.802,0.78,4999768,395926837.0,2.79,1.52,0.012,3.57
2024-06-05,0.797,0.789,0.801,0.788,4345237,345588806.0,1.63,-1.38,-0.011,3.1
2024-06-06,0.788,0.769,0.796,0.767,7111762,553713661.0,3.68,-2.53,-0.02,5.08
2024-06-07,0.769,0.758,0.773,0.75,5888057,447395578.0,2.99,-1.43,-0.011,4.2
2024-06-11,0.754,0.763,0.765,0.748,3636160,275120641.0,2.24,0.66,0.005,2.6
2024-06-12,0.761,0.76,0.762,0.756,2840104,215519797.0,0.79,-0.39,-0.003,2.03
2024-06-13,0.761,0.758,0.765,0.757,3181301,242121369.0,1.05,-0.26,-0.002,2.27
2024-06-14,0.757,0.755,0.76,0.748,3839765,289760022.0,1.58,-0.4,-0.003,2.74
2024-06-17,0.75,0.753,0.757,0.743,4040830,303504209.0,1.85,-0.26,-0.002,2.89
2024-06-18,0.752,0.759,0.765,0.75,4760308,360935384.0,1.99,0.8,0.006,3.4
2024-06-19,0.757,0.743,0.76,0.742,4544590,338945611.0,2.37,-2.11,-0.016,3.25
2024-06-20,0.742,0.723,0.742,0.722,4847276,353480803.0,2.69,-2.69,-0.02,3.46
2024-06-21,0.726,0.723,0.733,0.719,4733286,343298996.0,1.94,0.0,0.0,3.38
2024-06-24,0.716,0.705,0.717,0.704,4441417,315571196.0,1.8,-2.49,-0.018,3.17
2024-06-25,0.706,0.688,0.708,0.684,5054637,350508216.0,3.4,-2.41,-0.017,3.61
2024-06-26,0.688,0.699,0.699,0.681,6539535,451433338.0,2.62,1.6,0.011,4.67
2024-06-27,0.694,0.682,0.695,0.681,3866865,265627353.0,2.0,-2.43,-0.017,2.76
2024-06-28,0.682,0.68,0.691,0.677,3845143,263619615.0,2.05,-0.29,-0.002,2.75
2024-07-01,0.682,0.687,0.691,0.677,3982768,272195116.0,2.06,1.03,0.007,2.84
2024-07-02,0.682,0.671,0.683,0.67,4932254,332859469.0,1.89,-2.33,-0.016,3.52
2024-07-03,0.671,0.67,0.675,0.664,4117557,275719269.0,1.64,-0.15,-0.001,2.94
2024-07-04,0.671,0.655,0.672,0.653,4536870,299965108.0,2.84,-2.24,-0.015,3.24
2024-07-05,0.653,0.661,0.665,0.652,4777263,314749968.0,1.98,0.92,0.006,3.41
2024-07-08,0.655,0.64,0.657,0.637,4108131,265122716.0,3.03,-3.18,-0.021,2.93
2024-07-09,0.638,0.643,0.646,0.629,4924453,313586599.0,2.66,0.47,0.003,3.52
2024-07-10,0.633,0.644,0.658,0.63,4767821,308816937.0,4.35,0.16,0.001,3.4
2024-07-11,0.65,0.668,0.673,0.649,6261888,414419650.0,3.73,3.73,0.024,4.47
2024-07-12,0.667,0.672,0.681,0.665,5584208,375940376.0,2.4,0.6,0.004,3.99
2024-07-15,0.669,0.663,0.671,0.662,3305105,219926761.0,1.34,-1.34,-0.009,2.36
2024-07-16,0.662,0.679,0.68,0.661,4572892,306702864.0,2.87,2.41,0.016,3.27
2024-07-17,0.686,0.678,0.69,0.677,4007408,273567620.0,1.91,-0.15,-0.001,2.86
2024-07-18,0.671,0.681,0.687,0.664,4640656,313725690.0,3.39,0.44,0.003,3.31
2024-07-19,0.676,0.692,0.693,0.676,4482344,307390140.0,2.5,1.62,0.011,3.2
2024-07-22,0.688,0.692,0.699,0.687,3853245,266676135.0,1.73,0.0,0.0,2.75
2024-07-23,0.688,0.673,0.691,0.673,4971041,339800070.0,2.6,-2.75,-0.019,3.55
2024-07-24,0.671,0.661,0.676,0.66,3350448,223198575.0,2.38,-1.78,-0.012,2.39
2024-07-25,0.66,0.679,0.689,0.658,6079875,411148208.0,4.69,2.72,0.018,4.34
2024-07-26,0.675,0.681,0.683,0.673,3629668,246621974.0,1.47,0.29,0.002,2.59
2024-07-29,0.68,0.667,0.681,0.666,2676081,179369560.0,2.2,-2.06,-0.014,1.91
2024-07-30,0.665,0.665,0.672,0.66,2866044,190355777.0,1.8,-0.3,-0.002,2.05
2024-07-31,0.666,0.69,0.691,0.658,4677021,317489121.0,4.96,3.76,0.025,3.34
2024-08-01,0.689,0.682,0.69,0.68,3507184,240255928.0,1.45,-1.16,-0.008,2.5
2024-08-02,0.679,0.671,0.685,0.67,3364282,228106801.0,2.2,-1.61,-0.011,2.4
2024-08-05,0.669,0.664,0.688,0.662,3829741,259401963.0,3.87,-1.04,-0.007,2.73
2024-08-06,0.671,0.689,0.691,0.671,5571123,381604248.0,3.01,3.77,0.025,3.98
2024-08-07,0.685,0.687,0.692,0.681,3223036,221118755.0,1.6,-0.29,-0.002,2.3
2024-08-08,0.685,0.684,0.689,0.679,2755842,188497272.0,1.46,-0.44,-0.003,1.97
2024-08-09,0.686,0.674,0.688,0.673,3472465,235894555.0,2.19,-1.46,-0.01,2.48
2024-08-12,0.682,0.672,0.685,0.669,3022250,203739347.0,2.37,-0.3,-0.002,2.16
2024-08-13,0.668,0.672,0.677,0.662,3300224,220652549.0,2.23,0.0,0.0,2.36
2024-08-14,0.675,0.665,0.681,0.664,2713233,181805906.0,2.53,-1.04,-0.007,1.94
2024-08-15,0.662,0.674,0.682,0.659,3626370,243176862.0,3.46,1.35,0.009,2.59
2024-08-16,0.673,0.665,0.673,0.664,2344022,156598091.0,1.34,-1.34,-0.009,1.67
2024-08-19,0.663,0.658,0.666,0.657,2210939,146041843.0,1.35,-1.05,-0.007,1.58
2024-08-20,0.658,0.649,0.659,0.646,2462478,160610148.0,1.98,-1.37,-0.009,1.76
2024-08-21,0.646,0.643,0.65,0.642,2390847,154494383.0,1.23,-0.92,-0.006,1.71
2024-08-22,0.644,0.632,0.646,0.63,2346840,149073549.0,2.49,-1.71,-0.011,1.68
2024-08-23,0.63,0.63,0.636,0.628,1896433,119828429.0,1.27,-0.32,-0.002,1.35
2024-08-26,0.631,0.639,0.647,0.631,2811107,179915777.0,2.54,1.43,0.009,2.01
2024-08-27,0.637,0.631,0.64,0.624,3575419,225987868.0,2.5,-1.25,-0.008,2.55
2024-08-28,0.63,0.633,0.636,0.626,2533832,159875119.0,1.58,0.32,0.002,1.81
2024-08-29,0.631,0.658,0.663,0.629,5455361,355008168.0,5.37,3.95,0.025,3.9
2024-08-30,0.654,0.666,0.675,0.652,4430591,294214355.0,3.5,1.22,0.008,3.16
2024-09-02,0.662,0.65,0.671,0.649,3880081,255667597.0,3.3,-2.4,-0.016,2.77
2024-09-03,0.651,0.66,0.664,0.646,3394495,222906553.0,2.77,1.54,0.01,2.42
2024-09-04,0.654,0.66,0.67,0.654,2918214,193328019.0,2.42,0.0,0.0,2.08
2024-09-05,0.66,0.666,0.674,0.659,3150191,210196105.0,2.27,0.91,0.006,2.25
2024-09-06,0.665,0.651,0.665,0.65,2170662,142211765.0,2.25,-2.25,-0.015,1.55
2024-09-09,0.648,0.644,0.654,0.641,2396209,155096746.0,2.0,-1.08,-0.007,1.71
2024-09-10,0.646,0.645,0.648,0.636,2963584,190344035.0,1.86,0.16,0.001,2.12
2024-09-11,0.642,0.654,0.657,0.64,3286825,214028158.0,2.64,1.4,0.009,2.35
2024-09-12,0.655,0.655,0.674,0.653,3287354,218072575.0,3.21,0.15,0.001,2.35
2024-09-13,0.653,0.643,0.657,0.642,2340077,151714349.0,2.29,-1.83,-0.012,1.67
2024-09-18,0.642,0.638,0.642,0.632,2495065,158947474.0,1.56,-0.78,-0.005,1.78
2024-09-19,0.641,0.647,0.656,0.635,3167689,204652333.0,3.29,1.41,0.009,2.26
2024-09-20,0.644,0.637,0.645,0.631,3796524,240901164.0,2.16,-1.55,-0.01,2.71
2024-09-23,0.634,0.628,0.638,0.626,2821944,177943042.0,1.88,-1.41,-0.009,2.02
2024-09-24,0.63,0.654,0.654,0.626,5953733,381240513.0,4.46,4.14,0.026,4.25
2024-09-25,0.659,0.659,0.677,0.658,5879611,392098885.0,2.91,0.76,0.005,4.2
2024-09-26,0.657,0.687,0.687,0.652,5022789,335813895.0,5.31,4.25,0.028,3.59
2024-09-27,0.697,0.745,0.745,0.696,5989106,430157536.0,7.13,8.44,0.058,4.28
2024-09-30,0.788,0.82,0.82,0.76,11299985,898218879.0,8.05,10.07,0.075,8.07
2024-10-08,0.902,0.902,0.902,0.85,17317333,1547411660.0,6.34,10.0,0.082,12.37
2024-10-09,0.88,0.813,0.887,0.812,10222702,867125197.0,8.31,-9.87,-0.089,7.3
2024-10-10,0.813,0.814,0.838,0.801,6848982,562557297.0,4.55,0.12,0.001,4.89
2024-10-11,0.807,0.776,0.807,0.766,4986488,390383650.0,5.04,-4.67,-0.038,3.56
2024-10-14,0.777,0.79,0.795,0.766,6040295,471639615.0,3.74,1.8,0.014,4.31
2024-10-15,0.779,0.77,0.792,0.769,4678945,364870824.0,2.91,-2.53,-0.02,3.34
2024-10-16,0.758,0.75,0.764,0.745,4104634,309861921.0,2.47,-2.6,-0.02,2.93
2024-10-17,0.753,0.739,0.758,0.738,3783941,283307466.0,2.67,-1.47,-0.011,2.7
2024-10-18,0.736,0.773,0.793,0.734,7473092,566410863.0,7.98,4.6,0.034,5.34
2024-10-21,0.782,0.8,0.822,0.782,10653983,852112093.0,5.17,3.49,0.027,7.61
2024-10-22,0.788,0.819,0.826,0.778,13549021,1090829781.0,6.0,2.38,0.019,9.68
2024-10-23,0.815,0.861,0.889,0.809,27765794,2378372276.0,9.77,5.13,0.042,19.83
2024-10-24,0.853,0.829,0.854,0.827,12875242,1079095981.0,3.14,-3.72,-0.032,9.19
2024-10-25,0.827,0.905,0.912,0.827,30286485,2692523804.0,10.25,9.17,0.076,21.63
2024-10-28,0.905,0.891,0.905,0.87,20699675,1830385985.0,3.87,-1.55,-0.014,14.78
2024-10-29,0.912,0.866,0.93,0.866,16072126,1433557908.0,7.18,-2.81,-0.025,11.48
2024-10-30,0.852,0.876,0.887,0.847,9546784,834811038.0,4.62,1.15,0.01,6.82
2024-10-31,0.899,0.905,0.919,0.888,11777908,1065982319.0,3.54,3.31,0.029,8.41
2024-11-01,0.904,0.878,0.906,0.87,8828766,783245094.0,3.98,-2.98,-0.027,6.3
2024-11-04,0.873,0.885,0.894,0.871,7307752,646686232.0,2.62,0.8,0.007,5.22
2024-11-05,0.886,0.905,0.906,0.873,9914926,887747300.0,3.73,2.26,0.02,7.08
2024-11-06,0.905,0.895,0.926,0.888,11599158,1051465169.0,4.2,-1.1,-0.01,8.28
2024-11-07,0.87,0.889,0.891,0.853,11708614,1019672596.0,4.25,-0.67,-0.006,8.36
2024-11-08,0.892,0.894,0.906,0.889,10846974,974180357.0,1.91,0.56,0.005,7.75
2024-11-11,0.887,0.916,0.92,0.882,8769516,795946268.0,4.25,2.46,0.022,6.26
2024-11-12,0.919,0.902,0.935,0.895,9232774,848645255.0,4.37,-1.53,-0.014,6.59
2024-11-13,0.895,0.908,0.909,0.889,6192730,556749377.0,2.22,0.67,0.006,4.42
2024-11-14,0.91,0.882,0.915,0.88,5668257,509851238.0,3.85,-2.86,-0.026,4.05
2024-11-15,0.878,0.851,0.886,0.85,7786491,675475582.0,4.08,-3.51,-0.031,5.56
2024-11-18,0.845,0.833,0.856,0.828,4823471,406039270.0,3.29,-2.12,-0.018,3.44
2024-11-19,0.84,0.857,0.857,0.829,4508259,381647591.0,3.36,2.88,0.024,3.22
2024-11-20,0.854,0.853,0.856,0.842,4164762,353834273.0,1.63,-0.47,-0.004,2.97
2024-11-21,0.867,0.853,0.872,0.846,5314445,455063621.0,3.05,0.0,0.0,3.8
2024-11-22,0.846,0.815,0.848,0.814,4637688,386523756.0,3.99,-4.45,-0.038,3.31
2024-11-25,0.81,0.818,0.821,0.807,3391160,276147500.0,1.72,0.37,0.003,2.42
2024-11-26,0.82,0.816,0.837,0.813,4822709,397200865.0,2.93,-0.24,-0.002,3.44
2024-11-27,0.813,0.834,0.835,0.805,3675084,300894738.0,3.68,2.21,0.018,2.62
2024-11-28,0.832,0.831,0.844,0.828,3605081,301287512.0,1.92,-0.36,-0.003,2.57
2024-11-29,0.83,0.842,0.848,0.825,4329916,363151705.0,2.77,1.32,0.011,3.09
2024-12-02,0.83,0.846,0.847,0.818,4534052,379093981.0,3.44,0.48,0.004,3.24
2024-12-03,0.847,0.847,0.852,0.837,4645340,391795390.0,1.77,0.12,0.001,3.32
2024-12-04,0.844,0.823,0.845,0.82,4327929,358809427.0,2.95,-2.83,-0.024,3.09
2024-12-05,0.822,0.823,0.825,0.816,3487251,286230711.0,1.09,0.0,0.0,2.49
2024-12-06,0.822,0.827,0.828,0.802,6639099,541181412.0,3.16,0.49,0.004,4.74
2024-12-09,0.824,0.815,0.825,0.811,3923476,320747085.0,1.69,-1.45,-0.012,2.8
2024-12-10,0.836,0.817,0.84,0.815,4346471,359405413.0,3.07,0.25,0.002,3.1
2024-12-11,0.817,0.822,0.824,0.814,2496769,204744710.0,1.22,0.61,0.005,1.78
2024-12-12,0.823,0.825,0.828,0.815,2630246,215996850.0,1.58,0.36,0.003,1.88
2024-12-13,0.821,0.802,0.822,0.801,4023804,325495837.0,2.55,-2.79,-0.023,2.87
2024-12-16,0.801,0.789,0.803,0.785,2939353,232494556.0,2.24,-1.62,-0.013,2.1
2024-12-17,0.787,0.784,0.794,0.782,2666319,209951388.0,1.52,-0.63,-0.005,1.9
2024-12-18,0.786,0.783,0.789,0.78,2637503,206674497.0,1.15,-0.13,-0.001,1.88
2024-12-19,0.775,0.781,0.782,0.77,3193206,247954917.0,1.53,-0.26,-0.002,2.28
2024-12-20,0.781,0.776,0.784,0.775,2978946,231954010.0,1.15,-0.64,-0.005,2.13
2024-12-23,0.776,0.777,0.792,0.775,4898320,383613934.0,2.19,0.13,0.001,3.5
2024-12-24,0.778,0.789,0.793,0.777,4180602,329376781.0,2.06,1.54,0.012,2.99
2024-12-25,0.796,0.783,0.798,0.778,5010555,392996324.0,2.53,-0.76,-0.006,3.58
2024-12-26,0.785,0.783,0.786,0.779,3599745,281716956.0,0.89,0.0,0.0,2.57
2024-12-27,0.779,0.777,0.787,0.774,4657826,363241679.0,1.66,-0.77,-0.006,3.33
2024-12-30,0.774,0.778,0.781,0.771,3574326,277452336.0,1.29,0.13,0.001,2.55
2024-12-31,0.777,0.757,0.786,0.756,5222653,401068223.0,3.86,-2.7,-0.021,3.73
2025-01-02,0.757,0.739,0.76,0.733,4286159,320218320.0,3.57,-2.38,-0.018,3.06
2025-01-03,0.742,0.721,0.745,0.72,4215306,309162468.0,3.38,-2.44,-0.018,3.01
2025-01-06,0.721,0.725,0.734,0.717,3988869,289615794.0,2.36,0.55,0.004,2.85
2025-01-07,0.724,0.728,0.73,0.719,2953624,214037386.0,1.52,0.41,0.003,2.11
2025-01-08,0.728,0.727,0.733,0.712,3263734,236302364.0,2.88,-0.14,-0.001,2.33
2025-01-09,0.722,0.723,0.736,0.721,3423073,249040482.0,2.06,-0.55,-0.004,2.44
2025-01-10,0.722,0.698,0.723,0.698,4642509,329110014.0,3.46,-3.46,-0.025,3.32
2025-01-13,0.695,0.7,0.707,0.692,2912087,203969707.0,2.15,0.29,0.002,2.08
2025-01-14,0.702,0.725,0.727,0.699,4480544,320268129.0,4.0,3.57,0.025,3.2
2025-01-15,0.724,0.731,0.742,0.714,5974092,434752937.0,3.86,0.83,0.006,4.27
2025-01-16,0.728,0.738,0.746,0.728,4455270,328307066.0,2.46,0.96,0.007,3.18
2025-01-17,0.733,0.736,0.742,0.729,3100628,227996549.0,1.76,-0.27,-0.002,2.21
2025-01-20,0.739,0.74,0.748,0.738,3327719,247211246.0,1.36,0.54,0.004,2.38
2025-01-21,0.743,0.73,0.745,0.726,3160632,230952828.0,2.57,-1.35,-0.01,2.26
2025-01-22,0.726,0.719,0.727,0.715,2779268,200165182.0,1.64,-1.51,-0.011,1.98
2025-01-23,0.725,0.717,0.731,0.716,3289542,238274934.0,2.09,-0.28,-0.002,2.35
2025-01-24,0.716,0.729,0.731,0.712,4241386,307995070.0,2.65,1.67,0.012,3.03
2025-01-27,0.727,0.716,0.734,0.716,2591016,187325261.0,2.47,-1.78,-0.013,1.85
2025-02-05,0.719,0.715,0.725,0.709,2668564,191152183.0,2.23,-0.14,-0.001,1.91
2025-02-06,0.714,0.733,0.735,0.709,4940213,355893473.0,3.64,2.52,0.018,3.53
2025-02-07,0.731,0.759,0.769,0.729,10950073,825162221.0,5.46,3.55,0.026,7.82
2025-02-10,0.756,0.752,0.758,0.741,9420146,702859203.0,2.24,-0.92,-0.007,6.73
2025-02-11,0.75,0.737,0.751,0.733,5890829,434572325.0,2.39,-1.99,-0.015,4.21
2025-02-12,0.736,0.743,0.743,0.73,5131770,377860691.0,1.76,0.81,0.006,3.66
2025-02-13,0.741,0.733,0.742,0.732,6172159,455430826.0,1.35,-1.35,-0.01,4.41
2025-02-14,0.733,0.738,0.742,0.731,5136360,378900472.0,1.5,0.68,0.005,3.67
2025-02-17,0.739,0.745,0.746,0.734,5742984,425107250.0,1.63,0.95,0.007,4.1
2025-02-18,0.745,0.73,0.753,0.728,7182861,533600867.0,3.36,-2.01,-0.015,5.13
2025-02-19,0.725,0.741,0.742,0.724,6151004,451634215.0,2.47,1.51,0.011,4.39
2025-02-20,0.739,0.734,0.739,0.729,4733639,347112550.0,1.35,-0.94,-0.007,3.38
2025-02-21,0.734,0.741,0.741,0.726,5490490,403741205.0,2.04,0.95,0.007,3.92
2025-02-24,0.738,0.747,0.748,0.732,7309678,543181893.0,2.16,0.81,0.006,5.22
2025-02-25,0.74,0.747,0.753,0.736,6340170,473344563.0,2.28,0.0,0.0,4.53
2025-02-26,0.748,0.771,0.772,0.748,13857029,1054433737.0,3.21,3.21,0.024,9.9
2025-02-27,0.771,0.76,0.771,0.751,9403015,714613012.0,2.59,-1.43,-0.011,6.71
2025-02-28,0.758,0.746,0.766,0.743,10029454,759855873.0,3.03,-1.84,-0.014,7.16
2025-03-03,0.745,0.752,0.763,0.745,9909655,748840543.0,2.41,0.8,0.006,7.08
2025-03-04,0.745,0.75,0.751,0.738,5780834,430556805.0,1.73,-0.27,-0.002,4.13
2025-03-05,0.749,0.737,0.749,0.732,7579082,558300188.0,2.27,-1.73,-0.013,5.41
2025-03-06,0.739,0.751,0.752,0.736,7567567,563862946.0,2.17,1.9,0.014,5.4
2025-03-07,0.747,0.744,0.753,0.737,8287375,616830112.0,2.13,-0.93,-0.007,5.92
2025-03-10,0.744,0.749,0.753,0.742,5216434,389875403.0,1.48,0.67,0.005,3.73
2025-03-11,0.742,0.751,0.751,0.737,8325734,619284698.0,1.87,0.27,0.002,5.95
2025-03-12,0.752,0.751,0.756,0.749,5112724,384783818.0,0.93,0.0,0.0,3.65
2025-03-13,0.751,0.744,0.754,0.739,5197971,387580244.0,2.0,-0.93,-0.007,3.71
2025-03-14,0.744,0.758,0.76,0.741,7112944,536085048.0,2.55,1.88,0.014,5.08
2025-03-17,0.762,0.762,0.77,0.759,8409521,642499974.0,1.45,0.53,0.004,6.01
2025-03-18,0.763,0.767,0.767,0.76,5433405,415349371.0,0.92,0.66,0.005,3.88
2025-03-19,0.764,0.761,0.769,0.755,7305859,555355037.0,1.83,-0.78,-0.006,5.22
2025-03-20,0.76,0.753,0.762,0.752,4742042,358966523.0,1.31,-1.05,-0.008,3.39
2025-03-21,0.752,0.744,0.758,0.743,6731273,504765658.0,1.99,-1.2,-0.009,4.81
2025-03-24,0.744,0.74,0.748,0.731,5238819,386983988.0,2.28,-0.54,-0.004,3.74
2025-03-25,0.74,0.748,0.753,0.739,7766545,580293884.0,1.89,1.08,0.008,5.55
2025-03-26,0.745,0.756,0.765,0.743,9581007,724641611.0,2.94,1.07,0.008,6.84
2025-03-27,0.754,0.745,0.754,0.742,5598921,418022437.0,1.59,-1.46,-0.011,4.0
2025-03-28,0.746,0.738,0.754,0.737,5100148,379381659.0,2.28,-0.94,-0.007,3.64
2025-03-31,0.736,0.716,0.737,0.712,6269703,452869135.0,3.39,-2.98,-0.022,4.48
2025-04-01,0.716,0.725,0.732,0.715,4497975,325975073.0,2.37,1.26,0.009,3.21
2025-04-02,0.723,0.723,0.729,0.719,3207236,232249904.0,1.38,-0.28,-0.002,2.29
2025-04-03,0.716,0.708,0.719,0.705,6623571,470406938.0,1.94,-2.07,-0.015,4.73
2025-04-07,0.669,0.637,0.669,0.637,5592693,361424114.0,4.52,-10.03,-0.071,3.99
2025-04-08,0.631,0.626,0.638,0.617,8002546,500825529.0,3.3,-1.73,-0.011,5.71
2025-04-09,0.615,0.631,0.634,0.599,5707003,353796274.0,5.59,0.8,0.005,4.08
2025-04-10,0.652,0.648,0.658,0.646,6335267,412809514.0,1.9,2.69,0.017,4.52
2025-04-11,0.643,0.65,0.655,0.642,3268591,212044037.0,2.01,0.31,0.002,2.33
2025-04-14,0.657,0.654,0.661,0.653,3157274,207520446.0,1.23,0.62,0.004,2.25
2025-04-15,0.654,0.651,0.655,0.646,2242254,145515423.0,1.38,-0.46,-0.003,1.6
2025-04-16,0.648,0.645,0.648,0.635,3056245,195986578.0,2.0,-0.92,-0.006,2.18
2025-04-17,0.642,0.644,0.649,0.641,2559778,165264960.0,1.24,-0.16,-0.001,1.83
2025-04-18,0.643,0.642,0.644,0.638,2586139,165680656.0,0.93,-0.31,-0.002,1.85
2025-04-21,0.642,0.645,0.645,0.636,2354298,151168789.0,1.4,0.47,0.003,1.68
2025-04-22,0.643,0.643,0.647,0.639,3592194,230815385.0,1.24,-0.31,-0.002,2.57
2025-04-23,0.645,0.646,0.652,0.642,4723648,305218774.0,1.56,0.47,0.003,3.37
2025-04-24,0.645,0.639,0.647,0.637,3724917,238791912.0,1.55,-1.08,-0.007,2.66
