code,alpha001
sh.600027,-0.15967556478676892
sh.600028,0.6096093081512428
sh.600029,-0.4657021542928862
sh.600030,-0.31191898252913103
sh.600031,-0.36298651088230516
sh.600032,-0.21514703258473586
sh.600033,-0.8143674858712335
sh.600035,0.46653158194012656
sh.600036,0.37587689989316586
sh.600037,-0.8172874071671267
sh.600038,-0.6602946044558878
sh.600039,-0.9810003328497114
sh.600048,-0.8968987317364019
sh.600176,-0.5465877728051446
sh.600177,-0.7289139442974925
sh.600178,-0.7691030669075836
sh.600179,-0.48363846715051534
sh.600180,-0.20560399986052072
sh.600182,0.10505373751226323
sh.600183,0.23437117284466158
sh.600184,-0.9217059231920819
sh.600185,0.4175942879624161
sh.600186,-0.368864578784562
sh.600187,-0.3043813493126318
sh.600188,-0.5772548853132403
sh.600050,-0.96286317660246
sh.600051,-0.2032716581457363
sh.600052,-0.975979448912174
sh.600053,-0.7559052466716278
sh.600054,-0.33316984199141614
sh.600055,-0.3750552090843756
sh.600056,-0.45420874175795795
sh.600057,-0.43611684895595637
sh.600189,-0.683344079576962
sh.600191,-0.4657438181801241
sh.600192,0.12572550645547234
sh.600193,-0.6101264260091719
sh.600195,-0.45492671063444345
sh.600196,-0.8142156259866127
sh.600197,-0.8150003248632528
sh.600058,-0.7048680909856847
sh.600059,-0.04351515359646902
sh.600060,0.923329245086858
sh.600061,-0.7437290061387121
sh.600062,-0.8674703073515547
sh.600063,-0.7431936384398332
sh.600064,-0.6282283427437929
sh.600066,-0.9644729921908606
sh.600067,-0.8333768618924238
sh.600198,-0.7755695453136745
sh.600199,-0.8961741692716306
sh.600200,-0.17619475836527992
sh.600201,-0.5855765840223442
sh.600202,-0.4575186521135986
sh.600203,-0.6432409018606192
sh.600206,0.18820745681689677
sh.600207,-0.3906267875833499
sh.600208,-0.9788684985499002
sh.600071,0.1513270326203
sh.600072,-0.8085335325116075
sh.600073,-0.12095152677264098
sh.600075,0.06999445229939348
sh.600076,-0.36522601806535265
sh.600078,-0.18627427822548798
sh.600079,0.0061427743089949634
sh.600080,-0.18797322452715493
sh.600210,0.07131553498047602
sh.600211,-0.4502251916808615
sh.600212,-0.280098721639141
sh.600081,-0.6427846770762583
sh.600082,-0.819262497397308
sh.600084,-0.32152077675825397
sh.600085,-0.2486693642636337
sh.600088,-0.776580899127182
sh.600089,-0.11589824061246015
sh.600094,-0.4851456404271856
sh.600095,-0.9605048240064377
sh.600096,-0.10648002430311523
sh.600097,-0.5746657690193074
sh.600098,-0.7710174332683419
sh.600099,0.2830606299156271
sh.600100,-0.8974845286282976
sh.600101,-0.6029166226340349
sh.600000,0.6398550130937942
sh.600004,0.08334922759384569
sh.600006,-0.8271491453846489
sh.600007,-0.5276626907585552
sh.600008,-0.13275850522841717
sh.600009,-0.28737502168634244
sh.600010,-0.4042699368374223
sh.600011,-0.8246543890284307
sh.600012,0.38052215052321653
sh.600015,-0.3351919832840439
sh.600016,0.04201599183589615
sh.600017,-0.777429544795303
sh.600018,0.6532114844666851
sh.600019,-0.4797594104766887
sh.600020,0.5808124950110553
sh.600021,-0.8254875106248516
sh.600022,-0.7953495616357572
sh.600023,-0.24202074922410274
sh.600025,-0.7997701695141798
sh.600026,0.3329151345989666
sh.600027,-0.15967556478676892
sh.600028,0.6096093081512428
sh.600029,-0.4657021542928862
sh.600030,-0.31191898252913103
sh.600031,-0.36298651088230516
sh.600032,-0.21514703258473586
sh.600033,-0.8143674858712335
sh.600035,0.46653158194012656
sh.600036,0.37587689989316586
sh.600037,-0.8172874071671267
sh.600038,-0.6602946044558878
sh.600039,-0.9810003328497114
sh.600048,-0.8968987317364019
sh.600050,-0.96286317660246
sh.600051,-0.2032716581457363
sh.600052,-0.975979448912174
sh.600053,-0.7559052466716278
sh.600054,-0.33316984199141614
sh.600055,-0.3750552090843756
sh.600056,-0.45420874175795795
sh.600057,-0.43611684895595637
sh.600058,-0.7048680909856847
sh.600059,-0.04351515359646902
sh.600060,0.923329245086858
sh.600061,-0.7437290061387121
sh.600062,-0.8674703073515547
sh.600063,-0.7431936384398332
sh.600064,-0.6282283427437929
sh.600066,-0.9644729921908606
sh.600067,-0.8333768618924238
sh.600071,0.1513270326203
sh.600072,-0.8085335325116075
sh.600073,-0.12095152677264098
sh.600075,0.06999445229939348
sh.600076,-0.36522601806535265
sh.600078,-0.18627427822548798
sh.600079,0.0061427743089949634
sh.600080,-0.18797322452715493
sh.600081,-0.6427846770762583
sh.600082,-0.819262497397308
sh.600084,-0.32152077675825397
sh.600085,-0.2486693642636337
sh.600088,-0.776580899127182
sh.600089,-0.11589824061246015
sh.600094,-0.4851456404271856
sh.600095,-0.9605048240064377
sh.600096,-0.10648002430311523
sh.600097,-0.5746657690193074
sh.600098,-0.7710174332683419
sh.600099,0.2830606299156271
sh.600100,-0.8974845286282976
sh.600101,-0.6029166226340349
sh.600103,-0.6844085612333137
sh.600104,-0.57659648288911
sh.600105,-0.15560844908274385
sh.600106,-0.36268390732430994
sh.600107,0.05153105177178505
sh.600108,-0.6281211443417426
sh.600109,-0.44290616235392216
sh.600110,-0.7684561278072349
sh.600111,-0.9570278006513284
sh.600113,-0.3946313245066687
sh.600114,-0.8349912203545748
sh.600115,-0.755582451779856
sh.600116,-0.6835389313583704
sh.600117,-0.5763249099806839
sh.600118,-0.6670269502716691
sh.600119,-0.23652340938003422
sh.600120,-0.4057067725905859
sh.600121,-0.32013861242545294
sh.600123,-0.33964887530385446
sh.600125,-0.23810289485107866
sh.600126,-0.12456042533260078
sh.600127,-0.329186672743152
sh.600128,-0.7361068262333282
sh.600129,-0.6986484609632446
sh.600130,-0.8661652150922948
sh.600131,-0.5448110482329332
sh.600133,-0.6286022327251979
sh.600135,-0.6437011930440051
sh.600137,-0.7195944256009824
sh.600138,-0.5823569111119958
sh.600141,-0.3115402059111331
sh.600143,-0.8203766518465133
sh.600148,-0.6641346834953242
sh.600149,-0.45457165713220726
sh.600150,-0.7980065542685512
sh.600151,0.7515767905069953
sh.600152,-0.8646782519281161
sh.600153,-0.5645041273462112
sh.600155,-0.11858135155702605
sh.600156,0.3590030059363254
sh.600157,-0.6197476376995162
sh.600158,-0.06353714685386812
sh.600159,-0.5769680808916375
sh.600160,-0.6561106804240737
sh.600161,-0.6948525398856744
sh.600162,-0.9648389367426885
sh.600163,-0.45821263088659925
sh.600166,-0.8216998108914024
sh.600167,0.14106035302522274
sh.600168,-0.7354840937561986
sh.600169,-0.7148990329271349
sh.600170,-0.9165763201591101
sh.600171,-0.42281317990775114
sh.600172,-0.7145232925835175
sh.600173,-0.6208564964508865
sh.600176,-0.5465877728051446
sh.600177,-0.7289139442974925
sh.600178,-0.7691030669075836
sh.600179,-0.48363846715051534
sh.600180,-0.20560399986052072
sh.600182,0.10505373751226323
sh.600183,0.23437117284466158
sh.600184,-0.9217059231920819
sh.600185,0.4175942879624161
sh.600186,-0.368864578784562
sh.600187,-0.3043813493126318
sh.600188,-0.5772548853132403
sh.600189,-0.683344079576962
sh.600191,-0.4657438181801241
sh.600192,0.12572550645547234
sh.600193,-0.6101264260091719
sh.600195,-0.45492671063444345
sh.600196,-0.8142156259866127
sh.600197,-0.8150003248632528
sh.600198,-0.7755695453136745
sh.600199,-0.8961741692716306
sh.600200,-0.17619475836527992
sh.600201,-0.5855765840223442
sh.600202,-0.4575186521135986
sh.600203,-0.6432409018606192
sh.600206,0.18820745681689677
sh.600207,-0.3906267875833499
sh.600208,-0.9788684985499002
sh.600210,0.07131553498047602
sh.600211,-0.4502251916808615
sh.600212,-0.280098721639141
sh.600215,-0.10272004629909604
sh.600216,0.10388707508954197
sh.600217,-0.5013685137701085
sh.600218,0.23125925768073974
sh.600219,-0.5355668538568548
sh.600221,-0.48118213074593924
sh.600222,0.38048530917350637
sh.600223,-0.19841566098072563
sh.600226,0.3618498283920942
sh.600227,-0.6033636123891613
sh.600228,0.4521379246579035
sh.600229,-0.04013568556134169
sh.600230,-0.4260164669614141
sh.600231,-0.16510844996737759
sh.600232,-0.1947248019935063
sh.600233,0.21070075848421174
sh.600235,-0.2866261071005594
sh.600236,-0.1673215523918161
sh.600237,0.0920085797495122
sh.600238,0.2219199641293512
sh.600239,-0.09891659190554156
sh.600241,-0.29930172732505494
sh.600243,-0.8960291652534409
sh.600246,0.012831125333794774
sh.600248,-0.16705865279604712
sh.600249,-0.19761646494631227
sh.600250,-0.0
sh.600251,0.5558854609137422
sh.600252,0.11348927724186819
sh.600255,-0.2644086071606368
sh.600256,0.02696042001893765
sh.600257,0.05146585780286082
sh.600258,0.010044293307470932
sh.600259,0.02321366761862308
sh.600261,0.23050703733188066
sh.600262,-0.6122473208515538
sh.600265,-0.46156674124270836
sh.600266,-0.5189595383816694
sh.600267,0.19301809547397192
sh.600268,-0.020990239863315475
sh.600269,-0.5491179785882822
sh.600271,0.7107208349043027
sh.600272,0.04128076573324617
sh.600273,-0.8697300465632983
sh.600276,-0.5002076369864574
sh.600278,0.282066098421494
sh.600279,-0.6484944635372565
sh.600280,-0.8412810099857819
sh.600281,0.006288744768806319
sh.600282,-0.03957320345722716
sh.600283,-0.9182257015708616
sh.600284,-0.13869740456116275
sh.600285,-0.4360251602530233
sh.600288,-0.5017119393262709
sh.600292,-0.06801406474383244
sh.600293,0.0813402733341348
sh.600295,0.0040494779922473
sh.600298,0.28469424849056846
sh.600299,0.44905288998977094
sh.600300,-0.25528102859553836
sh.600301,-0.5073902333613654
sh.600302,-0.3053708695292341
sh.600305,0.32912802189183177
sh.600307,-0.14561637630670354
sh.600308,-0.47858620027379656
sh.600310,0.6932903881877152
sh.600312,-0.1528452484335616
sh.600313,0.1010764669238886
sh.600315,0.15770206096551503
sh.600316,-0.1711246742833422
sh.600318,-0.37154458273143043
sh.600319,0.653410127919836
sh.600320,-0.4359159342264015
sh.600322,-0.8146315766786146
sh.600323,-0.5832022884080924
sh.600325,0.2306546980964217
sh.600326,0.03202345969503518
sh.600327,-0.03901711670809037
sh.600328,-0.10356147170885012
sh.600329,-0.058793463384596366
sh.600330,-0.053210103217362595
sh.600332,-0.10516521355047814
sh.600333,0.0539937985292652
sh.600335,-0.08306548495424712
sh.600336,-0.07257842704666508
sh.600337,0.1290399835351736
sh.600338,-0.834721112945132
sh.600339,-0.4780304582894668
sh.600340,-0.22738695780353022
sh.600343,-0.731791191482334
sh.600345,-0.7768397981569721
sh.600346,-0.184549391395267
sh.600348,0.2944088584552055
sh.600350,0.11188767156466661
sh.600351,-0.09372829174340791
sh.600352,-0.1383243829473299
sh.600353,-0.3031033130094392
sh.600354,-0.051704121612170126
sh.600355,-0.4028272115015501
sh.600358,-0.5164706270859539
sh.600359,-0.25866771331393823
sh.600361,-0.1593009844432517
sh.600362,0.06538635223332857
sh.600363,-0.6549566080044944
sh.600366,-0.9618531754201675
sh.600367,-0.5370475083096726
sh.600368,0.814679077462234
sh.600369,-0.38496128680727965
sh.600370,-0.45092716162995694
sh.600371,0.028685370452522556
sh.600372,-0.19922469076698468
sh.600373,-0.27900595808003237
sh.600376,-0.4622030610366266
sh.600377,0.3155479585035469
sh.600378,0.16853246237221328
sh.600379,0.27004518044979187
sh.600380,-0.18649543263010246
sh.600382,-0.5015117332809061
sh.600383,-0.3811494958016743
sh.600386,0.2959124855512506
sh.600388,0.3764617583068252
sh.600389,0.06490840240405586
sh.600390,-0.5521889017310769
sh.600391,0.14269550133301143
sh.600392,-0.7282955790062097
sh.600395,0.2522985158244288
sh.600396,0.25833797809039466
sh.600397,0.26687849772233524
sh.600398,-0.3711710011495951
sh.600399,-0.07397733468324776
sh.600400,0.6244515893326632
sh.600403,-0.23983974387182608
sh.600405,-0.7473735734648563
sh.600406,0.6554722738349299
sh.600408,-0.4504327553591504
sh.600409,-0.24202141539357166
sh.600410,-0.6979858265226582
sh.600415,-0.9607670263183006
sh.600416,0.7272110585425977
sh.600418,-0.1736020951736282
sh.600419,0.37897110034955156
sh.600420,0.5277674868539791
sh.600421,0.35726530936410306
sh.600422,0.14375198904569322
sh.600423,-0.7819758652169165
sh.600425,-0.28481635749923156
sh.600426,0.3213781908605916
sh.600428,-0.3446785347184895
sh.600429,0.3285276215887983
sh.600433,0.3407112461642014
sh.600435,-0.13836756839921985
sh.600438,-0.3659777009339192
sh.600439,-0.4444776371056093
sh.600444,0.3885157199664291
sh.600446,-0.36818513406285797
sh.600448,0.06211996683157722
sh.600449,-0.2837956518534104
sh.600452,-0.7947826821808927
sh.600455,-0.4008024799978222
sh.600456,-0.2942917696620459
sh.600458,-0.15642056482566896
sh.600459,-0.22985187049974043
sh.600460,-0.17854002020073556
sh.600461,0.3740223127801289
sh.600463,-0.8972996776792297
sh.600467,-0.08533963606581238
sh.600468,-0.61602039765492
sh.600469,-0.33023064626615234
sh.600470,-0.7757948865072858
sh.600475,-0.21987249423396868
sh.600476,-0.09811007905151249
sh.600477,-0.15197665978839972
sh.600478,-0.06514773740422566
sh.600479,-0.3045109705887049
sh.600480,-0.5987234720601436
sh.600481,-0.39494802088412917
sh.600482,-0.8292935959410853
sh.600483,-0.28899672794458586
sh.600487,-0.6176492706508433
sh.600488,0.2827377148809726
sh.600489,0.3217426944718011
sh.600490,-0.537947975420453
sh.600491,0.008329170751383643
sh.600493,-0.05209541818115089
sh.600495,-0.3757401839707231
sh.600496,0.17542538522354217
sh.600497,0.38688771482605966
sh.600498,-0.4238945203338243
sh.600499,0.21766645912581256
sh.600500,0.17304688257220485
sh.600501,-0.3334691213917649
sh.600502,-0.24605619371261014
sh.600503,0.21034157567527206
sh.600505,-0.9219974175655539
sh.600506,0.3547299894983825
sh.600507,-0.19113841963309264
sh.600508,-0.25446336209683185
sh.600509,-0.6156206638915382
sh.600510,-0.7657073301104415
sh.600511,0.38813375912086145
sh.600512,-0.19918554761240506
sh.600513,0.23244767941112196
sh.600515,-0.1165564011858876
sh.600516,-0.34778803382802864
sh.600517,-0.08828833534333473
sh.600518,-0.2966102263353167
sh.600520,-0.7532418013621526
sh.600521,-0.7257776391986004
sh.600522,-0.04346388089619004
sh.600523,-0.19287044242334592
sh.600525,-0.18473405336414672
sh.600526,-0.11441505709340015
sh.600527,-0.16832343529603566
sh.600528,-0.13517000687350506
sh.600529,0.13543664878282158
sh.600530,0.2718884140057422
sh.600531,-0.08376792269454883
sh.600533,0.39136138562823075
sh.600535,0.20191980986141544
sh.600537,-0.3785212720844736
sh.600538,-0.30745440195144524
sh.600539,-0.3907461325489865
sh.600540,-0.30001373545948906
sh.600543,-0.0605627305016651
sh.600545,-0.031991670035719386
sh.600546,0.09558075661843213
sh.600547,0.12704270451816937
sh.600548,0.26646231676680066
sh.600549,-0.8352668655641142
sh.600550,-0.6674363985436302
sh.600551,-0.0844725664968206
sh.600552,-0.31070729435416106
sh.600556,-0.032240786101068
sh.600557,-0.40115735491061694
sh.600558,-0.39989368494959393
sh.600559,-0.08548483924394026
sh.600560,0.2675801418034748
sh.600561,-0.4699931703343355
sh.600562,-0.9233457692601972
sh.600566,0.23956852887686317
sh.600567,0.28275443402111594
sh.600569,0.20417144504620133
sh.600570,-0.09358985436764837
sh.600571,-0.7200345347189531
sh.600572,0.2870174430085856
sh.600573,-0.4859563742995625
sh.600575,-0.8913717897613215
sh.600576,-0.4875271764756048
sh.600577,-0.18375245489462336
sh.600578,0.21454707584237798
sh.600579,0.2733134091541823
sh.600580,-0.21337146092948012
sh.600581,0.49664646843383403
sh.600582,-0.5389966756185794
sh.600583,0.8442981047974847
sh.600584,-0.06636712191857395
sh.600585,-0.18301964492676345
sh.600586,0.16814755053919148
sh.600587,0.1771936184201322
sh.600588,-0.5114115844672181
sh.600589,-0.6713137066173427
sh.600590,-0.36136708615589236
sh.600592,-0.330180383450491
sh.600593,-0.8219105357877944
sh.600594,0.4491003541022404
sh.600595,-0.19002430637867157
sh.600596,-0.266892811370335
sh.600597,0.1117426035356948
sh.600598,0.37636886766370004
sh.600601,-0.30970119509675875
sh.600602,-0.2367686865728691
sh.600604,-0.257428931892608
sh.600605,-0.42055863639353497
sh.600606,-0.025945924481946783
sh.600609,-0.06140749103478412
sh.600610,-0.540719625441995
sh.600611,-0.530960569349262
sh.600613,0.1380193877777304
sh.600615,0.08568543717359439
sh.600616,-0.2794599870957287
sh.600617,0.42482789174337665
sh.600618,0.6983261326394505
sh.600619,-0.5960384501927268
sh.600620,0.08227678022070574
sh.600621,-0.5644592928198411
sh.600622,-0.7446173513847257
sh.600623,-0.36863621910664945
sh.600624,0.2303235165406672
sh.600626,0.31006965581732876
sh.600628,-0.2621592869015343
sh.600629,-0.5136549147622246
sh.600630,-0.12634514451719137
sh.600633,-0.27583369510638517
sh.600635,0.25858039198607724
sh.600636,0.1819890504200992
sh.600637,-0.08175231461528983
sh.600638,-0.2861170716423635
sh.600639,-0.1626678704923065
sh.600640,-0.24746426068216712
sh.600642,-0.5028108312613987
sh.600643,0.001991025026123069
sh.600644,-0.04657451838826911
sh.600645,0.15701722698827794
sh.600648,-0.15609857502695604
sh.600649,-0.4954825257183116
sh.600650,-0.9083844130076613
sh.600651,-0.024131729671173954
sh.600653,-0.2832116162818912
sh.600654,-0.8126826920452755
sh.600655,-0.023661053308116707
sh.600657,-0.07409829934833913
sh.600658,-0.7919508124696347
sh.600661,-0.0341717253187103
sh.600662,0.2099250488588046
sh.600663,0.017770615596972954
sh.600664,0.44516603038873326
sh.600665,-0.37631150064427166
sh.600666,-0.7164875419438176
sh.600667,-0.695059553135786
sh.600668,-0.19880140874704127
sh.600673,-0.7688556235980244
sh.600674,-0.0513914556956285
sh.600675,0.24501217756734678
sh.600676,-0.2518187786112627
sh.600678,-0.39018199762943556
sh.600679,0.10628846442112257
sh.600681,0.25493976203250157
sh.600682,-0.8184943446577795
sh.600683,-0.1832570245703417
sh.600684,0.2734400483044112
sh.600685,-0.46089697495807164
sh.600686,-0.6814369655453979
sh.600688,0.1481549795662345
sh.600689,0.31026972273622366
sh.600690,0.20364610149288045
sh.600691,-0.06931510952383674
sh.600692,-0.9088471043398769
sh.600693,0.11472152760246276
sh.600694,-0.3303903300852098
sh.600696,-0.4463770437755436
sh.600697,0.5008538892594645
sh.600698,0.12715046964843055
sh.600699,-0.05193018650571231
sh.600703,-0.266231543897662
sh.600704,-0.13343047357422644
sh.600705,0.26475661974898806
sh.600706,-0.28637626263140153
sh.600707,-0.16920531049334228
sh.600708,-0.30024109931914617
sh.600710,-0.21780768382871857
sh.600712,-0.7258828983496426
sh.600713,-0.12554740691451974
sh.600714,-0.6315615510162185
sh.600716,-0.2786461899130315
sh.600717,0.27179093445370767
sh.600718,-0.4568445232254043
sh.600719,-0.5817886067685015
sh.600720,-0.38343689986330814
sh.600721,0.5495266318819468
sh.600722,-0.3789284789517832
sh.600724,-0.870786506130073
sh.600725,-0.0663410174825572
sh.600726,-0.2909255370044273
sh.600727,-0.539561331244755
sh.600728,-0.16205931442521884
sh.600729,0.43853211355164656
sh.600730,-0.06507910302381233
sh.600731,0.24079707176194964
sh.600732,-0.34710298923687405
sh.600733,-0.7697477111592217
sh.600734,-0.23123273402128927
sh.600735,-0.7795021394984525
sh.600736,-0.4294838386387822
sh.600737,-0.31860792255218556
sh.600738,0.18572848810691944
sh.600739,-0.13111058099774367
sh.600740,0.38959751668962184
sh.600741,-0.8826702143071038
sh.600742,-0.5413144289412491
sh.600743,-0.592505242681596
sh.600744,-0.8580247774131304
sh.600745,-0.3917997886244297
sh.600746,-0.3430372477165167
sh.600748,-0.821538398779122
sh.600749,0.13920464527198892
sh.600750,0.5442555839838966
sh.600751,-0.2863635700230029
sh.600753,0.01142013271370323
sh.600754,0.6798377657367846
sh.600755,0.22824080310306197
sh.600756,-0.4743489315752706
sh.600757,-0.3938952206184745
sh.600758,0.5772138788834213
sh.600759,-0.2744426499119988
sh.600760,-0.5546088379690395
sh.600761,0.17985613660378344
sh.600763,-0.04854242946990372
sh.600764,-0.2376634764608053
sh.600765,-0.48578479717532475
sh.600768,0.8212751398470751
sh.600769,-0.9460131019722802
sh.600770,-0.5664765005322817
sh.600771,-0.21903756805372013
sh.600773,0.16126751434546024
sh.600774,-0.12057117227816529
sh.600775,-0.1796086404319789
sh.600776,-0.3190688142328056
sh.600778,-0.8039346172646031
sh.600780,0.39575091260976303
sh.600782,-0.20162693757596353
sh.600783,0.19539768654063902
sh.600784,0.4986775540957781
sh.600785,-0.08014706057680113
sh.600787,-0.34600746596481485
sh.600789,-0.30823464690699176
sh.600790,-0.42237217403803934
sh.600791,-0.7772988174068822
sh.600792,-0.32369172657508066
sh.600793,0.042829094717874945
sh.600794,-0.03542849102134295
sh.600795,0.16535153546528644
sh.600796,-0.3369715302595778
sh.600797,-0.7192426885798472
sh.600798,0.4072392727236852
sh.600800,-0.5422126353733935
sh.600801,-0.09441540303257492
sh.600802,-0.13029261451087665
sh.600803,-0.3942225820541771
sh.600805,0.0768853995000887
sh.600807,0.133667911504479
sh.600808,0.5142188398508876
sh.600810,-0.21876666543527018
sh.600811,-0.7121492139550535
sh.600812,0.7030308547256278
sh.600814,0.010027781037072568
sh.600815,0.03399285027128636
sh.600816,-0.19283736886736405
sh.600817,-0.44682627376837436
sh.600818,-0.11113692340465273
sh.600819,-0.5080675848420978
sh.600820,0.039551284384370375
sh.600821,0.4149737056015655
sh.600822,-0.8703812124380889
sh.600824,0.17086894317156534
sh.600825,-0.33349540755777435
sh.600826,-0.1641254118860923
sh.600827,0.21783205502793895
sh.600828,0.27381422152340906
sh.600829,0.03695597126202591
sh.600830,0.05959856973183115
sh.600833,0.09327347816925653
sh.600834,-0.01027218552218781
sh.600835,-0.9633951446349164
sh.600837,-0.48661829027927667
sh.600838,-0.47622343873861517
sh.600839,-0.5429666975272399
sh.600841,0.5804167836241138
sh.600844,0.20108260894488547
sh.600845,-0.48523591226341506
sh.600846,-0.5481345455010365
sh.600847,-0.44784936604697545
sh.600848,-0.8644379311118152
sh.600850,-0.27642617391287444
sh.600851,0.27862459173824605
sh.600853,-0.058014767059801665
sh.600854,-0.4191229519308656
sh.600855,-0.3113355243055795
sh.600857,0.25624343389407184
sh.600858,0.35642863447696727
sh.600859,0.024959038018420625
sh.600860,-0.5234164909195438
sh.600861,0.14323132356230828
sh.600862,-0.059191794721327594
sh.600863,-0.1176538960492873
sh.600864,-0.3626597702819979
sh.600865,-0.7574679080235734
sh.600866,0.0007096457720087401
sh.600867,0.34037500210899285
sh.600868,0.12855670133272987
sh.600869,-0.2875034879576272
sh.600871,-0.13568414199399226
sh.600872,-0.5451665717216121
sh.600873,-0.8573329587205831
sh.600874,0.017826390915090803
sh.600875,-0.4706122391568597
sh.600876,-0.10220513843791251
sh.600877,0.0705455375861688
sh.600879,-0.1319041901380159
sh.600880,0.09328336893693344
sh.600881,-0.2671135590069549
sh.600882,-0.03137671631029631
sh.600883,0.012885488321692133
sh.600884,-0.6448473477649641
sh.600885,-0.41754293023127337
sh.600886,-0.1030315215304319
sh.600887,0.5735686784355437
sh.600888,-0.5877434094337105
sh.600889,-0.0
sh.600892,0.3095862076974477
sh.600893,0.09416668843858476
sh.600894,-0.12353011524794186
sh.600895,-0.10372497237637773
sh.600897,0.033307564428840294
sh.600900,0.2848162208856408
sh.600901,0.08766250826664006
sh.600903,-0.2815197059061777
sh.600905,0.3958111390845819
sh.600906,-0.2843392765383293
sh.600908,0.001725137566876781
sh.600909,0.19651537611112815
sh.600916,-0.33119395162626464
sh.600917,-0.14034160956619005
sh.600918,-0.414240806408215
sh.600919,0.7004775411067239
sh.600925,0.322109522814464
sh.600926,-0.024734147832113095
sh.600927,-0.3441413830992518
sh.600928,-0.014848453219760282
sh.600929,0.13991663843641983
sh.600933,-0.37538308677650517
sh.600935,0.30991024459147837
sh.600936,0.666695303359236
sh.600938,0.6853312611538084
sh.600939,-0.2790440739573725
sh.600955,0.2766175070239953
sh.600956,0.5433762136094671
sh.600958,-0.5829346464489925
sh.600959,0.1505722968111106
sh.600960,0.04715676675244699
sh.600961,-0.5422948203313035
sh.600962,0.4583459597099814
sh.600963,0.3093506519594345
sh.600965,0.08304652741064397
sh.600966,-0.8587798470596105
sh.600967,0.1932440378104392
sh.600968,0.7005777871720715
sh.600969,-0.477951787615871
sh.600970,-0.8396235447276337
sh.600971,-0.01685049282008874
sh.600973,-0.4847823140294414
sh.600975,-0.3407491070179544
sh.600976,-0.04398042517225863
sh.600977,0.054442437445078935
sh.600979,0.21169226088232337
sh.600980,0.23118352082177915
sh.600981,-0.24969192290217437
sh.600982,0.055929431315465725
sh.600983,-0.488489678819873
sh.600984,0.5325426132681397
sh.600985,0.09140670556560344
sh.600986,-0.863197664096532
sh.600987,0.3102084317859381
sh.600988,0.20439510143697048
sh.600989,-0.24036738111639763
sh.600990,-0.15078483789054378
sh.600992,-0.7277494027423336
sh.600993,-0.3513176622544372
sh.600995,-0.3164032922967973
sh.600996,-0.46801666500556455
sh.600997,-0.09371321170992519
sh.600998,-0.2943871966163451
sh.600999,-0.41390491378055555
sh.601000,-0.21903948544240673
sh.601001,-0.06399206485878314
sh.601002,0.20405750041234283
sh.601003,-0.006655896582799628
sh.601005,-0.4624501571842375
sh.601006,0.554940982325038
sh.601007,-0.4876119701753904
sh.601008,-0.8777052771878247
sh.601009,-0.2825417760503164
sh.601010,-0.1419973220479049
sh.601011,-0.6102118153694059
sh.601012,0.3285664214067392
sh.601015,0.012078119020431573
sh.601016,0.2617953931433473
sh.601018,-0.40441298665005004
sh.601019,-0.23926064571635763
sh.601020,-0.6242950094455435
sh.601022,0.10532128155113045
sh.601028,-0.6144644751855518
sh.601033,-0.2873269493063608
sh.601038,0.07803765285490714
sh.601058,-0.6012737962081709
sh.601059,-0.42918703872207914
sh.601061,0.2453130320914995
sh.601065,0.3628548378546942
sh.601066,-0.4903079127333235
sh.601068,0.265126416736711
sh.601069,0.30578959653576576
sh.601077,0.2551530241092216
sh.601083,0.15172181230673512
sh.601086,0.025580487869502667
sh.601088,0.06167894589413851
sh.601089,0.049448995277188844
sh.601096,0.18777139509985524
sh.601098,-0.1811408568426247
sh.601099,-0.649345388124105
sh.601101,0.02819126134590486
sh.601106,-0.38059493660444554
sh.601107,0.018728717385414553
sh.601108,-0.22595027795365857
sh.601111,-0.7839623741262345
sh.601113,-0.5770997243639527
sh.601116,0.15777728585413023
sh.601117,0.009864279720131559
sh.601118,-0.24070520984467916
sh.601121,0.018225053956322092
sh.601126,0.3066976964732411
sh.601128,-0.6799582154084165
sh.601133,0.10374441878189629
sh.601136,-0.8244990579513731
sh.601137,-0.4081557577450688
sh.601138,0.12785130749036983
sh.601139,-0.3501672850414516
sh.601155,-0.5235485949064743
sh.601156,-0.08201895771377979
sh.601158,0.1372553535943094
sh.601162,-0.7639128384340116
sh.601163,0.2733908235402897
sh.601166,0.41004696120337986
sh.601168,0.2649506529662636
sh.601169,0.367891509803046
sh.601177,0.43529361120122817
sh.601179,-0.14934621206307205
sh.601186,-0.06465366353338482
sh.601187,-0.34688324145674626
sh.601188,0.17673259115621032
sh.601198,-0.4185888367999045
sh.601199,0.4329696081508447
sh.601200,-0.43166850022658976
sh.601208,-0.08446543945350926
sh.601211,-0.524488227211293
sh.601212,0.42410565364628944
sh.601216,-0.7381970851544358
sh.601218,-0.4733719662925077
sh.601222,-0.11826298628022242
sh.601225,0.21719401775273278
sh.601226,-0.06113083782811544
sh.601228,0.09983838420568579
sh.601229,0.29696163924206653
sh.601231,-0.2621934464646895
sh.601233,0.23109458470534433
sh.601236,-0.08646420467365318
sh.601238,-0.4845650011505742
sh.601279,0.1314987099232787
sh.601288,0.12431795572213969
sh.601298,-0.051038519679458966
sh.601311,-0.5547697270866936
sh.601319,-0.18469032620732978
sh.601326,0.12896729333295412
sh.601328,0.24641062427088423
sh.601330,-0.2538981534149339
sh.601333,0.4361232307284668
sh.601339,-0.6888063247926635
sh.601360,-0.007296880941658782
sh.601366,-0.4506765512100496
sh.601368,0.1783814756481859
sh.601369,-0.8504085820558819
sh.601375,-0.2998941386520164
sh.601377,-0.24571446850715076
sh.601388,0.07739003610291421
sh.601390,-0.17031766985675081
sh.601398,0.3658287158575356
sh.601399,-0.07928543580973824
sh.601456,-0.5915421179234001
sh.601500,-0.0381837850492672
sh.601512,0.14671984456185014
sh.601515,0.054432449498344145
sh.601518,0.4842306586387285
sh.601519,-0.48016459314697657
sh.601528,0.05691234436422765
sh.601555,-0.4203385965634949
sh.601566,-0.09788264326305884
sh.601567,-0.22733178978787405
sh.601568,0.6157661940004937
sh.601577,0.20610668756738978
sh.601579,-0.4145461453899913
sh.601588,-0.3175612019821649
sh.601595,-0.06854599220806362
sh.601598,-0.1769951082106659
sh.601599,-0.005171355712731867
sh.601600,0.06437196977230783
sh.601601,-0.1907077651969388
sh.601606,-0.8209855830172754
sh.601607,0.3345300425001777
sh.601608,-0.29513862315401207
sh.601609,0.18329009990631126
sh.601611,-0.19492928234495277
sh.601615,-0.48374954303443285
sh.601616,0.5801974342119275
sh.601618,0.23924893390109297
sh.601619,0.2443643230242983
sh.601628,-0.20139369563364734
sh.601633,-0.08600542941389691
sh.601636,0.5496424521046719
sh.601658,0.831697272043404
sh.601665,0.5524362632491894
sh.601666,-0.11793142704236333
sh.601668,0.2779185702117806
sh.601669,-0.048460170071546516
sh.601677,0.01197195947985297
sh.601678,-0.23026662600334669
sh.601686,0.7436616127359663
sh.601688,-0.2483083613731679
sh.601696,-0.5662939931007118
sh.601698,-0.7513395520028089
sh.601699,-0.14238178681090927
sh.601700,-0.5933550610129987
sh.601702,-0.445467550392775
sh.601717,-0.5326319744408652
sh.601718,0.11750342648184924
sh.601727,-0.6150426986893911
sh.601728,-0.2319150587844132
sh.601766,-0.11997923963906106
sh.601777,-0.6583814050705636
sh.601778,-0.13017519937624808
sh.601788,-0.21330844844321536
sh.601789,-0.9155170957321468
sh.601798,-0.05544747130379328
sh.601800,0.0026388912493943537
sh.601801,-0.340530268379103
sh.601808,-0.21257733591737404
sh.601811,-0.34411138398027125
sh.601816,0.03778306471052632
sh.601818,0.682395299275156
sh.601825,0.03737745356627232
sh.601827,0.12196078373030969
sh.601828,-0.7482534030779808
sh.601838,-0.03291165153156539
sh.601857,0.735958256942082
sh.601858,0.19034388251329817
sh.601860,0.137860279719492
sh.601865,0.6097561183574376
sh.601866,0.8408934174899014
sh.601868,0.05791773473496842
sh.601869,-0.42359873144308097
sh.601872,0.7966311341648754
sh.601877,-0.10530902692967012
sh.601878,-0.5026723566143891
sh.601880,0.23345886370978267
sh.601881,-0.416977538934813
sh.601882,-0.3598932001586653
sh.601886,-0.02133367028986904
sh.601890,-0.39330368281961076
sh.601898,-0.3686324574503242
sh.601899,-0.2919972077850498
sh.601900,-0.635987598791044
sh.601901,-0.39630379055796916
sh.601908,0.34373871848402565
sh.601916,0.1106021486729096
sh.601918,0.12975916867812873
sh.601919,0.6917399253505574
sh.601921,0.9502499304536484
sh.601928,0.0940548998746811
sh.601929,-0.8936144005660694
sh.601933,-0.4790975072017168
sh.601939,0.15593016588377856
sh.601949,-0.548818900427968
sh.601952,0.2764180192283542
sh.601956,-0.03587687379358449
sh.601958,-0.1549289894314506
sh.601963,0.6393001565916159
sh.601965,-0.1044114734614421
sh.601966,-0.044099450361915975
sh.601968,0.20979882135920228
sh.601969,0.07600870517527779
sh.601975,-0.19316237130871547
sh.601985,0.43997618324449017
sh.601988,0.17848791441947648
sh.601989,-0.3519730959434918
sh.601990,-0.17567445161954506
sh.601991,0.07485515622733706
sh.601992,0.06411592167796169
sh.601995,-0.2873733021305417
sh.601996,-0.01603824697730617
sh.601997,0.22666659127084504
sh.601998,-0.45708423528681014
sh.601999,0.26841622984305763
sh.603000,-0.7062641930919608
sh.603001,-0.5731220644074264
sh.603002,0.43113342056212034
sh.603004,-0.5436337896747212
sh.603005,-0.7124016692231245
sh.603006,0.5048494880488228
sh.603008,-0.34283793151158654
sh.603009,-0.6550090379779594
sh.603010,0.4985818577884357
sh.603011,-0.03635034469725844
sh.603012,0.028074147869111676
sh.603013,-0.5317966422905223
sh.603015,0.2611833992194033
sh.603016,0.5224130063297815
sh.603017,-0.09627920212385414
sh.603018,-0.8387959043562786
sh.603020,-0.10721372867650086
sh.603021,-0.48981633304371613
sh.603022,0.10702409224111989
sh.603025,-0.6615419367660191
sh.603026,-0.36080465258039685
sh.603027,-0.2731084311944931
sh.603028,0.34032803535178363
sh.603029,-0.4956702223822849
sh.603030,-0.671770309153774
sh.603031,-0.47717373965061094
sh.603032,-0.253136388166599
sh.603033,0.4085196921108095
sh.603035,0.01698275434011398
sh.603036,-0.3514090126759667
sh.603037,-0.5789130663715923
sh.603038,-0.2653150770026259
sh.603040,0.10816155636939699
sh.603041,-0.1566418442910853
sh.603042,0.06952986202233652
sh.603043,0.2104315114285466
sh.603045,-0.05374685138832852
sh.603048,-0.31702268733900113
sh.603050,-0.3175445764264573
sh.603051,-0.3209398544271661
sh.603052,-0.08074168667233644
sh.603053,-0.029273456670819625
sh.603055,-0.08649648773793665
sh.603056,-0.4521954030748982
sh.603057,0.008193979561165738
sh.603058,0.309603087498576
sh.603059,-0.6542104382858552
sh.603060,-0.8413798020760916
sh.603062,-0.4646772521565075
sh.603063,-0.9194307325245498
sh.603065,0.43046354733236125
sh.603066,0.0471570385196555
sh.603067,-0.03830835132856002
sh.603068,0.18079838503736564
sh.603069,-0.377022492686152
sh.603070,-0.5772261736319511
sh.603071,-0.10773563484814955
sh.603073,-0.1087305187011533
sh.603075,-0.6155598548469047
sh.603076,-0.40660060825004857
sh.603077,-0.6024500885394527
sh.603078,0.47384535693657287
sh.603079,0.17212143648413575
sh.603080,-0.2049447101616169
sh.603081,0.8169001335673103
sh.603082,-0.13611319061100566
sh.603083,-0.3085369995993671
sh.603085,-0.09857895027086871
sh.603086,0.02754442408331499
sh.603087,0.146758657575215
sh.603088,-0.18913252984743317
sh.603089,0.5358467312759473
sh.603090,-0.3045621387049686
sh.603091,-0.7217386537794326
sh.603093,0.08287013651707731
sh.603095,-0.5769053889884784
sh.603096,-0.07948957425959552
sh.603097,0.4712152361594933
sh.603098,0.048756646393730244
sh.603099,-0.6639011149167645
sh.603100,-0.37791564422599644
sh.603101,0.4761728340760479
sh.603102,-0.6123650400137074
sh.603103,-0.9899990349637205
sh.603105,0.0803117966039157
sh.603106,-0.3304275272052688
sh.603107,-0.049092913504221264
sh.603108,0.31036389218247395
sh.603109,-0.6948341676196155
sh.603110,-0.7666415454881365
sh.603111,0.09785722992145646
sh.603112,-0.37409111181247784
sh.603113,-0.1117171659757529
sh.603115,-0.20447421526972487
sh.603116,-0.7157724631222417
sh.603117,0.046103838170329245
sh.603118,-0.15158764103747874
sh.603119,0.09973577684633868
sh.603121,-0.2163805171319938
sh.603122,0.36360878975977856
sh.603123,-0.5869867956054049
sh.603125,0.650053083122253
sh.603126,0.311173735712859
sh.603127,0.5715819978637671
sh.603128,0.2911004693462365
sh.603130,0.13827252257919773
sh.603131,-0.45991269775299015
sh.603132,-0.01876713902695081
sh.603135,-0.01521217421297402
sh.603136,0.26205079683688304
sh.603137,-0.4823679275451424
sh.603138,-0.6832622588477087
sh.603139,-0.1725846169551548
sh.603150,0.32058595879550605
sh.603151,0.7026319234810949
sh.603153,-0.1486419362921913
sh.603155,-0.7480973300802323
sh.603156,-0.24415635093897203
sh.603158,-0.0686969283052633
sh.603159,0.0818537090922566
sh.603161,-0.6111832246481226
sh.603162,0.16538362739424572
sh.603163,-0.271336284493991
sh.603165,0.004850974552132622
sh.603166,-0.6602957901818675
sh.603167,-0.4545394208100224
sh.603168,0.3258949580717119
sh.603169,-0.06935153239338517
sh.603170,-0.12300672910938057
sh.603171,-0.627613609347948
sh.603172,-0.34233201648412137
sh.603173,-0.49946908428246656
sh.603176,-0.7669975418487567
sh.603177,-0.4183131917987281
sh.603178,0.12808073820652605
sh.603179,0.4606720981489202
sh.603180,0.04601270879988135
sh.603181,-0.1841122423576315
sh.603182,-0.6023035766917483
sh.603183,0.4859130200784747
sh.603185,0.058755786054729114
sh.603186,0.0612406070700208
sh.603187,0.3655604597395911
sh.603188,-0.10969833010957555
sh.603189,-0.850891178723143
sh.603190,-0.3438879929150703
sh.603191,0.35458330945491306
sh.603192,-0.022878719949641933
sh.603193,0.17227809980908299
sh.603196,0.40387360191155935
sh.603197,0.016054815620696678
sh.603199,0.03449510258738528
sh.603200,0.21210238060021483
sh.603201,-0.24213981633880396
sh.603203,-0.3797816821856495
sh.603206,-0.27148369910329456
sh.603207,0.775944411826247
sh.603208,0.006454615628255778
sh.603209,-0.06741090829503396
sh.603211,-0.2865404563246855
sh.603212,0.12675286429379742
sh.603213,-0.0017124195831606757
sh.603214,-0.003571792307706592
sh.603215,0.10973873205932502
sh.603216,-0.37506954038407664
sh.603217,-0.5587479384543087
sh.603218,-0.3899413910266573
sh.603219,-0.618306443568591
sh.603220,-0.1943120868051872
sh.603221,-0.015088747018148439
sh.603222,-0.5888258434894863
sh.603223,0.4420950244740474
sh.603225,0.28221904940715165
sh.603226,0.619706072954043
sh.603227,0.3133737846137786
sh.603228,-0.41620934561245077
sh.603229,-0.32353294474578975
sh.603230,-0.6370738751041378
sh.603231,0.025051728363086362
sh.603232,-0.2703807247532253
sh.603233,0.02107954331646117
sh.603235,-0.34084101335264655
sh.603236,-0.4964041274343918
sh.603237,-0.468699352433917
sh.603238,-0.2480839183195025
sh.603239,0.33406156439919354
sh.603255,-0.37813054188898804
sh.603256,0.4487711516753186
sh.603258,0.40795797656650656
sh.603261,-0.6058321355409124
sh.603266,-0.3810250313929652
sh.603267,0.11387781448564056
sh.603268,-0.47191684420226776
sh.603269,-0.9002049392553193
sh.603270,-0.550712279819308
sh.603272,-0.28008044217589473
sh.603273,-0.1488910124330683
sh.603275,-0.329090471805786
sh.603276,-0.08101641632180306
sh.603277,-0.5730778545410972
sh.603278,-0.18604233205361062
sh.603279,0.6513630770735933
sh.603280,0.06731343630543152
sh.603281,-0.06035239903526137
sh.603282,-0.8954694620409372
sh.603285,0.171726678953953
sh.603286,0.09274850785690136
sh.603288,-0.1050369581361291
sh.603289,-0.5509622314304191
sh.603291,0.02714646242249208
sh.603298,0.16497085518309113
sh.603299,0.14555788998572886
sh.603300,-0.2420508525237563
sh.603301,0.12613714867100514
sh.603303,-0.27491611746650557
sh.603305,-0.15247012472259716
sh.603306,-0.9696150523986645
sh.603307,-0.5980006968911961
sh.603308,-0.4655770315006596
sh.603309,0.2304441459064031
sh.603310,-0.14936118900172554
sh.603311,-0.7001957705231608
sh.603312,0.3523749020082333
sh.603313,-0.37692171528029206
sh.603315,-0.05579880861578266
sh.603316,0.45747988670318174
sh.603317,0.17033960996958686
sh.603318,-0.42845724769705895
sh.603319,-0.7150627306022878
sh.603320,-0.40840691885251634
sh.603321,0.003864901546560237
sh.603322,-0.6012182085035523
sh.603323,-0.09741158389659012
sh.603324,-0.6729997597115543
sh.603326,-0.7520610759592786
sh.603327,-0.38033566556280435
sh.603328,-0.3091103749588241
sh.603329,0.4392476355296217
sh.603330,-0.13425179977721657
sh.603331,-0.03571002677898936
sh.603332,-0.23550890922758355
sh.603333,-0.739505962416937
sh.603335,0.200306158990794
sh.603336,-0.8366233993802709
sh.603337,-0.6176032436876958
sh.603339,-0.0017885483959975247
sh.603341,-0.4828827834558296
sh.603344,0.07086695785323337
sh.603348,-0.5925271633574493
sh.603350,0.0818400052165138
sh.603351,-0.44123653096692017
sh.603353,-0.23586858140951428
sh.603355,-0.4141690947224257
sh.603357,-0.11895051453992783
sh.603358,-0.5488192933581159
sh.603359,0.320381557159573
sh.603360,-0.21171373269860344
sh.603365,-0.3131583858234697
sh.603366,-0.6259605594509956
sh.603367,0.1496642090063311
sh.603368,-0.4788893371155869
sh.603369,-0.054474284697275915
sh.603373,-0.07071148875155707
sh.603375,0.21023832043520466
sh.603378,0.5051094109469736
sh.603379,0.11640596894398109
sh.603380,-0.2157185036505893
sh.603381,-0.32052251382217334
sh.603383,-0.26602329816148956
sh.603385,0.5762992517307602
sh.603386,-0.4164232347215955
sh.603387,-0.6927025537148733
sh.603389,0.03521215975515991
sh.603390,-0.0019109495599720259
sh.603391,0.5663043064597112
sh.603393,-0.559984390225578
sh.603396,0.6299976437866108
sh.603398,0.18188308612972745
sh.603399,-0.03578898604296533
sh.603408,-0.1610827757660456
sh.603416,-0.18916109853448396
sh.603421,0.3479425619020079
sh.603429,0.5369730269314757
sh.603439,0.15609246790209447
sh.603456,0.022075743013617127
sh.603458,-0.24195095491721264
sh.603466,-0.11332615664355018
sh.603477,0.03514966149836137
sh.603488,-0.6907340463234017
sh.603489,-0.43199892483108254
sh.603496,-0.3352436342020104
sh.603499,-0.8794513593295741
sh.603500,-0.5573077428591234
sh.603505,-0.0274528367828591
sh.603506,-0.15264554627626895
sh.603507,0.03274609276819416
sh.603508,-0.31910051444903487
sh.603511,0.17233769069501123
sh.603515,-0.24977241787005128
sh.603517,-0.6569231267914181
sh.603518,-0.22657874782615248
sh.603519,-0.9686312531254145
sh.603520,0.18706487258904336
sh.603527,-0.4934492278654209
sh.603528,-0.13876104940095818
sh.603529,0.5063780512831773
sh.603530,-0.08233193929662791
sh.603533,-0.5436422867715758
sh.603535,-0.3244708189302889
sh.603536,-0.5130722738194757
sh.603538,0.5852007671552037
sh.603551,-0.6197331009084828
sh.603556,-0.2680864473536866
sh.603558,0.17234319933914616
sh.603565,0.6448508463757785
sh.603566,0.12590553626266018
sh.603567,0.445106764677408
sh.603568,-0.31199101515468036
sh.603569,-0.05183842440550054
sh.603577,-0.48045999378441706
sh.603578,-0.32737406033879607
sh.603579,0.08768470629417885
sh.603580,-0.9167861964946034
sh.603583,-0.3990400732715002
sh.603585,-0.08064190555797998
sh.603586,-0.5575981811744694
sh.603587,-0.1337877167331394
sh.603588,-0.27307679377662036
sh.603589,-0.15295958691883937
sh.603590,0.27552843908836455
sh.603595,-0.661650918135486
sh.603596,0.881985119568481
sh.603598,0.2504863103809085
sh.603599,-0.06782517062396821
sh.603600,-0.8374526553807449
sh.603601,-0.17449374071557036
sh.603602,-0.2141325083565593
sh.603607,-0.6583969110497366
sh.603609,-0.174087518617679
sh.603610,-0.5237968645610124
sh.603611,0.5773713133070432
sh.603612,0.3889683203097111
sh.603613,-0.5151041882020052
sh.603615,-0.20493221884185459
sh.603616,0.01017793565320383
sh.603617,-0.31848420778011377
sh.603618,0.34376980997664663
sh.603619,0.0050782858442095825
sh.603626,-0.5132197429073079
sh.603628,-0.006771375607052892
sh.603629,-0.42569150815195184
sh.603630,-0.4333466504798157
sh.603633,0.04427717506466089
sh.603636,0.36759491028797536
sh.603637,-0.7576548375900802
sh.603638,-0.6133470391933143
sh.603639,-0.1207838575708034
sh.603648,-0.4217833767271529
sh.603650,0.727112771503031
sh.603655,-0.8052735135556519
sh.603656,-0.02444532014531816
sh.603657,-0.5263244163932991
sh.603658,0.143687919052481
sh.603659,-0.43126758335687154
sh.603660,-0.5971282991093384
sh.603661,-0.7816642575001774
sh.603663,0.03789451799653187
sh.603665,-0.2147918743509285
sh.603666,-0.9609223089554815
sh.603667,-0.09254846488633045
sh.603668,0.34613487960673706
sh.603669,-0.30682322331861833
sh.603676,-0.09847342272979355
sh.603677,-0.4814206669451731
sh.603678,-0.050369057317802474
sh.603679,-0.47492125051301
sh.603680,-0.4542119663456963
sh.603681,0.38106498617287476
sh.603682,-0.05831213026469118
sh.603683,-0.39611344253543623
sh.603685,0.49752977555966293
sh.603686,0.008032392018920136
sh.603687,-0.7061592990024161
sh.603688,-0.3842510960439713
sh.603689,0.11510707690464532
sh.603690,-0.09836662094350153
sh.603693,-0.39865964370670876
sh.603696,-0.06567028783118588
sh.603697,-0.15225250277340044
sh.603698,-0.7052889365217113
sh.603699,-0.8081731887029544
sh.603700,-0.2595552981092387
sh.603701,-0.08927077191785797
sh.603703,0.19895190508469907
sh.603706,0.14850773427946873
sh.603707,-0.044093350365252575
sh.603708,-0.05895130273738372
sh.603709,-0.2209134458595016
sh.603711,-0.1291350916512068
sh.603712,-0.4795699195346635
sh.603716,0.293771876768607
sh.603717,-0.12197261684743596
sh.603718,0.2282548159267311
sh.603719,0.08430514224371793
sh.603721,-0.6498904036506433
sh.603722,0.02090045857884178
sh.603725,-0.34738971303201466
sh.603726,-0.625392213983768
sh.603727,-0.043671355879245095
sh.603729,-0.5465957266671511
sh.603730,0.15363874416288187
sh.603733,0.013340243965752662
sh.603737,-0.19330625154682177
sh.603738,-0.16205736322875752
sh.603739,0.21625087634732973
sh.603755,-0.7241319060722332
sh.603757,0.07438353087565361
sh.603758,0.2580355608430195
sh.603759,-0.20348309669028009
sh.603766,0.2863147475167341
sh.603767,-0.27797047441107
sh.603768,-0.089759934145485
sh.603773,-0.48525192421617
sh.603777,0.44890542204703504
sh.603778,-0.8139785277404427
sh.603779,-0.22519595739000572
sh.603787,-0.3608218887005844
sh.603788,0.16365450099533238
sh.603789,0.0664701402694505
sh.603790,-0.6781208889383291
sh.603797,-0.46694343252722154
sh.603798,-0.7656966335005427
sh.603799,-0.38588607956648346
sh.603800,-0.8806582431925796
sh.603801,-0.7193050650669882
sh.603803,-0.22293343852020522
sh.603806,-0.22153171667584723
sh.603808,-0.36330249908674345
sh.603809,-0.8895801718545245
sh.603810,-0.406542891571538
sh.603811,0.4529710545682767
sh.603813,0.4147610447517744
sh.603815,0.16998847810567613
sh.603816,-0.32883691929902087
sh.603817,-0.1743619272064043
sh.603818,-0.00043321387152389976
sh.603819,0.5281102235957359
sh.603823,-0.89265310087692
sh.603825,-0.4871266442074044
sh.603826,-0.36298777529535875
sh.603829,0.052688560442043376
sh.603836,0.6548675587676743
sh.603838,-0.46656878443739935
sh.603839,-0.43207452598430884
sh.603843,-0.8053792726897022
sh.603848,0.13201565009947894
sh.603855,-0.16164387279494288
sh.603856,-0.027693913023378966
sh.603858,0.30576446163865423
sh.603859,-0.4050662928073393
sh.603860,0.00972191669059889
sh.603861,-0.5908354044706358
sh.603863,-0.12825444530561772
sh.603866,0.15535086188641492
sh.603867,-0.24325326355416915
sh.603868,-0.1148090098033557
sh.603871,-0.2641095920704594
sh.603876,0.048391417180568816
sh.603877,-0.39486164729931555
sh.603878,-0.02363749192262676
sh.603880,0.2858829469463964
sh.603881,-0.40172608022125733
sh.603882,-0.12653755516167642
sh.603883,-0.022319063042099897
sh.603885,-0.4571819240950634
sh.603886,0.2841170295025972
sh.603887,0.6912812020901608
sh.603888,-0.01881688391646591
sh.603889,0.13545437566283028
sh.603890,-0.4015453729243337
sh.603895,-0.32448227959496834
sh.603896,0.4165379031969954
sh.603897,-0.37081542178182314
sh.603898,0.17531708719111178
sh.603899,-0.11663622925792283
sh.603900,0.5604467169127036
sh.603901,-0.712545386916491
sh.603903,-0.8931852023840124
sh.603906,-0.07292810814349186
sh.603908,-0.49011067593204427
sh.603909,-0.0011008107008445356
sh.603912,-0.08074685699726239
sh.603915,-0.8083862942971036
sh.603916,-0.4236450646529174
sh.603917,0.20277958305449795
sh.603918,-0.8018402089127614
sh.603919,0.19744111862790578
sh.603920,-0.08302968618534019
sh.603922,-0.6195256104877235
sh.603926,0.813352123509366
sh.603927,-0.46132906762937015
sh.603928,-0.0798311417269358
sh.603929,0.03532945070605476
sh.603931,-0.7549283306511547
sh.603933,0.1892088517235983
sh.603936,-0.12688766568606172
sh.603937,-0.1801388020502091
sh.603938,0.275852934160598
sh.603939,-0.1671563188458085
sh.603948,0.6895793298625637
sh.603949,-0.3036333989905426
sh.603950,-0.6119267754126736
sh.603955,-0.37279207731963127
sh.603956,0.23297603509953912
sh.603958,-0.14300572971114947
sh.603960,-0.4754952306108408
sh.603966,0.38966691133340403
sh.603967,-0.05213382699140942
sh.603968,0.35341495375121273
sh.603969,-0.2669858324200225
sh.603970,-0.6931629022554764
sh.603976,-0.01586938325883587
sh.603977,0.025816188063845162
sh.603978,-0.0819576666798866
sh.603979,-0.7248458441464265
sh.603980,-0.044988218822596196
sh.603982,0.2006194133657975
sh.603983,-0.6028505441260379
sh.603985,-0.008173325875649437
sh.603987,0.42330617690069866
sh.603988,-0.6031677940574391
sh.603989,-0.6811182356324993
sh.603990,-0.9551218753829124
sh.603992,0.5377033249902186
sh.603993,-0.061349327309505375
sh.603995,-0.04445145081038243
sh.603997,-0.22244043176640318
sh.603998,0.1917606579880475
sh.603999,-0.21498329782561298
sh.605001,-0.04695500425166446
sh.605003,0.14832645617775153
sh.605005,0.231848715798689
sh.605006,-0.02850981032633152
sh.605007,0.2613197081702062
sh.605008,-0.5997891104485551
sh.605009,-0.06335015539345382
sh.605011,-0.4188198898254077
sh.605016,0.37224237533792204
sh.605018,-0.46366732348962203
sh.605020,-0.04424922275106261
sh.605028,-0.5025960220134648
sh.605033,-0.07201330701511525
sh.605050,0.08893971169878057
sh.605055,-0.2779473050669888
sh.605056,-0.100022486923805
sh.605058,-0.044057633539217364
sh.605060,0.5433111931679103
sh.605066,-0.3927410477947565
sh.605068,-0.11192298632533522
sh.605069,0.05474616331974736
sh.605077,-0.5070791730664926
sh.605080,-0.8766253379577464
sh.605081,-0.34989747747104866
sh.605086,-0.6845226147691814
sh.605088,0.427989448839427
sh.605089,-0.6644362815922562
sh.605090,0.28945639437912724
sh.605098,-0.11939404615635896
sh.605099,0.3410741513467348
sh.605100,-0.7533834947389041
sh.605108,-0.681476124295739
sh.605111,-0.13067058659478364
sh.605116,0.17026340909913995
sh.605118,-0.3302076040273148
sh.605122,0.003201431197875568
sh.605128,-0.42211838879703867
sh.605133,0.5353312005839524
sh.605136,0.020401639182499567
sh.605138,-0.26030252213268035
sh.605151,-0.20369431894749748
sh.605155,-0.3874382691751408
sh.605158,-0.5475496659459227
sh.605162,0.1558705040625289
sh.605166,-0.03954176937700287
sh.605167,0.5484841867216593
sh.605168,0.2467678197844855
sh.605169,0.45625298455824426
sh.605177,0.4867890123157347
sh.605178,-0.27915961833189634
sh.605179,0.059005901616484696
sh.605180,-0.2923206112998207
sh.605183,-0.05355499974062533
sh.605186,0.14175616009419778
sh.605188,0.09310403707430828
sh.605189,0.5058050369408592
sh.605196,-0.7452064963551318
sh.605198,-0.8014797767070692
sh.605199,-0.1290247334010416
sh.605208,0.22772034520876555
sh.605218,-0.579239888040356
sh.605222,0.0909862793785527
sh.605228,-0.5847521642864245
sh.605255,-0.07825746433784939
sh.605258,0.08745898132226748
sh.605259,-0.2766280223253751
sh.605266,0.13402108510012511
sh.605268,-0.14186619867686753
sh.605277,-0.42180920468115135
sh.605286,0.05387451923256666
sh.605287,-0.43524118055120714
sh.605288,-0.002880757946790644
sh.605289,-0.31607010467842606
sh.605296,0.26094839307155493
sh.605298,-0.28133488704352944
sh.605299,-0.3246556701447801
sh.605300,-0.3280499588628401
sh.605303,0.26724205505812504
sh.605305,-0.3718473254134815
sh.605318,0.06497683510696968
sh.605319,-0.19811540656312507
sh.605333,0.1444241194982774
sh.605336,-0.7307418627333537
sh.605337,-0.025520737653875806
sh.605338,0.19931659065643842
sh.605339,0.3979604488522726
sh.605358,-0.49931600842603513
sh.605365,-0.32796474881701254
sh.605366,0.4773908279629413
sh.605368,0.09470843638010948
sh.605369,0.06600812599952177
sh.605376,-0.2721229057396735
sh.605377,-0.608065491290476
sh.605378,-0.7601070542734257
sh.605388,-0.0912540316050115
sh.605389,-0.2255775642954577
sh.605398,-0.8784372880857738
sh.605399,0.5978713872198985
sh.605488,-0.6708572907217049
sh.605500,-0.533348748535005
sh.605507,-0.25724784801944195
sh.605555,-0.42254343236361563
sh.605566,-0.7713580661901069
sh.605567,-0.11953550156545081
sh.605577,0.10932630065323372
sh.605580,-0.8088136065840639
sh.605588,-0.17897525404913248
sh.605589,-0.4876190934149836
sh.605598,-0.7913312876627508
sh.605599,-0.4447489010479629
sz.000001,0.23740775210238457
sz.000002,0.022876186318587993
sz.000004,-0.6282589037231607
sz.000006,-0.23883616955122733
sz.000007,-0.2344240700228682
sz.000008,0.6614884708739945
sz.000009,-0.2764354964504664
sz.000010,-0.09408660754046237
sz.000011,-0.5756538769082287
sz.000012,0.19681572321088406
sz.000014,-0.33077331102121926
sz.000016,-0.47264454617669005
sz.000017,0.5613554201831934
sz.000019,0.08713490680089003
sz.000020,0.1845200801875503
sz.000021,-0.6672606124674271
sz.000025,-0.4960456527034557
sz.000026,-0.691005059506071
sz.000027,-0.2747285594867765
sz.000028,0.07658916441412401
sz.000029,0.08098817523105716
sz.000030,0.23180274080714558
sz.000031,0.2594834751591688
sz.000032,-0.34606314074476874
sz.000034,0.11286427691969242
sz.000035,-0.5478309708630175
sz.000036,0.23327464363836847
sz.000037,-0.2801554670861336
sz.000039,0.30511846559820627
sz.000042,-0.47064758464944273
sz.000045,-0.5289105596519467
sz.000048,-0.26738346826727916
sz.000049,-0.16346086391005077
sz.000050,-0.5538916921352813
sz.000055,0.3118763185806381
sz.000056,-0.40786539100766395
sz.000058,0.25037913980533827
sz.000059,-0.3555165592987886
sz.000060,-0.2975675385673847
sz.000061,-0.575221587124004
sz.000062,-0.6881785131384001
sz.000063,-0.3535630103192562
sz.000065,-0.7239895062192147
sz.000066,-0.7520479812499661
sz.000068,0.20788694357630036
sz.000069,0.6060517478397772
sz.000078,0.4843170053781983
sz.000088,-0.006349082982220973
sz.000089,0.5777595228163466
sz.000090,-0.4654327710405882
sz.000096,-0.6527585195263941
sz.000099,-0.794593875110005
sz.000100,-0.499198142438049
sz.000151,-0.925759373253601
sz.000153,0.6285906503654843
sz.000155,0.1585452397152315
sz.000156,0.03440671663713926
sz.000157,-0.3316179466761302
sz.000158,-0.8620674537440453
sz.000159,-0.6255906337175806
sz.000166,-0.2743385053576166
sz.000301,-0.2620678587509125
sz.000338,-0.2951267850053467
sz.000400,0.3279690520086551
sz.000401,-0.3614859671185632
sz.000402,-0.750240877502532
sz.000403,0.06209683283306418
sz.000404,0.21405704915447843
sz.000407,-0.09671412759299829
sz.000408,-0.4563614928765041
sz.000409,0.04900831963289024
sz.000410,-0.5351834060451266
sz.000411,0.22797386501492067
sz.000415,-0.2673961211009109
sz.000417,-0.496113210348558
sz.000419,0.016821402487128507
sz.000420,-0.3619949913709225
sz.000421,0.02722972310172433
sz.000422,-0.19234544192525269
sz.000425,-0.24587275655156973
sz.000426,-0.4593394853616432
sz.000428,-0.2907795943902084
sz.000429,-0.10942109730056995
sz.000430,-0.4733915475578927
sz.000488,-0.5972850565931267
sz.000498,-0.6444821569464536
sz.000501,-0.062437883863050006
sz.000503,-0.9382140823587977
sz.000504,-0.2890331109051003
sz.000505,-0.39844381674244844
sz.000507,-0.24237107865514143
sz.000509,-0.7605132278126031
sz.000510,0.5134521514006751
sz.000513,0.34567336529975135
sz.000514,0.08943059022388088
sz.000516,-0.19575055980155273
sz.000517,0.12942546677418082
sz.000518,0.06464126903658593
sz.000519,-0.9189851652623556
sz.000520,-0.8148799612783256
sz.000521,-0.664013252379745
sz.000523,0.3464510636765031
sz.000524,0.06474860018773371
sz.000526,-0.44713150243054367
sz.000528,0.2707699780620637
sz.000529,0.03537599191467298
sz.000530,-0.5252627509017955
sz.000531,0.8246976042948324
sz.000532,0.034396526281094825
sz.000533,-0.8314240422120395
sz.000534,-0.3624239148853837
sz.000536,-0.6922939149307775
sz.000537,-0.2820103257893936
sz.000539,0.18348091822970453
sz.000541,0.03450745893035657
sz.000543,-0.5459646606936206
sz.000544,0.36571624266195035
sz.000545,0.18760811593381915
sz.000546,0.3647550285322018
sz.000547,-0.5779595019366962
sz.000548,0.20200482913747722
sz.000550,0.023188366736026467
sz.000551,-0.7170360907428912
sz.000552,0.004013873104070088
sz.000553,-0.162582623002024
sz.000554,-0.4010371848038664
sz.000555,0.5387433163922636
sz.000557,-0.0841091824381583
sz.000558,0.43703265694714727
sz.000559,-0.1437069365999051
sz.000560,0.26983651954598087
sz.000561,-0.5558601841225689
sz.000563,-0.034731221358443976
sz.000564,-0.43463345234496104
sz.000565,0.7977059880120314
sz.000566,-0.7241471322954954
sz.000567,0.11771258467156005
sz.000570,0.20694005161928128
sz.000571,-0.18390355617533596
sz.000572,-0.11200625973504592
sz.000573,-0.3915031132786436
sz.000576,0.010344112205729152
sz.000581,0.010013570038685075
sz.000582,-0.09237292431428787
sz.000586,-0.5039708011475321
sz.000589,0.11980253725850766
sz.000590,0.7109308905110695
sz.000591,-0.29098311907770397
sz.000592,-0.09053514836050681
sz.000593,-0.45020024590328167
sz.000595,-0.7412992347676063
sz.000597,0.23798270922780668
sz.000598,-0.05252134607945461
sz.000599,-0.2141926780830451
sz.000600,0.36019830437229966
sz.000601,-0.3460884070947315
sz.000603,-0.5016740394019776
sz.000605,0.22029320236066105
sz.000607,-0.2847163091011134
sz.000608,-0.12409912093627852
sz.000610,-0.2678398784474488
sz.000612,0.08104903115049182
sz.000617,-0.5543302680950454
sz.000619,-0.6893658789316632
sz.000620,-0.3612324580663749
sz.000623,-0.05536464202172347
sz.000625,-0.4441798415415133
sz.000626,-0.4543577018094586
sz.000627,-0.40987103360495214
sz.000629,-0.07575872547938058
sz.000630,-0.20552463691222098
sz.000631,-0.46526079467315257
sz.000632,-0.43617455898203294
sz.000633,-0.9180140745263485
sz.000635,-0.08834247174513672
sz.000636,-0.4091826968115875
sz.000637,-0.13940099873589173
sz.000638,0.11238815248873188
sz.000639,-0.37278755096794414
sz.000650,-0.20851897185510854
sz.000651,-0.3619170204312973
sz.000652,-0.4206832487599376
sz.000655,-0.7655946805267267
sz.000657,-0.9649217950652687
sz.000659,-0.22803119752693735
sz.000663,0.2797786448693862
sz.000665,0.5595288094133243
sz.000668,-0.36651994761235546
sz.000670,-0.648946177254667
sz.000672,-0.6045410439688672
sz.000676,-0.6584184458884814
sz.000677,-0.04732339444662816
sz.000678,-0.08374245075597764
sz.000679,-0.3814949778109742
sz.000680,-0.7842917343023913
sz.000681,0.07817799666600449
sz.000682,-0.8841266391959832
sz.000683,-0.2778431047848815
sz.000685,-0.20166314210418082
sz.000686,-0.22250942087268077
sz.000688,-0.2216672131933307
sz.000690,-0.010504213654772474
sz.000691,-0.3405567760331749
sz.000692,-0.5416677815854956
sz.000695,-0.5103879288755794
sz.000697,-0.05975019321753326
sz.000698,-0.8029426227910257
sz.000700,-0.6756727909360802
sz.000701,-0.3221127887548529
sz.000702,-0.024312667799205157
sz.000703,-0.16258362062566303
sz.000705,-0.5297141620993149
sz.000707,0.04637907794008871
sz.000708,0.14993003198507698
sz.000709,0.3988912218577739
sz.000710,0.2968402406184575
sz.000712,-0.45548611887362295
sz.000713,0.6206659497123863
sz.000715,-0.15304902186780264
sz.000716,-0.47284048510943577
sz.000717,-0.1774209491195648
sz.000718,-0.16220523967338077
sz.000719,-0.339160430844719
sz.000720,0.3110298718568463
sz.000721,-0.4958923919989157
sz.000722,-0.894393767029795
sz.000723,-0.622426530022493
sz.000725,-0.3276875697453099
sz.000726,-0.195375399432429
sz.000727,-0.0421701708525307
sz.000728,-0.19512121558549111
sz.000729,0.41163828565223043
sz.000731,-0.3638107832100849
sz.000733,0.0316581556594781
sz.000735,-0.5076232311929031
sz.000736,0.07835923335804808
sz.000737,-0.2783316957166735
sz.000738,-0.25179843875173036
sz.000739,-0.14093887333236477
sz.000750,-0.39839684929041347
sz.000751,-0.32979388002247745
sz.000753,-0.019739039114523006
sz.000755,0.5607312810189994
sz.000756,0.04164685142738699
sz.000757,0.5412741551593334
sz.000758,0.15235262533219068
sz.000759,-0.22478291087076158
sz.000761,-0.30056346073410317
sz.000762,-0.12562814774947054
sz.000766,0.449236114862414
sz.000767,-0.13937627754664514
sz.000768,-0.12441926930268034
sz.000776,-0.3887871310625909
sz.000777,-0.7842750387891237
sz.000778,-0.004381636457540662
sz.000779,-0.4765957205651689
sz.000782,0.4574560551419216
sz.000783,-0.41239396673855205
sz.000785,-0.5023916969023432
sz.000786,0.5026000266855751
sz.000788,0.3902287486058642
sz.000789,0.4884792317084227
sz.000790,0.12163365346030722
sz.000791,0.34509146441463023
sz.000792,0.3854776711882873
sz.000793,-0.6019719225418305
sz.000795,-0.7392418261937977
sz.000796,-0.47715289434081115
sz.000797,-0.7075366301572102
sz.000798,0.1473022686891202
sz.000800,0.09503075519200321
sz.000801,-0.6179954152290148
sz.000802,-0.2744631938933061
sz.000803,0.41730558216349134
sz.000807,-0.048748841716888154
sz.000810,-0.5934247073320943
sz.000811,-0.17215137740940262
sz.000812,-0.12382163962054875
sz.000813,-0.19381113535881814
sz.000815,0.07368748800120715
sz.000816,-0.1637196659634958
sz.000818,-0.7981723492380564
sz.000819,-0.3530278234743433
sz.000820,-0.8434023483811245
sz.000821,-0.5281844545884934
sz.000822,-0.21719733497662339
sz.000823,-0.22784712934623694
sz.000825,0.04212135987671704
sz.000826,0.33511458828786067
sz.000828,-0.06350509434671985
sz.000829,-0.3810294287587226
sz.000830,-0.7241173000609574
sz.000831,-0.928338136365537
sz.000833,0.21559817207513163
sz.000837,-0.5448461625951079
sz.000838,-0.01986672857295292
sz.000839,-0.1995770794759068
sz.000848,-0.06383253004451113
sz.000850,-0.49210396368811454
sz.000852,-0.03866711481159605
sz.000856,-0.5741905479117358
sz.000860,0.05716607342635562
sz.000862,-0.49150923927255713
sz.000863,0.07536682120357692
sz.000868,-0.36397553010823497
sz.000869,0.056267392073820574
sz.000875,-0.32468825337930596
sz.000876,-0.17579411291101618
sz.000877,-0.20906922033180925
sz.000878,-0.07016399694810718
sz.000880,0.4130278931160384
sz.000881,-0.5227834890583791
sz.000882,-0.424760265546859
sz.000883,0.027118597870999277
sz.000885,-0.45079617832651525
sz.000886,-0.03662044828653109
sz.000887,-0.051759754003530965
sz.000888,-0.2029736777252918
sz.000890,-0.2925376570895204
sz.000892,0.4718428377445808
sz.000893,0.13060898760306547
sz.000895,0.0503149058550153
sz.000897,-0.16955450887816292
sz.000898,0.3748087389752927
sz.000899,0.06302811928533651
sz.000900,-0.6155838755593672
sz.000901,-0.4848052062810525
sz.000902,-0.3190457488616197
sz.000903,-0.6582526898489213
sz.000905,0.36408252060174645
sz.000906,-0.49041724127060066
sz.000910,-0.35131279330978377
sz.000911,-0.8112549666416728
sz.000912,0.20055553669727133
sz.000913,0.05870511348181769
sz.000915,-0.3668178157593662
sz.000917,0.5565527928002052
sz.000919,-0.18836401993748209
sz.000920,0.03341797664807087
sz.000921,0.7818551200518932
sz.000922,0.12904380690741327
sz.000923,0.3814424530695606
sz.000925,-0.6729947240272247
sz.000926,-0.15632340594318841
sz.000927,0.1175526667193823
sz.000928,-0.8945516838250105
sz.000929,-0.4366967430772056
sz.000930,0.2908151972980485
sz.000931,0.5506737765883105
sz.000932,-0.24319156099740247
sz.000933,0.3098181575875547
sz.000935,0.04655356368851287
sz.000936,0.480967171159229
sz.000937,-0.10805710679225432
sz.000938,-0.07398261798334091
sz.000948,-0.08719202375322009
sz.000949,-0.7753101295409662
sz.000950,0.16990524481567046
sz.000951,-0.874791041697306
sz.000952,-0.7470175861550447
sz.000953,-0.68278148036077
sz.000955,-0.3553294027707411
sz.000957,0.44046456558154534
sz.000958,-0.9220974319332945
sz.000959,0.06822678803709822
sz.000960,-0.057583247867849484
sz.000962,0.14228814529594666
sz.000963,-0.3319524707732165
sz.000965,-0.8885669867743804
sz.000966,-0.6314962006423775
sz.000967,-0.24679913099203066
sz.000968,0.01757785459446348
sz.000969,-0.05450939681085533
sz.000970,-0.4797370739170072
sz.000972,0.4638024707046153
sz.000973,-0.40784629222296803
sz.000975,0.5527791441946414
sz.000977,-0.3609743135356542
sz.000978,-0.07012852754508986
sz.000980,-0.755360606755958
sz.000981,-0.41242818859818425
sz.000983,-0.3433652914941576
sz.000985,-0.5231931506543703
sz.000987,0.05952625727413208
sz.000988,-0.5375799136683477
sz.000990,-0.43887015326728446
sz.000993,0.7644975851088284
sz.000995,-0.14458388370383127
sz.000997,-0.5482714309345187
sz.000998,-0.27294822384200723
sz.000999,-0.18239189135893366
sz.001201,0.6760550220630569
sz.001202,-0.8246919468501983
sz.001203,-0.11063498646948905
sz.001205,0.32260676087179835
sz.001206,-0.2582880914023323
sz.001207,-0.2906391527647479
sz.001208,-0.6007978927202394
sz.001209,-0.3050507433829919
sz.001210,-0.8969546292780752
sz.001211,-0.021664289191629313
sz.001212,-0.4533975297539707
sz.001213,0.004883898386496153
sz.001215,-0.04709494052872301
sz.001216,0.35961232121460246
sz.001217,-0.23596789252942899
sz.001218,-0.33814629055168804
sz.001219,0.21423641781675665
sz.001222,-0.5209998681969201
sz.001223,-0.7268702547801171
sz.001225,0.35135854502607183
sz.001226,-0.5579326088577657
sz.001227,0.3196019470133
sz.001228,-0.16592213982873916
sz.001229,-0.18647483194376793
sz.001230,0.458812509526586
sz.001231,0.31649851559268294
sz.001234,-0.30640040623318304
sz.001236,0.166591798869409
sz.001238,0.4038433839861144
sz.001239,-0.5350921098093845
sz.001255,-0.6237761376270914
sz.001256,-0.36856319358597156
sz.001258,-0.0038097120370924552
sz.001259,0.7021649841983407
sz.001260,-0.23383932132986132
sz.001266,-0.45199863140282487
sz.001267,-0.39229948282000043
sz.001268,-0.3328560788855273
sz.001269,-0.7844742602124909
sz.001270,-0.37696966914574703
sz.001277,0.27113296905244344
sz.001278,0.06484826448853971
sz.001282,-0.3042783853204043
sz.001283,-0.32073378507853517
sz.001286,0.4493605901702125
sz.001287,-0.45867953285189494
sz.001288,0.03334050756059302
sz.001289,-0.08471679752382824
sz.001296,-0.8473837944993534
sz.001298,-0.3797345280051669
sz.001299,-0.5201161543739411
sz.001300,0.16565851512251006
sz.001308,-0.4703803633052149
sz.001311,-0.36384190334251315
sz.001313,-0.5134143172721756
sz.001314,0.27318638283518
sz.001316,0.10547065086647055
sz.001317,0.08503103856393047
sz.001318,-0.7239994553464398
sz.001319,-0.7691665860640731
sz.001322,-0.16210353736234917
sz.001323,-0.04043905527495282
sz.001324,-0.6478766438572529
sz.001326,0.20359915376870177
sz.001328,-0.009137840664012164
sz.001330,-0.15003757861749537
sz.001331,-0.22479318962255287
sz.001332,-0.8310400774074133
sz.001333,-0.1251856849945593
sz.001336,0.002704610384099656
sz.001337,-0.0662320426965007
sz.001338,-0.027527578951850946
sz.001339,0.31660458574136946
sz.001358,-0.14790662480726507
sz.001359,0.2886792769181745
sz.001360,0.46742879144297916
sz.001366,-0.4338472335184889
sz.001367,0.3857924382023136
sz.001368,-0.2925470322352676
sz.001373,-0.020210026865075184
sz.001376,-0.22183894104271182
sz.001378,-0.37211537359957875
sz.001379,-0.8404013423993567
sz.001380,-0.5601844361859837
sz.001387,-0.24100090131693042
sz.001389,-0.13207114207822004
sz.001696,-0.7767632676596892
sz.001872,-0.0546409673357114
sz.001896,0.27510776770152473
sz.001914,0.14620338383994017
sz.001965,-0.20051291205575644
sz.001979,-0.22758800134185783
sz.002001,0.06756121481191764
sz.002003,0.4155497348231276
sz.002004,-0.1269246579424838
sz.002006,-0.844452741816381
sz.002007,-0.38185335776291884
sz.002008,-0.8304770137906776
sz.002009,-0.4667618269411863
sz.002010,0.3431949756416318
sz.002011,-0.15876196441785298
sz.002012,-0.2938556105014139
sz.002014,0.08242651624329672
sz.002015,-0.4109006123192972
sz.002016,-0.851250437084622
sz.002017,-0.3547282870587649
sz.002019,0.13015235152201104
sz.002020,-0.08719346383528327
sz.002021,-0.4134635202017269
sz.002022,0.6014163625964746
sz.002023,-0.3595929476403021
sz.002026,-0.5553452136466852
sz.002027,-0.11414885813910189
sz.002029,0.1761191849540422
sz.002030,-0.5621326740417669
sz.002031,-0.320365713980796
sz.002033,0.38331258140925617
sz.002034,-0.28095068411709284
sz.002035,-0.11662879442426279
sz.002036,-0.8066742564202566
sz.002037,-0.4439514130769227
sz.002038,0.04151591374929782
sz.002039,-0.3668500268041867
sz.002040,-0.1951867908353459
sz.002041,-0.15094356752572757
sz.002042,-0.691811159708059
sz.002043,0.003446901593647628
sz.002044,0.03564452917660738
sz.002045,-0.4572920316654182
sz.002046,-0.7739603115339893
sz.002047,-0.8831166096381974
sz.002048,-0.5263900678073196
sz.002050,-0.25536724715666115
sz.002051,-0.9375983402435197
sz.002053,0.4055908417568243
sz.002054,0.07614366665881991
sz.002055,-0.13448289340177588
sz.002056,0.1906059326657915
sz.002057,-0.031482092709386705
sz.002058,0.4604328629019441
sz.002059,-0.48918147467668815
sz.002060,0.019590442662437018
sz.002061,-0.4622777669702936
sz.002062,0.1689282855834965
sz.002063,-0.5524373797939014
sz.002064,-0.21405150167402878
sz.002065,-0.7632293719163278
sz.002066,-0.11724744238612754
sz.002067,-0.5055741647434713
sz.002068,-0.5589877621451633
sz.002069,0.19854730115050026
sz.002072,0.479190853063377
sz.002073,-0.5033612399565836
sz.002074,-0.3448653204207502
sz.002075,-0.27084231705387635
sz.002076,0.5003535062442569
sz.002077,-0.7338638252767017
sz.002078,-0.5585737310872464
sz.002079,-0.7845936051073917
sz.002080,0.26375353842923355
sz.002081,-0.14142929823977576
sz.002082,0.018252006883746095
sz.002083,-0.7700372312192033
sz.002084,0.12285671972598186
sz.002085,-0.5578004929620513
sz.002086,0.9970835964056111
sz.002088,0.1056201379517568
sz.002090,0.14742543770334146
sz.002091,-0.4231054290923892
sz.002093,-0.4963245419093794
sz.002094,-0.9720067983334606
sz.002095,0.6752679214788488
sz.002096,-0.5198347866029226
sz.002097,-0.5854808274149509
sz.002098,-0.5985819000259869
sz.002099,0.5513888760926536
sz.002100,0.14127937129456408
sz.002101,-0.7028121115427503
sz.002102,0.053819610120269805
sz.002103,-0.5895896197091189
sz.002104,-0.3636729402909259
sz.002105,-0.3634697987095538
sz.002106,-0.34805921151160124
sz.002107,0.32768998117150566
sz.002108,-0.5069653339084114
sz.002109,-0.21106202698791476
sz.002110,0.37632542253158285
sz.002111,-0.3436097295553448
sz.002112,-0.4132325479755684
sz.002114,-0.23527194567637408
sz.002115,0.4309568476893104
sz.002116,0.25810747915103655
sz.002117,0.2972264139468389
sz.002119,-0.770510731799671
sz.002120,-0.02364239503016984
sz.002121,-0.7363505375149102
sz.002122,-0.4402460652184275
sz.002123,-0.1121784914685866
sz.002125,0.2897876844709539
sz.002126,0.4995044642877484
sz.002127,0.6486699581493272
sz.002128,-0.14865363507480372
sz.002129,0.23717709338123738
sz.002130,-0.6176501248992079
sz.002131,0.16882993468115728
sz.002132,-0.012858105241111353
sz.002133,0.005022054538681992
sz.002134,-0.7820727493875372
sz.002135,-0.3255771892547325
sz.002136,-0.19926838967975466
sz.002137,0.06620333828439828
sz.002138,0.37331283317979064
sz.002139,-0.7875560337190444
sz.002140,-0.5313872603231888
sz.002142,0.09567038944949366
sz.002144,-0.8687899082304401
sz.002145,-0.6338891307564717
sz.002146,-0.4668126450507036
sz.002148,-0.3024818488169778
sz.002149,-0.5697143596574032
sz.002150,-0.20119959885031788
sz.002151,-0.9133645418425125
sz.002152,-0.3841006654332244
sz.002153,-0.17191898612191034
sz.002154,0.062397580981624005
sz.002155,0.901153761865703
sz.002156,-0.6141077879278947
sz.002157,-0.0999350744995061
sz.002158,-0.01743839019508578
sz.002159,0.4294577300608638
sz.002160,0.10838032424585868
sz.002161,-0.6833507886260024
sz.002162,0.029269093169250616
sz.002163,-0.8450914340218052
sz.002164,-0.48080633123619465
sz.002165,0.010112574322010815
sz.002166,0.4160054091037864
sz.002167,0.768086145963238
sz.002169,-0.5997094533377884
sz.002170,-0.4086240774025063
sz.002171,-0.4579461371709086
sz.002172,-0.2520587672836365
sz.002173,-0.6475427577728774
sz.002174,-0.31644690073352677
sz.002175,0.31621263505662806
sz.002176,-0.6350324526588634
sz.002177,-0.5766245822014999
sz.002178,-0.8449873807183857
sz.002179,0.15182247035201715
sz.002180,0.032066573792502245
sz.002181,0.6261478567428151
sz.002182,-0.28626205672516636
sz.002183,0.006010894968104776
sz.002184,-0.7241025027051343
sz.002185,-0.48619635077353335
sz.002186,-0.19899623716578305
sz.002187,0.1099602532480435
sz.002188,-0.36028158548772404
sz.002189,-0.39394847552940904
sz.002190,-0.18911000343777817
sz.002191,-0.11477438714339504
sz.002192,-0.7707987653014056
sz.002193,-0.5224015906956861
sz.002194,0.13286192296493943
sz.002195,0.2715401776769427
sz.002196,0.14579546636953727
sz.002198,-0.3002285098467506
sz.002199,-0.5686829648846788
sz.002201,0.5594463819789044
sz.002202,-0.5710161262566469
sz.002203,-0.4475221582645468
sz.002204,-0.14295239493011214
sz.002205,0.3349513319461769
sz.002206,-0.31022075944160254
sz.002207,0.2134579242220764
sz.002208,-0.41118222774504615
sz.002209,-0.6554831033787505
sz.002210,0.49700279959796584
sz.002211,-0.11262056382354324
sz.002212,-0.3788676069097066
sz.002213,-0.05164171152260658
sz.002214,-0.3924950717347821
sz.002215,-0.0771869654801624
sz.002216,-0.05351574310177859
sz.002218,-0.19443448625193735
sz.002219,-0.24183516141912026
sz.002221,-0.6981864731230559
sz.002222,-0.3046948428076918
sz.002223,-0.028124824997728542
sz.002224,-0.19776981383604034
sz.002225,-0.23063832025108846
sz.002226,-0.41439562969152993
sz.002227,-0.41733612699867184
sz.002228,0.614327563421029
sz.002229,-0.837530172517827
sz.002231,0.3228895923457672
sz.002232,-0.5800133105633742
sz.002233,0.11189824780700727
sz.002234,-0.33152667582287026
sz.002235,-0.275076825903843
sz.002236,-0.22147304254761488
sz.002237,-0.2897585899787575
sz.002238,-0.36576911237832255
sz.002239,0.23378299042850462
sz.002240,-0.6377297288628091
sz.002241,-0.722088903985979
sz.002242,-0.551622962957292
sz.002243,-0.12519583973133294
sz.002244,-0.2742063019422582
sz.002245,-0.5407161749169178
sz.002246,-0.66654022934296
sz.002247,0.11407551335565934
sz.002248,-0.3761299149782262
sz.002249,-0.5734469378752938
sz.002250,0.13269615567498116
sz.002252,0.009503841736969868
sz.002253,-0.8167423375649568
sz.002254,-0.3686606513640166
sz.002255,-0.5168073162593034
sz.002256,-0.7750765706136338
sz.002258,-0.1513551208978198
sz.002261,-0.811832951001897
sz.002262,-0.2926150310646219
sz.002263,-0.7993731550605206
sz.002264,-0.030711047594546778
sz.002265,-0.23422561528332925
sz.002266,-0.2288866168619166
sz.002267,0.04621223592478246
sz.002268,-0.3512802721218653
sz.002269,-0.1250395429320565
sz.002270,-0.6299246833398277
sz.002271,-0.33367513107904145
sz.002272,-0.14570746432291196
sz.002273,-0.7398831785503548
sz.002274,-0.028656510937657875
sz.002275,0.1972068074636153
sz.002276,-0.45208078386527595
sz.002278,-0.2286062225193153
sz.002279,-0.3254783660911027
sz.002281,0.19238175624442383
sz.002282,0.5675356104992381
sz.002283,0.16069444691187953
sz.002284,-0.43677131788085277
sz.002285,-0.33697850773258065
sz.002286,0.24969478897198624
sz.002287,-0.19135098210303908
sz.002290,-0.07844186614548243
sz.002291,-0.8219064858625442
sz.002292,-0.6010786700676571
sz.002293,-0.03992279942442381
sz.002294,-0.5917721429869187
sz.002295,-0.01101378914359519
sz.002296,-0.6204242099961967
sz.002297,-0.6677110341656955
sz.002298,0.17565726811363994
sz.002299,0.1710663400788662
sz.002300,-0.04014124609224104
sz.002301,0.0288013222030474
sz.002302,-0.26062506224916654
sz.002303,-0.17775157787245696
sz.002305,-0.290879750886734
sz.002306,-0.5347794111698925
sz.002307,0.2747390532833398
sz.002311,0.09817328982827232
sz.002312,-0.4060792201352946
sz.002313,-0.17974777067723166
sz.002314,-0.27766136348999176
sz.002315,-0.9083503467460695
sz.002317,-0.6669342517194965
sz.002318,-0.47799743013829143
sz.002319,0.43405644155119066
sz.002320,-0.13995945184521666
sz.002321,-0.16938942252266784
sz.002322,0.3334395895837271
sz.002323,-0.002824002554887288
sz.002324,-0.17143859392375674
sz.002326,-0.04221938475709709
sz.002327,0.10890966576860203
sz.002328,-0.8700477668442839
sz.002329,-0.44760864958734864
sz.002330,-0.3627896586039646
sz.002331,0.3978998051177996
sz.002332,0.45641372979503364
sz.002333,-0.11177495604433195
sz.002334,0.9110970825938883
sz.002335,-0.6981499860325852
sz.002337,-0.27542851989261635
sz.002338,-0.8212254428053661
sz.002339,-0.5917090018826698
sz.002340,-0.2910937788289376
sz.002342,-0.2734109873587637
sz.002343,0.14183494037270516
sz.002344,-0.641010569865625
sz.002345,-0.025045296823307243
sz.002346,-0.30856121009127974
sz.002347,-0.7126287608120513
sz.002348,0.5319721754024513
sz.002349,-0.6375388552811435
sz.002350,-0.7713486039777396
sz.002351,-0.45365417526702606
sz.002352,0.17290265559544055
sz.002353,-0.15937792850208743
sz.002354,-0.49735412368797677
sz.002355,-0.7424522505185863
sz.002356,-0.08057441949519836
sz.002357,-0.5263429736096744
sz.002358,-0.44436599148125355
sz.002360,-0.733510896304246
sz.002361,-0.07843570513605898
sz.002362,-0.2735630392439588
sz.002363,0.471734906141505
sz.002364,-0.23843461362005863
sz.002365,-0.9744585831831999
sz.002366,0.1753270413273644
sz.002367,-0.10401097281389303
sz.002368,-0.7396733763478387
sz.002369,-0.4999898293166735
sz.002370,-0.5536985672608874
sz.002372,-0.17120919829057737
sz.002373,-0.16018935110418406
sz.002374,0.24968124635574535
sz.002375,0.4804677262768083
sz.002376,0.5863776923591623
sz.002377,-0.8297409978140968
sz.002378,-0.9392507957891646
sz.002379,-0.1806457086968644
sz.002380,-0.3106829350537608
sz.002381,0.3090125336062991
sz.002382,0.4663876263652211
sz.002383,-0.781504221927409
sz.002384,-0.856572827176797
sz.002385,0.45355156217199055
sz.002386,-0.3351268726125541
sz.002387,-0.1642821243296385
sz.002389,-0.5995509163277466
sz.002390,-0.10472265916024992
sz.002391,0.4261980191089705
sz.002392,-0.3951234101201169
sz.002393,-0.6632805335996442
sz.002394,-0.38779509773150256
sz.002395,0.02735265357574245
sz.002396,0.12657014756646204
sz.002397,0.2255877422871323
sz.002398,-0.38982021357598234
sz.002399,0.30067930667399057
sz.002400,-0.2780571780779139
sz.002401,-0.7507342492468217
sz.002402,-0.229317127303883
sz.002403,0.13872441400449037
sz.002404,-0.8595339772677754
sz.002405,-0.18314178138383497
sz.002406,-0.5202683033149887
sz.002407,-0.6442975165760222
sz.002408,0.6212634614698056
sz.002410,-0.22002075365309223
sz.002412,-0.6101147267373694
sz.002413,-0.5554598553862454
sz.002414,-0.5019584151921388
sz.002415,-0.21224464987541544
sz.002416,-0.9935725614099626
sz.002418,0.0719169188349035
sz.002419,-0.06159716301049385
sz.002420,0.3046698761573101
sz.002421,0.0007356244562413614
sz.002422,-0.9032506524595093
sz.002423,-0.6753776975506006
sz.002426,-0.10078222812499119
sz.002427,-0.3147817156267869
sz.002428,-0.11252351827014748
sz.002429,-0.22668701599613328
sz.002430,-0.6778614120665939
sz.002431,-0.45760958565206616
sz.002432,-0.1910155090908393
sz.002434,-0.6622759653330503
sz.002436,-0.3726826980625491
sz.002437,0.5824180408349836
sz.002438,0.06638816919150406
sz.002439,-0.4035393816514701
sz.002440,0.6012145068384898
sz.002441,-0.5980958276113931
sz.002442,-0.5301350343550741
sz.002443,-0.6193704998823215
sz.002444,-0.4080428354899503
sz.002445,0.2578053612246099
sz.002446,-0.1468323926497434
sz.002448,-0.5158863191721871
sz.002449,-0.26823121761420077
sz.002451,0.21495126071483636
sz.002452,-0.5848822915020064
sz.002453,-0.3082538674099962
sz.002454,-0.3014389874708194
sz.002455,-0.6167913179804805
sz.002456,-0.9420479918412105
sz.002457,-0.1599328945477251
sz.002458,-0.5931458291490411
sz.002459,0.4894994534159505
sz.002460,-0.28771110218432266
sz.002461,0.27448027282094617
sz.002462,0.008433037092466494
sz.002463,0.20559138943043567
sz.002465,-0.5208482200026829
sz.002466,-0.1764807863583436
sz.002467,-0.17139765268290136
sz.002468,0.26629185938761063
sz.002469,0.7937475637320088
sz.002470,-0.3147932056566038
sz.002471,-0.1997385386688221
sz.002472,0.0005792993583297819
sz.002474,0.2816573310192628
sz.002475,-0.538875665107371
sz.002476,-0.7426078734680202
sz.002478,0.1577459437144029
sz.002479,0.6748589758811542
sz.002480,-0.4462268660579214
sz.002481,-0.23437176966388132
sz.002482,-0.4352837743674921
sz.002483,0.26798991116499454
sz.002484,-0.20981832601468217
sz.002486,-0.38097866183543544
sz.002487,-0.07417923196553032
sz.002488,-0.7657070778824372
sz.002489,0.6823721763622363
sz.002491,0.13959096599203857
sz.002492,0.3130109647587124
sz.002493,0.11409564701423755
sz.002494,0.06287109139207651
sz.002495,-0.40985335264043427
sz.002496,-0.47808297943009503
sz.002497,-0.6808682287267771
sz.002498,-0.385574545754344
sz.002500,-0.4247656614757553
sz.002501,-0.2781187418381256
sz.002506,-0.8653239344200531
sz.002507,0.09864082111242885
sz.002508,-0.28619903241427147
sz.002510,0.11793055901701176
sz.002511,0.18269900181856355
sz.002512,-0.4094147995738497
sz.002513,-0.43213177833511107
sz.002514,-0.5355730838427553
sz.002515,-0.7941917811102995
sz.002516,-0.7297690576509849
sz.002517,0.16880565807588052
sz.002518,0.4040640351521552
sz.002519,-0.05622455330914334
sz.002520,-0.5887843179253286
sz.002521,-0.08234216327188676
sz.002522,-0.05652910411381119
sz.002523,-0.3411200120373451
sz.002524,-0.7084300559374326
sz.002526,-0.11692124098133543
sz.002527,0.6103658611712928
sz.002529,0.2545821427488602
sz.002530,-0.8481361084233091
sz.002531,0.02043004424442773
sz.002532,-0.2292987864671661
sz.002533,-0.5455343872771394
sz.002534,-0.19863368200438644
sz.002535,-0.15556826548220537
sz.002536,-0.25866840503224925
sz.002537,-0.3012258598885623
sz.002538,0.02878012598302891
sz.002539,-0.6817446913124724
sz.002540,0.2569120128232034
sz.002541,0.06430559160443709
sz.002542,-0.6622885722772561
sz.002543,-0.43312345064112673
sz.002544,0.0060448430509031
sz.002545,-0.312351244774388
sz.002546,-0.07655055045338913
sz.002547,0.2759058200765233
sz.002548,0.21481826076222157
sz.002549,0.12152960197259112
sz.002550,0.36661210020313445
sz.002551,-0.29230370330646177
sz.002552,0.30884425052333586
sz.002553,-0.06995453774548369
sz.002554,-0.6969305100696747
sz.002555,-0.2529102476977198
sz.002556,-0.16179733856905473
sz.002557,-0.5769544924030151
sz.002558,-0.14925192605692364
sz.002559,-0.1449073307397982
sz.002560,0.556868264075355
sz.002561,-0.7020127861855963
sz.002562,-0.18821804487044216
sz.002563,-0.6741415110525488
sz.002565,-0.003657339719268032
sz.002566,-0.5832356517915621
sz.002567,0.049970709310641646
sz.002568,0.5216064803909973
sz.002570,0.002121052368337648
sz.002571,-0.41477795993967614
sz.002572,-0.8700999756267737
sz.002573,0.494663234427194
sz.002574,-0.10889884615576982
sz.002575,-0.7175170882555498
sz.002576,-0.04375837532536241
sz.002577,0.4487199180926809
sz.002578,-0.013666592048424239
sz.002579,-0.2451957490942785
sz.002580,-0.7809103232741027
sz.002581,0.28290513679751056
sz.002582,-0.4141886522050074
sz.002583,-0.7645414289856682
sz.002584,-0.3246778589784522
sz.002585,-0.5830534724455111
sz.002587,-0.8124304691848674
sz.002588,-0.11149115340539802
sz.002589,-0.5860366107089301
sz.002590,-0.689146995467084
sz.002591,-0.15157136323114054
sz.002593,-0.24180264860797984
sz.002595,0.7583654281599672
sz.002596,-0.3571524266293897
sz.002597,-0.12069486861535417
sz.002598,-0.013738246974442236
sz.002599,-0.6699707260067718
sz.002600,-0.7481499557338892
sz.002601,0.7021192315222269
sz.002603,0.43360349234792356
sz.002605,0.5316082402084483
sz.002606,0.1841704095491966
sz.002607,-0.19029069075135696
sz.002608,-0.017914825886790102
sz.002609,-0.1415976083072833
sz.002611,0.07903779276430592
sz.002612,-0.48930838277100513
sz.002613,-0.24446327651456048
sz.002614,0.04789929446749042
sz.002615,0.18698307415320053
sz.002616,0.12147730504307258
sz.002617,-0.4969833717268469
sz.002620,-0.5913798395717695
sz.002622,0.04748787304527367
sz.002623,0.32325293316394793
sz.002624,-0.020544329275878136
sz.002625,0.16422833829535252
sz.002626,-0.2196930628184048
sz.002627,0.420968004510848
sz.002628,-0.5249320889688888
sz.002629,0.017448141840004684
sz.002630,-0.0017470658424666207
sz.002631,-0.28236644688681495
sz.002632,0.21747204154016525
sz.002633,-0.33268551929921825
sz.002634,0.5743534405569055
sz.002635,-0.594852388164906
sz.002636,-0.44089694915856553
sz.002637,0.0820188345748713
sz.002638,0.16705551064040117
sz.002639,-0.7079951045934604
sz.002640,0.4067073519779476
sz.002641,-0.1490429749510964
sz.002642,-0.43858895948055376
sz.002643,-0.20247422304543608
sz.002644,0.3648297539059458
sz.002645,-0.2946755367610916
sz.002646,0.24067064374510702
sz.002647,-0.5925497718615848
sz.002648,-0.19346089877704878
sz.002649,-0.23562488425399564
sz.002651,-0.25103515236847024
sz.002652,0.5125176588660354
sz.002653,-0.8831579381225835
sz.002654,-0.11613833542344494
sz.002655,-0.6217980343441888
sz.002657,-0.9155016159371668
sz.002658,-0.7508400436166247
sz.002659,-0.034341175398447575
sz.002660,0.04281722161669263
sz.002661,-0.7667315614360907
sz.002662,0.15138818746364277
sz.002663,-0.04220634477211163
sz.002664,0.05388879941354819
sz.002666,0.43859698319684604
sz.002667,0.37569469017759366
sz.002668,-0.5474226856005578
sz.002669,-0.45228930627990876
sz.002670,-0.6073073051441986
sz.002671,-0.0706008812427063
sz.002672,0.33502257179534417
sz.002673,-0.9301785500784941
sz.002674,-0.2791503025700313
sz.002675,0.030768423844748236
sz.002676,-0.47071339706930415
sz.002677,0.07901633804271961
sz.002678,0.03032925127121116
sz.002679,-0.18082781753133706
sz.002681,-0.9201577815343778
sz.002682,-0.1157801315028106
sz.002683,-0.612827154243052
sz.002685,-0.40691659574867867
sz.002686,-0.08041097119738262
sz.002687,-0.27118049488709983
sz.002688,-0.27251817988581184
sz.002689,-0.6107842606563602
sz.002690,0.19024858734070668
sz.002691,-0.22075522894413202
sz.002692,-0.2827843431178455
sz.002693,-0.04955028612682644
sz.002694,0.0926199280159742
sz.002695,-0.8738972746766471
sz.002696,-0.6286739863494963
sz.002697,-0.6930852515021451
sz.002698,-0.045453337779031384
sz.002701,-0.9599462819313045
sz.002702,-0.6629161543443377
sz.002703,-0.718641151273013
sz.002705,-0.2336524732808052
sz.002706,-0.38158258123538924
sz.002707,0.3987567387487341
sz.002708,-0.13150349868618327
sz.002709,-0.9780988193510669
sz.002712,0.3124922962918213
sz.002713,-0.6602524539386402
sz.002714,0.3467698291896336
sz.002715,0.07578130742755176
sz.002716,-0.3006785587262207
sz.002717,-0.6806083152364489
sz.002718,-0.5006902115059915
sz.002719,-0.7889059222122597
sz.002722,-0.5268720024013505
sz.002723,-0.7377144906602184
sz.002724,0.012296601136352413
sz.002725,-0.04824399481910811
sz.002726,-0.7895491446520025
sz.002727,0.24038772772790223
sz.002728,-0.20133788082060616
sz.002729,-0.08845083499981254
sz.002730,-0.882072887106325
sz.002731,-0.8381425573407457
sz.002732,0.22161913098688632
sz.002733,-0.5157836387545691
sz.002734,-0.3059865500918611
sz.002735,0.11392661543266548
sz.002736,-0.40964160964130064
sz.002737,0.04615981095664617
sz.002738,0.018813492408746323
sz.002739,0.42043448509070125
sz.002741,0.02834597350868142
sz.002745,-0.4248929970143361
sz.002746,0.39173486326491125
sz.002747,-0.5055439120125164
sz.002749,-0.4557087238969692
sz.002752,0.3401265214460393
sz.002753,0.21648296089062033
sz.002755,0.20682989525503354
sz.002756,-0.36986887181335587
sz.002757,-0.6801320505812684
sz.002758,0.10795729350333676
sz.002759,-0.7676197137519736
sz.002760,0.7439129943400454
sz.002761,-0.048321537090062545
sz.002762,-0.619153725907305
sz.002763,-0.9165751269745563
sz.002765,-0.6751977799922422
sz.002766,-0.1826299145700654
sz.002767,-0.07818314262857227
sz.002768,0.036365467212592824
sz.002769,0.5378569194393912
sz.002771,0.29716238538881934
sz.002772,-0.17352719046281354
sz.002773,-0.36766498525913444
sz.002774,0.005634404801518845
sz.002775,0.02649332815754145
sz.002777,-0.7600610689708425
sz.002778,-0.511701657550192
sz.002780,0.26621296569282316
sz.002782,-0.760100058702457
sz.002783,-0.5587317083401061
sz.002785,-0.9647290066188773
sz.002786,-0.39492436062250924
sz.002787,-0.2751310930379345
sz.002788,0.2218189361421297
sz.002789,-0.033495612294501
sz.002790,0.599462287163228
sz.002791,-0.24105693600799213
sz.002792,-0.271546715728492
sz.002793,0.48364771218774333
sz.002795,-0.035986293746478486
sz.002796,-0.16435077232143916
sz.002797,-0.8660742614986167
sz.002798,0.1161379330964098
sz.002799,0.772629976468279
sz.002800,-0.37097306403383257
sz.002801,-0.4587362621501737
sz.002802,-0.29544421535118487
sz.002803,0.03213706013213086
sz.002805,-0.4349298588172868
sz.002806,0.3567684947109784
sz.002807,-0.02432181502002542
sz.002809,0.05684148934722372
sz.002810,-0.17837660291496676
sz.002811,0.7427960516312646
sz.002812,-0.5579200666623829
sz.002813,-0.10884347777840148
sz.002815,-0.996835037684694
sz.002816,-0.12915813248096292
sz.002817,-0.7984597425607397
sz.002818,-0.27645334799594135
sz.002819,-0.6780008567314579
sz.002820,-0.392833355596151
sz.002823,-0.6539766197645562
sz.002824,-0.1771019463075542
sz.002825,0.6631566462328746
sz.002826,-0.7368455520149942
sz.002827,-0.6384935510765072
sz.002828,-0.15657803443606075
sz.002829,-0.3479607562889656
sz.002830,-0.5588203612282484
sz.002831,-0.5260967472475849
sz.002832,-0.3670411234270804
sz.002833,-0.7090007408645796
sz.002835,-0.4087589164040542
sz.002836,-0.3008611958935577
sz.002837,-0.6175581672748026
sz.002838,0.3619724401977484
sz.002839,-0.06172070546655496
sz.002840,-0.4429541604854263
sz.002841,-0.7419281322463787
sz.002842,-0.7419967543906355
sz.002843,-0.2321352565684725
sz.002845,-0.4571063945446697
sz.002846,-0.18483869481229218
sz.002848,-0.3348736664222941
sz.002849,-0.8007148713484503
sz.002851,0.14036701699468368
sz.002852,-0.09427648721829968
sz.002853,-0.5724817093987234
sz.002855,-0.6625522709623468
sz.002856,-0.7386006722353589
sz.002857,-0.5287045047588187
sz.002858,-0.14093292227635235
sz.002859,0.33540894901869417
sz.002860,-0.7351177888234943
sz.002861,-0.43536947516772345
sz.002862,-0.6531506130937617
sz.002863,0.02378422453568247
sz.002864,-0.2134240638009685
sz.002866,-0.8366451393469753
sz.002867,-0.33197950429962575
sz.002868,-0.41977853610332555
sz.002869,0.045215059384563994
sz.002870,-0.28869362394200854
sz.002871,-0.0029657906107588474
sz.002873,0.16996873755526554
sz.002875,-0.6830978669047771
sz.002876,-0.378727018671962
sz.002877,-0.6617984604583443
sz.002878,-0.3443466643271299
sz.002879,-0.35521726248957375
sz.002880,0.45955503864420155
sz.002881,-0.09626756905898055
sz.002882,0.05146988734394327
sz.002883,-0.20781609290119227
sz.002884,0.4066962749155987
sz.002885,-0.060783991105779166
sz.002886,0.43922520361379247
sz.002887,0.3268468680628633
sz.002888,-0.5876601248938119
sz.002889,-0.16378385057986972
sz.002890,-0.10345177110515184
sz.002891,-0.05278849527167868
sz.002892,-0.704199599900566
sz.002893,-0.7450835239093924
sz.002895,-0.7871767841625164
sz.002896,-0.6167009056888365
sz.002897,-0.5927340819457874
sz.002898,0.5232563358722915
sz.002899,0.666533962275729
sz.002900,-0.3279988504151224
sz.002901,-0.6237031945239582
sz.002902,0.06016673161546276
sz.002903,-0.6034415286474805
sz.002905,-0.2851328758792779
sz.002906,-0.7829245787695114
sz.002907,0.33334491970928576
sz.002908,-0.010337848043920787
sz.002909,0.019953875470384224
sz.002910,-0.43373552289844264
sz.002911,-0.40641178328466465
sz.002912,-0.20110095685303625
sz.002913,-0.22426391576578247
sz.002915,-0.15764799854043726
sz.002917,-0.10307348714778608
sz.002918,-0.043554756448684485
sz.002919,0.17625314644759507
sz.002921,-0.2683739300556203
sz.002922,-0.7386606097045074
sz.002923,0.1211251731999497
sz.002925,0.026317753988270746
sz.002926,-0.3168278318019053
sz.002927,-0.45115465066281146
sz.002928,0.25389285103259074
sz.002929,-0.06497763839476334
sz.002930,-0.15104158716624555
sz.002931,-0.7914686735251919
sz.002932,-0.2687672507369762
sz.002933,-0.17307472914926145
sz.002935,-0.10499995531173875
sz.002936,0.3356175638556095
sz.002937,0.10786507916302418
sz.002938,-0.6544252839644471
sz.002939,-0.4270940142810146
sz.002940,-0.3270289050855321
sz.002941,0.46373626425305287
sz.002942,-0.32321207768088434
sz.002943,0.6863515411116988
sz.002945,-0.44938204125321696
sz.002946,-0.6842899078918319
sz.002947,-0.48566467774291944
sz.002948,0.385987594641187
sz.002949,0.7425457376921836
sz.002950,0.4336467843618821
sz.002952,-0.45756167131601966
sz.002953,-0.670253214665719
sz.002955,-0.5867316751643435
sz.002956,-0.054552934343972584
sz.002957,-0.22043821396581767
sz.002958,-0.22579357172619297
sz.002959,-0.156407188836944
sz.002960,-0.2333943612538869
sz.002961,-0.21661283475744902
sz.002962,0.17247804045787765
sz.002963,-0.11632309145656383
sz.002965,-0.11878036593105969
sz.002966,0.2527586694878267
sz.002967,0.5997561928280879
sz.002968,0.6131987022688636
sz.002969,-0.25861841703777905
sz.002970,-0.3607478640849535
sz.002971,0.1359298190716379
sz.002972,0.3397594559041197
sz.002973,0.7074732133340579
sz.002975,-0.24857684113435635
sz.002976,-0.5789007000582578
sz.002977,-0.6452101474907296
sz.002978,-0.16103318431220534
sz.002979,-0.5433880932789125
sz.002980,-0.3801001015748257
sz.002981,-0.5272002705239002
sz.002982,0.5474799038904932
sz.002983,0.48910816170747473
sz.002984,-0.19756526869165603
sz.002985,-0.5092842210949549
sz.002986,-0.5066226277241677
sz.002987,-0.516445994894844
sz.002988,-0.7715287447527484
sz.002989,0.664450608429951
sz.002990,-0.17268122235902872
sz.002993,-0.7267741107597822
sz.002995,0.17727902889993097
sz.002996,-0.23053492322112337
sz.002997,-0.7181266555675011
sz.002998,-0.031205753531498594
sz.002999,-0.46119631995018495
sz.003000,-0.5723991395186713
sz.003001,-0.47534383790863455
sz.003002,0.0038392779550200434
sz.003003,0.5473656204611836
sz.003004,-0.7700291453037541
sz.003005,-0.5538331490356605
sz.003006,-0.34090501274603713
sz.003007,-0.49117483595925515
sz.003008,-0.44964426724501244
sz.003009,-0.7743839672689803
sz.003010,0.34200381379491673
sz.003011,-0.8009985847943659
sz.003012,-0.08673705881733326
sz.003013,-0.800849575510099
sz.003015,-0.4773069275714461
sz.003016,-0.5237863564630165
sz.003017,0.03943638701499449
sz.003018,0.06801612160697824
sz.003019,-0.837190282213111
sz.003020,0.01041651229811688
sz.003022,0.07605487466624782
sz.003023,0.026161312586655733
sz.003025,-0.3619397787589605
sz.003026,-0.6251510695475286
sz.003027,-0.28926129652216176
sz.003028,-0.7765201700734587
sz.003029,0.2654321073252208
sz.003030,-0.49494262636973363
sz.003032,-0.1372317926619391
sz.003033,-0.30386475639448807
sz.003035,-0.05139269588458343
sz.003036,-0.0980335254440504
sz.003037,0.5220200402009555
sz.003038,0.5089015924965833
sz.003039,-0.3932778191860475
sz.003040,-0.14530179599934073
sz.003041,-0.06223508759483635
sz.003042,-0.5149779295968114
sz.003043,0.2362849343031372
sz.003816,0.21203010645718195
sh.600103,-0.6844085612333137
sh.600104,-0.57659648288911
sh.600105,-0.15560844908274385
sh.600106,-0.36268390732430994
sh.600107,0.05153105177178505
sh.600108,-0.6281211443417426
sh.600109,-0.44290616235392216
sh.600110,-0.7684561278072349
sh.600111,-0.9570278006513284
sh.600113,-0.3946313245066687
sh.600114,-0.8349912203545748
sh.600115,-0.755582451779856
sh.600116,-0.6835389313583704
sh.600117,-0.5763249099806839
sh.600118,-0.6670269502716691
sh.600119,-0.23652340938003422
sh.600120,-0.4057067725905859
sh.600121,-0.32013861242545294
sh.600123,-0.33964887530385446
sh.600125,-0.23810289485107866
sh.600000,0.6398550130937942
sh.600004,0.08334922759384569
sh.600006,-0.8271491453846489
sh.600007,-0.5276626907585552
sh.600008,-0.13275850522841717
sh.600009,-0.28737502168634244
sh.600010,-0.4042699368374223
sh.600011,-0.8246543890284307
sh.600012,0.38052215052321653
sh.600126,-0.12456042533260078
sh.600127,-0.329186672743152
sh.600128,-0.7361068262333282
sh.600129,-0.6986484609632446
sh.600130,-0.8661652150922948
sh.600131,-0.5448110482329332
sh.600133,-0.6286022327251979
sh.600135,-0.6437011930440051
sh.600015,-0.3351919832840439
sh.600016,0.04201599183589615
sh.600017,-0.777429544795303
sh.600018,0.6532114844666851
sh.600019,-0.4797594104766887
sh.600020,0.5808124950110553
sh.600021,-0.8254875106248516
sh.600022,-0.7953495616357572
sh.600137,-0.7195944256009824
sh.600138,-0.5823569111119958
sh.600141,-0.3115402059111331
sh.600143,-0.8203766518465133
sh.600148,-0.6641346834953242
sh.600149,-0.45457165713220726
sh.600150,-0.7980065542685512
sh.600151,0.7515767905069953
sh.600023,-0.24202074922410274
sh.600025,-0.7997701695141798
sh.600026,0.3329151345989666
sh.600152,-0.8646782519281161
sh.600153,-0.5645041273462112
sh.600155,-0.11858135155702605
sh.600156,0.3590030059363254
sh.600157,-0.6197476376995162
sh.600158,-0.06353714685386812
sh.600159,-0.5769680808916375
sh.600160,-0.6561106804240737
sh.600161,-0.6948525398856744
sh.600162,-0.9648389367426885
sh.600163,-0.45821263088659925
sh.600166,-0.8216998108914024
sh.600167,0.14106035302522274
sh.600168,-0.7354840937561986
sh.600169,-0.7148990329271349
sh.600170,-0.9165763201591101
sh.600171,-0.42281317990775114
sh.600172,-0.7145232925835175
sh.600173,-0.6208564964508865
