518880.SH,159611.SZ,159870.SZ,159819.SZ,159869.SZ,512980.SH,512800.SH,515030.SH,515880.SH,512660.SH,159928.SZ,515790.SH,512690.SH,159949.SZ,513060.SH,159995.SZ,159941.SZ,512880.SH,513050.SH,512010.SH,510880.SH,588000.SH
2023-10-09,4.436,0.871,0.635,0.777,1.088,0.771,1.124,1.288,1.117,1.004,0.911,1.011,0.778,0.839,0.474,0.946,0.814,0.947,0.999,0.428,3.077,0.932
2023-10-10,4.405,0.879,0.633,0.78,1.075,0.76,1.117,1.281,1.112,1.01,0.904,1.005,0.774,0.836,0.471,0.952,0.826,0.935,1.012,0.433,3.072,0.93
2023-10-11,4.348,0.871,0.63,0.779,1.073,0.761,1.117,1.28,1.119,1.008,0.9,0.992,0.767,0.831,0.467,0.962,0.839,0.932,1.02,0.426,3.043,0.924
2023-10-12,4.355,0.867,0.629,0.794,1.087,0.769,1.113,1.277,1.132,0.996,0.901,0.994,0.766,0.838,0.48,0.973,0.847,0.93,1.032,0.435,3.034,0.937
2023-10-13,4.39,0.874,0.637,0.789,1.068,0.76,1.13,1.316,1.122,0.996,0.905,1.007,0.768,0.846,0.489,0.976,0.852,0.941,1.041,0.437,3.06,0.943
2023-10-16,4.405,0.87,0.628,0.773,1.043,0.744,1.13,1.292,1.107,0.981,0.888,0.988,0.751,0.834,0.483,0.975,0.847,0.931,1.012,0.435,3.056,0.934
2023-10-17,4.46,0.871,0.622,0.76,1.027,0.736,1.129,1.261,1.091,0.973,0.875,0.967,0.741,0.817,0.476,0.949,0.839,0.929,1.002,0.428,3.075,0.916
2023-10-18,4.48,0.878,0.626,0.761,1.028,0.736,1.132,1.269,1.092,0.977,0.88,0.968,0.74,0.817,0.478,0.958,0.845,0.942,1.005,0.427,3.071,0.924
2023-10-19,4.523,0.865,0.616,0.746,1.009,0.719,1.13,1.26,1.063,0.961,0.877,0.951,0.738,0.807,0.466,0.947,0.84,0.941,1,0.42,3.048,0.913
2023-10-20,4.547,0.852,0.607,0.743,1.011,0.716,1.102,1.231,1.046,0.95,0.85,0.945,0.714,0.799,0.459,0.953,0.829,0.935,0.986,0.415,3.003,0.911
2023-10-23,4.597,0.854,0.609,0.718,0.979,0.7,1.103,1.244,1.017,0.937,0.844,0.946,0.711,0.793,0.456,0.937,0.82,0.938,0.977,0.408,2.98,0.904
2023-10-24,4.572,0.831,0.596,0.709,0.954,0.68,1.092,1.213,0.988,0.927,0.842,0.914,0.712,0.778,0.452,0.915,0.814,0.914,0.969,0.409,2.95,0.883
2023-10-25,4.575,0.842,0.6,0.71,0.974,0.696,1.088,1.224,0.99,0.933,0.847,0.922,0.716,0.784,0.462,0.928,0.819,0.945,0.969,0.411,2.971,0.893
2023-10-26,4.557,0.84,0.604,0.715,0.968,0.698,1.09,1.222,0.981,0.945,0.864,0.916,0.735,0.775,0.464,0.931,0.817,0.944,0.978,0.408,2.994,0.891
2023-10-27,4.59,0.856,0.604,0.716,0.961,0.694,1.101,1.227,1.001,0.957,0.872,0.898,0.742,0.78,0.458,0.932,0.792,0.943,0.977,0.412,3.004,0.892
2023-10-30,4.599,0.863,0.621,0.721,0.978,0.707,1.099,1.27,1.002,0.964,0.89,0.929,0.751,0.804,0.482,0.954,0.795,0.947,0.994,0.426,3.015,0.906
2023-10-31,4.609,0.866,0.631,0.737,0.999,0.715,1.081,1.284,1.017,0.974,0.901,0.939,0.76,0.827,0.497,0.996,0.795,0.943,0.995,0.438,2.974,0.92
2023-11-01,4.62,0.865,0.63,0.731,1.007,0.717,1.082,1.264,1.001,0.972,0.905,0.922,0.761,0.821,0.492,0.994,0.794,0.945,0.981,0.438,2.982,0.917
2023-11-02,4.603,0.869,0.626,0.727,1.016,0.72,1.082,1.255,0.993,0.97,0.914,0.908,0.775,0.817,0.494,0.989,0.806,0.942,0.976,0.435,2.979,0.913
2023-11-03,4.613,0.864,0.62,0.72,1.037,0.734,1.09,1.237,0.983,0.951,0.905,0.887,0.762,0.81,0.492,0.976,0.822,0.935,0.98,0.433,2.988,0.903
2023-11-06,4.61,0.865,0.625,0.738,1.037,0.735,1.086,1.254,1.009,0.969,0.913,0.906,0.771,0.824,0.5,0.997,0.829,0.946,1.003,0.435,2.974,0.918
2023-11-07,4.587,0.861,0.633,0.76,1.106,0.771,1.087,1.302,1.033,0.982,0.912,0.935,0.773,0.855,0.52,1.019,0.838,0.984,1.02,0.445,2.955,0.934
2023-11-08,4.569,0.858,0.629,0.773,1.108,0.774,1.086,1.291,1.054,0.978,0.908,0.936,0.767,0.848,0.515,1.021,0.838,0.987,1.01,0.442,2.957,0.935
2023-11-09,4.551,0.856,0.622,0.779,1.145,0.798,1.08,1.288,1.052,0.977,0.906,0.936,0.764,0.848,0.518,1.022,0.847,0.979,1.007,0.445,2.956,0.943
2023-11-10,4.521,0.861,0.624,0.778,1.128,0.784,1.086,1.291,1.056,0.974,0.906,0.959,0.765,0.846,0.514,1.009,0.852,0.975,1.005,0.441,2.981,0.937
2023-11-13,4.554,0.865,0.621,0.771,1.106,0.769,1.077,1.278,1.048,0.976,0.899,0.941,0.754,0.839,0.507,1.005,0.842,0.975,0.992,0.44,2.973,0.931
2023-11-14,4.538,0.865,0.623,0.782,1.115,0.779,1.072,1.277,1.076,1.006,0.895,0.95,0.747,0.839,0.503,1.006,0.86,0.97,0.998,0.435,2.978,0.937
2023-11-15,4.558,0.865,0.621,0.791,1.121,0.782,1.074,1.271,1.083,1.013,0.896,0.946,0.75,0.836,0.507,1.016,0.862,0.983,0.998,0.435,2.968,0.946
2023-11-16,4.577,0.868,0.627,0.792,1.102,0.775,1.08,1.29,1.082,1.01,0.901,0.962,0.755,0.84,0.515,1.012,0.876,0.984,1.019,0.44,2.977,0.942
2023-11-17,4.559,0.865,0.621,0.78,1.096,0.779,1.077,1.265,1.062,1,0.891,0.932,0.746,0.825,0.505,0.995,0.873,0.975,1.016,0.432,2.979,0.928
2023-11-20,4.572,0.866,0.618,0.789,1.105,0.785,1.072,1.27,1.082,1,0.888,0.934,0.743,0.828,0.506,0.998,0.876,0.979,0.993,0.435,2.969,0.932
2023-11-21,4.522,0.867,0.619,0.792,1.11,0.794,1.078,1.273,1.08,1.019,0.893,0.935,0.745,0.828,0.508,0.992,0.863,0.975,1.003,0.439,2.973,0.934
2023-11-22,4.516,0.863,0.619,0.781,1.111,0.803,1.081,1.263,1.068,1.006,0.904,0.927,0.757,0.825,0.507,0.983,0.873,0.973,1.002,0.439,2.989,0.927
2023-11-23,4.499,0.858,0.609,0.767,1.1,0.804,1.077,1.232,1.039,0.993,0.898,0.908,0.75,0.809,0.499,0.969,0.866,0.964,0.998,0.433,2.981,0.913
2023-11-24,4.495,0.861,0.613,0.776,1.097,0.789,1.077,1.242,1.047,1,0.898,0.913,0.751,0.813,0.505,0.977,0.872,0.967,1.005,0.435,3.001,0.918
2023-11-27,4.499,0.857,0.608,0.759,1.067,0.777,1.077,1.219,1.025,0.983,0.899,0.896,0.747,0.803,0.501,0.964,0.873,0.957,0.996,0.434,3.009,0.906
2023-11-28,4.546,0.857,0.602,0.76,1.054,0.761,1.068,1.203,1.031,0.987,0.892,0.882,0.735,0.798,0.501,0.975,0.868,0.946,0.998,0.43,3,0.909
2023-11-29,4.56,0.861,0.606,0.757,1.06,0.765,1.062,1.213,1.029,0.989,0.889,0.885,0.734,0.803,0.507,0.973,0.871,0.945,0.989,0.436,2.994,0.913
2023-11-30,4.591,0.855,0.6,0.752,1.047,0.757,1.053,1.197,1.022,0.984,0.887,0.873,0.735,0.793,0.493,0.973,0.872,0.936,0.977,0.434,2.981,0.906
2023-12-01,4.589,0.865,0.599,0.751,1.04,0.754,1.057,1.19,1.019,0.978,0.892,0.865,0.739,0.796,0.495,0.973,0.871,0.938,0.988,0.436,2.99,0.907
2023-12-04,4.589,0.868,0.594,0.773,1.125,0.79,1.054,1.182,1.042,0.981,0.879,0.862,0.728,0.799,0.494,0.976,0.866,0.945,0.983,0.434,3.002,0.91
2023-12-05,4.643,0.864,0.592,0.771,1.131,0.792,1.051,1.175,1.036,0.987,0.874,0.85,0.717,0.788,0.466,0.964,0.867,0.942,0.967,0.422,3.008,0.906
2023-12-06,4.58,0.857,0.583,0.747,1.089,0.77,1.034,1.162,1.009,0.964,0.857,0.833,0.701,0.773,0.459,0.935,0.857,0.93,0.947,0.416,2.972,0.89
2023-12-07,4.578,0.854,0.589,0.745,1.132,0.788,1.032,1.193,1.006,0.965,0.865,0.846,0.704,0.776,0.461,0.934,0.869,0.927,0.96,0.417,2.969,0.892
2023-12-08,4.584,0.859,0.585,0.754,1.147,0.803,1.034,1.183,1.018,0.958,0.86,0.835,0.7,0.774,0.455,0.924,0.861,0.932,0.95,0.412,2.97,0.891
2023-12-11,4.591,0.866,0.583,0.779,1.15,0.798,1.033,1.18,1.063,0.944,0.861,0.835,0.704,0.784,0.452,0.939,0.874,0.925,0.953,0.416,2.971,0.91
2023-12-12,4.557,0.875,0.588,0.796,1.186,0.822,1.037,1.183,1.076,0.963,0.856,0.838,0.695,0.796,0.451,0.958,0.881,0.94,0.947,0.419,2.997,0.923
2023-12-13,4.539,0.877,0.59,0.79,1.181,0.819,1.047,1.174,1.06,0.968,0.859,0.83,0.699,0.79,0.451,0.955,0.89,0.936,0.961,0.417,3.009,0.917
2023-12-14,4.529,0.877,0.577,0.779,1.167,0.812,1.035,1.147,1.042,0.963,0.834,0.808,0.674,0.775,0.448,0.945,0.9,0.925,0.949,0.413,2.987,0.907
2023-12-15,4.598,0.877,0.574,0.777,1.158,0.808,1.031,1.139,1.043,0.959,0.823,0.807,0.662,0.77,0.457,0.942,0.911,0.921,0.948,0.412,2.995,0.902
2023-12-18,4.59,0.865,0.574,0.766,1.165,0.81,1.03,1.141,1.029,0.951,0.826,0.812,0.665,0.767,0.458,0.936,0.9,0.921,0.962,0.407,2.978,0.895
2023-12-19,4.576,0.865,0.566,0.757,1.135,0.79,1.03,1.113,1.02,0.932,0.823,0.791,0.662,0.753,0.45,0.925,0.906,0.92,0.96,0.407,2.975,0.886
2023-12-20,4.589,0.859,0.566,0.763,1.157,0.802,1.028,1.117,1.021,0.929,0.821,0.802,0.665,0.758,0.446,0.938,0.911,0.918,0.958,0.403,2.967,0.892
2023-12-21,4.604,0.861,0.563,0.738,1.119,0.773,1.026,1.099,0.995,0.908,0.811,0.794,0.655,0.748,0.446,0.926,0.914,0.893,0.963,0.401,2.965,0.881
2023-12-22,4.605,0.862,0.564,0.749,1.148,0.783,1.033,1.119,1.009,0.916,0.822,0.822,0.668,0.763,0.441,0.936,0.902,0.893,0.966,0.405,2.945,0.893
2023-12-25,4.627,0.86,0.57,0.733,1.033,0.71,1.033,1.136,0.995,0.933,0.824,0.834,0.666,0.758,0.432,0.927,0.907,0.89,0.908,0.403,2.941,0.888
2023-12-26,4.634,0.866,0.572,0.736,0.99,0.707,1.034,1.144,1.002,0.946,0.83,0.834,0.672,0.76,0.434,0.916,0.908,0.885,0.923,0.404,2.939,0.883
2023-12-27,4.647,0.862,0.572,0.72,0.981,0.699,1.03,1.136,0.979,0.936,0.825,0.834,0.668,0.75,0.429,0.896,0.914,0.874,0.921,0.401,2.922,0.868
2023-12-28,4.66,0.872,0.57,0.723,0.976,0.691,1.035,1.129,0.985,0.935,0.83,0.829,0.667,0.75,0.438,0.912,0.918,0.882,0.929,0.403,2.934,0.873
2023-12-29,4.662,0.869,0.587,0.74,0.982,0.701,1.044,1.188,1.017,0.949,0.855,0.901,0.695,0.784,0.453,0.932,0.915,0.902,0.949,0.41,2.916,0.894
2024-01-02,4.648,0.868,0.589,0.749,1.019,0.722,1.042,1.191,1.034,0.96,0.853,0.89,0.692,0.787,0.456,0.932,0.914,0.902,0.939,0.411,2.931,0.897
2024-01-03,4.666,0.885,0.583,0.735,1.017,0.717,1.042,1.163,1.012,0.966,0.839,0.872,0.673,0.77,0.45,0.917,0.911,0.891,0.935,0.407,2.97,0.886
2024-01-04,4.663,0.898,0.585,0.715,1.028,0.725,1.046,1.159,0.993,0.956,0.834,0.876,0.669,0.76,0.446,0.899,0.896,0.892,0.931,0.405,3.01,0.874
2024-01-05,4.651,0.9,0.581,0.706,1.015,0.718,1.048,1.137,0.984,0.945,0.819,0.857,0.656,0.746,0.445,0.883,0.892,0.884,0.938,0.401,3.034,0.866
2024-01-08,4.664,0.894,0.573,0.69,0.987,0.7,1.058,1.132,0.958,0.915,0.814,0.844,0.648,0.735,0.433,0.871,0.885,0.877,0.924,0.393,3.044,0.849
2024-01-09,4.65,0.885,0.562,0.672,0.973,0.692,1.05,1.111,0.933,0.888,0.8,0.838,0.637,0.725,0.42,0.842,0.886,0.86,0.904,0.389,3.015,0.824
2024-01-10,4.649,0.891,0.561,0.671,0.971,0.692,1.056,1.121,0.94,0.883,0.802,0.855,0.638,0.727,0.427,0.845,0.911,0.858,0.901,0.39,3.038,0.824
2024-01-11,4.631,0.885,0.562,0.659,0.945,0.673,1.049,1.12,0.925,0.874,0.805,0.867,0.643,0.724,0.432,0.834,0.91,0.854,0.893,0.386,3.023,0.818
2024-01-12,4.631,0.88,0.564,0.676,0.986,0.696,1.048,1.158,0.952,0.89,0.81,0.879,0.648,0.739,0.436,0.846,0.922,0.862,0.915,0.39,2.995,0.829
2024-01-15,4.646,0.893,0.56,0.665,0.961,0.681,1.058,1.151,0.932,0.888,0.806,0.88,0.643,0.731,0.429,0.829,0.918,0.853,0.911,0.384,3.01,0.818
2024-01-16,4.673,0.892,0.555,0.66,0.962,0.682,1.062,1.13,0.933,0.867,0.802,0.872,0.637,0.724,0.428,0.831,0.924,0.852,0.902,0.385,3.024,0.813
2024-01-17,4.677,0.885,0.555,0.655,0.955,0.676,1.075,1.14,0.935,0.86,0.805,0.888,0.639,0.73,0.423,0.834,0.916,0.863,0.889,0.385,3.034,0.817
2024-01-18,4.631,0.876,0.54,0.644,0.929,0.658,1.066,1.098,0.918,0.832,0.784,0.857,0.619,0.707,0.402,0.814,0.915,0.847,0.852,0.376,2.997,0.795
2024-01-19,4.616,0.866,0.541,0.662,0.948,0.671,1.071,1.115,0.956,0.839,0.795,0.896,0.631,0.723,0.408,0.832,0.917,0.855,0.866,0.381,2.972,0.806
2024-01-22,4.643,0.86,0.541,0.655,0.973,0.676,1.072,1.11,0.95,0.825,0.795,0.872,0.633,0.718,0.39,0.831,0.939,0.846,0.844,0.381,2.95,0.803
2024-01-23,4.625,0.836,0.521,0.633,0.902,0.638,1.065,1.067,0.922,0.788,0.777,0.847,0.617,0.701,0.373,0.807,0.974,0.828,0.827,0.374,2.75,0.776
2024-01-24,4.632,0.842,0.527,0.65,0.953,0.658,1.067,1.074,0.95,0.799,0.778,0.864,0.619,0.708,0.383,0.812,0.962,0.845,0.854,0.375,2.768,0.786
2024-01-25,4.626,0.865,0.532,0.655,0.952,0.668,1.083,1.072,0.957,0.812,0.784,0.855,0.62,0.712,0.386,0.807,0.967,0.887,0.875,0.379,2.836,0.788
2024-01-26,4.605,0.887,0.545,0.67,0.979,0.69,1.098,1.085,0.99,0.848,0.795,0.863,0.633,0.722,0.395,0.825,0.959,0.89,0.899,0.382,2.908,0.804
2024-01-29,4.625,0.897,0.543,0.657,0.979,0.682,1.117,1.063,0.962,0.839,0.793,0.846,0.632,0.703,0.372,0.8,0.949,0.89,0.881,0.371,2.949,0.785
2024-01-30,4.634,0.899,0.533,0.635,0.938,0.667,1.127,1.025,0.912,0.823,0.798,0.792,0.636,0.675,0.372,0.78,0.958,0.875,0.881,0.36,2.964,0.764
2024-01-31,4.647,0.895,0.522,0.621,0.905,0.644,1.115,0.993,0.883,0.81,0.778,0.776,0.612,0.66,0.365,0.745,0.974,0.864,0.851,0.353,2.93,0.735
2024-02-01,4.653,0.892,0.512,0.597,0.854,0.624,1.115,0.978,0.86,0.777,0.771,0.757,0.604,0.659,0.351,0.732,0.952,0.855,0.831,0.341,2.934,0.722
2024-02-02,4.668,0.88,0.511,0.608,0.861,0.624,1.109,0.976,0.887,0.774,0.774,0.771,0.605,0.666,0.356,0.739,0.941,0.852,0.846,0.344,2.904,0.726
2024-02-05,4.679,0.872,0.498,0.583,0.851,0.616,1.11,0.945,0.863,0.747,0.774,0.739,0.602,0.65,0.341,0.71,0.963,0.833,0.849,0.334,2.912,0.707
2024-02-06,4.643,0.865,0.495,0.572,0.784,0.58,1.126,0.93,0.856,0.724,0.779,0.718,0.598,0.661,0.338,0.709,0.97,0.815,0.849,0.34,2.918,0.709
2024-02-07,4.633,0.889,0.528,0.618,0.843,0.621,1.135,0.986,0.914,0.771,0.81,0.765,0.628,0.7,0.361,0.755,0.973,0.863,0.89,0.363,2.96,0.757
2024-02-08,4.642,0.896,0.549,0.63,0.848,0.637,1.126,1.022,0.935,0.809,0.828,0.783,0.64,0.709,0.361,0.763,0.965,0.873,0.88,0.372,3.004,0.777
2024-02-19,4.662,0.904,0.556,0.651,0.881,0.656,1.12,1.046,0.961,0.832,0.825,0.801,0.641,0.722,0.36,0.789,0.988,0.881,0.869,0.368,3.005,0.786
2024-02-20,4.644,0.924,0.556,0.692,0.95,0.694,1.145,1.037,1.044,0.831,0.827,0.8,0.642,0.734,0.367,0.807,0.981,0.871,0.889,0.369,3.075,0.798
2024-02-21,4.642,0.927,0.557,0.683,0.942,0.692,1.15,1.029,1.039,0.83,0.821,0.794,0.634,0.731,0.373,0.801,0.98,0.882,0.886,0.371,3.119,0.79
2024-02-22,4.642,0.921,0.563,0.679,0.944,0.691,1.183,1.044,1.018,0.834,0.846,0.805,0.666,0.735,0.383,0.805,0.968,0.891,0.912,0.375,3.112,0.791
2024-02-23,4.639,0.933,0.569,0.699,0.963,0.703,1.185,1.047,1.044,0.843,0.848,0.813,0.667,0.738,0.385,0.819,0.983,0.901,0.913,0.376,3.17,0.799
2024-02-26,4.63,0.935,0.568,0.701,0.987,0.72,1.19,1.053,1.047,0.851,0.849,0.824,0.671,0.738,0.387,0.82,0.997,0.902,0.92,0.375,3.152,0.801
2024-02-27,4.651,0.912,0.567,0.707,0.985,0.71,1.159,1.057,1.045,0.855,0.84,0.818,0.661,0.734,0.389,0.824,0.986,0.895,0.906,0.374,3.083,0.806
2024-02-28,4.646,0.918,0.574,0.747,1.035,0.739,1.162,1.079,1.115,0.882,0.842,0.832,0.665,0.752,0.394,0.863,0.984,0.909,0.906,0.378,3.1,0.836
2024-02-29,4.645,0.922,0.566,0.712,0.992,0.706,1.16,1.057,1.047,0.849,0.834,0.817,0.655,0.733,0.39,0.828,0.986,0.895,0.894,0.372,3.094,0.808
2024-03-01,4.647,0.931,0.582,0.744,1.023,0.733,1.162,1.099,1.105,0.883,0.848,0.844,0.671,0.76,0.397,0.88,0.978,0.913,0.899,0.379,3.112,0.847
2024-03-04,4.667,0.924,0.584,0.774,1.039,0.745,1.163,1.106,1.152,0.897,0.846,0.858,0.672,0.768,0.389,0.899,0.994,0.92,0.9,0.378,3.107,0.855
2024-03-05,4.725,0.944,0.583,0.782,1.051,0.755,1.152,1.1,1.179,0.897,0.841,0.862,0.665,0.771,0.396,0.903,1.008,0.908,0.897,0.387,3.134,0.856
2024-03-06,4.789,0.951,0.578,0.781,1.036,0.745,1.176,1.088,1.17,0.903,0.854,0.85,0.673,0.772,0.381,0.901,0.998,0.901,0.872,0.386,3.155,0.857
2024-03-07,4.824,0.955,0.577,0.773,1.018,0.735,1.163,1.09,1.171,0.899,0.843,0.874,0.663,0.773,0.384,0.889,0.994,0.902,0.885,0.384,3.153,0.85
2024-03-08,4.885,0.96,0.576,0.752,0.981,0.714,1.167,1.071,1.146,0.878,0.84,0.85,0.659,0.754,0.369,0.868,0.989,0.89,0.869,0.369,3.172,0.832
2024-03-11,4.881,0.975,0.578,0.766,0.994,0.728,1.165,1.072,1.211,0.892,0.834,0.882,0.655,0.761,0.374,0.889,1.006,0.892,0.882,0.37,3.189,0.841
2024-03-12,4.899,0.974,0.589,0.774,1.009,0.74,1.164,1.147,1.208,0.904,0.852,0.917,0.672,0.804,0.379,0.899,0.991,0.906,0.892,0.38,3.157,0.857
2024-03-13,4.879,0.944,0.589,0.772,1.019,0.744,1.155,1.155,1.191,0.907,0.875,0.911,0.704,0.808,0.392,0.905,0.994,0.912,0.927,0.389,3.086,0.856
2024-03-14,4.87,0.948,0.585,0.775,1.066,0.768,1.143,1.15,1.19,0.909,0.867,0.902,0.701,0.805,0.389,0.9,1.001,0.898,0.93,0.385,3.068,0.853
2024-03-15,4.877,0.949,0.58,0.766,1.032,0.747,1.142,1.14,1.183,0.893,0.864,0.89,0.699,0.802,0.393,0.886,0.997,0.891,0.924,0.387,3.077,0.842
2024-03-18,4.899,0.956,0.591,0.779,1.038,0.748,1.148,1.146,1.211,0.901,0.867,0.884,0.704,0.801,0.389,0.887,0.99,0.896,0.913,0.384,3.071,0.847
2024-03-19,4.86,0.961,0.595,0.796,1.059,0.771,1.148,1.177,1.239,0.922,0.87,0.9,0.704,0.822,0.393,0.913,0.991,0.917,0.928,0.386,3.054,0.864
2024-03-20,4.87,0.951,0.589,0.786,1.053,0.762,1.137,1.162,1.233,0.918,0.88,0.886,0.712,0.811,0.383,0.9,0.985,0.9,0.917,0.381,3.052,0.852
2024-03-21,4.88,0.956,0.589,0.792,1.082,0.789,1.148,1.163,1.225,0.92,0.878,0.887,0.709,0.81,0.384,0.898,0.99,0.902,0.923,0.379,3.058,0.854
2024-03-22,4.978,0.954,0.585,0.787,1.086,0.796,1.154,1.149,1.215,0.92,0.885,0.874,0.712,0.806,0.384,0.896,1.008,0.906,0.939,0.376,3.062,0.846
2024-03-25,4.946,0.949,0.576,0.781,1.084,0.81,1.149,1.119,1.203,0.907,0.866,0.85,0.696,0.792,0.371,0.888,1.009,0.89,0.913,0.371,3.068,0.832
2024-03-26,4.956,0.951,0.573,0.765,1.035,0.774,1.156,1.097,1.18,0.886,0.862,0.842,0.689,0.778,0.371,0.869,1.005,0.864,0.911,0.369,3.078,0.82
2024-03-27,4.966,0.96,0.581,0.745,1.005,0.754,1.172,1.124,1.153,0.884,0.871,0.853,0.7,0.782,0.371,0.858,1.01,0.866,0.929,0.367,3.061,0.81
2024-03-28,4.99,0.954,0.57,0.717,0.955,0.725,1.176,1.085,1.108,0.852,0.86,0.827,0.691,0.762,0.369,0.834,1.007,0.851,0.916,0.363,3.06,0.789
2024-03-29,5.029,0.96,0.574,0.746,0.992,0.744,1.163,1.094,1.141,0.886,0.86,0.833,0.692,0.768,0.369,0.847,1.008,0.853,0.93,0.365,3.052,0.799
2024-04-01,5.126,0.971,0.588,0.738,0.98,0.736,1.161,1.103,1.156,0.9,0.865,0.835,0.691,0.771,0.366,0.845,1.005,0.856,0.932,0.363,3.072,0.8
2024-04-02,5.155,0.968,0.6,0.758,1.026,0.763,1.174,1.146,1.185,0.909,0.882,0.869,0.71,0.796,0.372,0.857,1.011,0.869,0.945,0.369,3.067,0.813
2024-04-03,5.159,0.972,0.606,0.742,1.012,0.748,1.173,1.162,1.166,0.899,0.876,0.861,0.706,0.792,0.368,0.842,1.007,0.863,0.943,0.363,3.088,0.806
2024-04-08,5.231,0.971,0.609,0.724,0.983,0.733,1.168,1.157,1.128,0.885,0.88,0.857,0.706,0.782,0.363,0.834,0.998,0.856,0.934,0.361,3.125,0.794
2024-04-09,5.354,0.998,0.6,0.719,0.96,0.723,1.175,1.132,1.129,0.867,0.855,0.833,0.678,0.768,0.36,0.815,0.997,0.842,0.933,0.354,3.135,0.778
2024-04-10,5.369,0.995,0.609,0.72,0.974,0.728,1.168,1.17,1.128,0.871,0.855,0.839,0.679,0.777,0.366,0.821,0.999,0.845,0.936,0.361,3.12,0.785
2024-04-11,5.388,0.999,0.604,0.701,0.941,0.706,1.169,1.149,1.093,0.855,0.843,0.823,0.668,0.761,0.365,0.798,1.004,0.829,0.963,0.355,3.131,0.773
2024-04-12,5.348,1.008,0.606,0.711,0.951,0.72,1.168,1.147,1.099,0.851,0.839,0.822,0.669,0.758,0.361,0.802,0.994,0.826,0.964,0.353,3.171,0.774
2024-04-15,5.504,1,0.599,0.715,0.935,0.707,1.16,1.115,1.131,0.847,0.825,0.801,0.658,0.749,0.357,0.808,1.01,0.811,0.946,0.348,3.164,0.773
2024-04-16,5.417,1.014,0.61,0.719,0.922,0.703,1.184,1.129,1.143,0.868,0.848,0.811,0.678,0.766,0.349,0.822,0.999,0.824,0.932,0.352,3.23,0.785
2024-04-17,5.452,0.998,0.591,0.699,0.874,0.68,1.185,1.092,1.105,0.833,0.84,0.789,0.666,0.752,0.34,0.8,0.974,0.809,0.91,0.348,3.244,0.768
2024-04-18,5.461,1.016,0.603,0.726,0.912,0.708,1.205,1.117,1.154,0.862,0.845,0.809,0.669,0.767,0.342,0.828,0.973,0.825,0.909,0.354,3.277,0.785
2024-04-19,5.445,0.999,0.603,0.721,0.902,0.699,1.215,1.122,1.155,0.866,0.85,0.805,0.67,0.761,0.341,0.818,0.971,0.832,0.915,0.35,3.286,0.781
2024-04-22,5.471,0.991,0.611,0.7,0.879,0.688,1.213,1.096,1.13,0.877,0.842,0.782,0.659,0.745,0.332,0.795,0.952,0.827,0.903,0.347,3.308,0.765
2024-04-23,5.364,0.986,0.602,0.693,0.879,0.681,1.204,1.084,1.104,0.89,0.859,0.786,0.673,0.743,0.341,0.795,0.946,0.829,0.932,0.349,3.221,0.766
2024-04-24,5.232,0.967,0.588,0.691,0.885,0.683,1.203,1.07,1.099,0.875,0.865,0.777,0.683,0.743,0.349,0.787,0.947,0.827,0.965,0.353,3.173,0.763
2024-04-25,5.287,0.984,0.59,0.716,0.905,0.695,1.199,1.061,1.143,0.893,0.863,0.769,0.684,0.749,0.354,0.802,0.969,0.828,0.999,0.351,3.174,0.773
2024-04-26,5.288,0.981,0.592,0.71,0.898,0.689,1.218,1.066,1.124,0.883,0.861,0.767,0.68,0.749,0.357,0.802,0.954,0.827,0.992,0.351,3.193,0.768
2024-04-29,5.329,0.981,0.602,0.738,0.922,0.707,1.199,1.09,1.183,0.892,0.873,0.785,0.695,0.778,0.364,0.826,0.972,0.878,1.027,0.359,3.164,0.787
2024-04-30,5.294,0.981,0.618,0.761,0.954,0.725,1.211,1.134,1.204,0.903,0.879,0.812,0.701,0.807,0.372,0.857,0.976,0.889,1.019,0.369,3.13,0.812
2024-05-06,5.286,0.987,0.612,0.758,0.951,0.712,1.218,1.116,1.189,0.891,0.88,0.793,0.699,0.798,0.367,0.843,0.978,0.873,1.01,0.368,3.143,0.804
2024-05-07,5.254,1,0.636,0.763,0.962,0.717,1.217,1.151,1.193,0.899,0.898,0.805,0.724,0.815,0.383,0.852,0.981,0.878,1.084,0.377,3.16,0.813
2024-05-08,5.268,0.985,0.642,0.753,0.958,0.717,1.217,1.156,1.18,0.923,0.899,0.806,0.727,0.81,0.378,0.845,0.99,0.875,1.063,0.377,3.16,0.806
2024-05-09,5.261,0.983,0.631,0.738,0.922,0.697,1.217,1.131,1.167,0.91,0.9,0.793,0.719,0.796,0.375,0.833,0.992,0.862,1.052,0.372,3.182,0.797
2024-05-10,5.25,0.987,0.637,0.747,0.936,0.704,1.219,1.164,1.171,0.94,0.903,0.814,0.72,0.809,0.387,0.852,0.99,0.87,1.069,0.373,3.193,0.815
2024-05-13,5.369,1.001,0.634,0.738,0.926,0.698,1.234,1.147,1.161,0.932,0.9,0.81,0.716,0.8,0.39,0.835,0.995,0.876,1.076,0.371,3.212,0.804
2024-05-14,5.337,1.016,0.631,0.734,0.909,0.69,1.241,1.12,1.161,0.922,0.893,0.809,0.701,0.788,0.39,0.829,1,0.878,1.099,0.371,3.216,0.798
2024-05-15,5.329,1.015,0.626,0.733,0.931,0.702,1.235,1.117,1.151,0.917,0.894,0.801,0.704,0.787,0.393,0.828,1,0.883,1.114,0.376,3.203,0.796
2024-05-16,5.37,0.996,0.622,0.723,0.916,0.695,1.231,1.102,1.145,0.905,0.885,0.793,0.7,0.782,0.386,0.818,1.006,0.859,1.116,0.37,3.202,0.784
2024-05-17,5.417,0.986,0.621,0.727,0.912,0.693,1.254,1.098,1.162,0.901,0.89,0.791,0.708,0.786,0.39,0.819,1.022,0.858,1.123,0.369,3.209,0.781
2024-05-20,5.416,0.988,0.63,0.735,0.911,0.695,1.269,1.12,1.174,0.918,0.903,0.79,0.719,0.793,0.39,0.828,1.02,0.871,1.148,0.369,3.23,0.79
2024-05-21,5.55,1.002,0.633,0.746,0.908,0.696,1.263,1.123,1.187,0.928,0.912,0.792,0.722,0.797,0.393,0.829,1.021,0.872,1.149,0.369,3.269,0.789
2024-05-22,5.481,0.998,0.622,0.741,0.909,0.694,1.272,1.107,1.176,0.914,0.91,0.78,0.718,0.789,0.38,0.824,1.027,0.866,1.118,0.365,3.285,0.783
2024-05-23,5.492,0.998,0.626,0.743,0.905,0.695,1.278,1.12,1.167,0.91,0.903,0.829,0.711,0.801,0.379,0.83,1.031,0.869,1.119,0.364,3.285,0.789
2024-05-24,5.366,0.989,0.611,0.728,0.884,0.677,1.269,1.095,1.155,0.903,0.893,0.807,0.701,0.791,0.372,0.816,1.04,0.851,1.096,0.359,3.243,0.777
2024-05-27,5.319,1.007,0.608,0.709,0.873,0.669,1.258,1.076,1.123,0.883,0.883,0.799,0.692,0.775,0.36,0.795,1.022,0.84,1.078,0.355,3.238,0.761
2024-05-28,5.338,1.025,0.615,0.719,0.878,0.672,1.276,1.083,1.139,0.89,0.888,0.795,0.693,0.779,0.364,0.82,1.036,0.848,1.095,0.357,3.295,0.772
2024-05-29,5.334,1.038,0.607,0.707,0.857,0.656,1.27,1.069,1.122,0.885,0.876,0.79,0.685,0.767,0.363,0.818,1.04,0.84,1.097,0.355,3.286,0.769
2024-05-30,5.37,1.038,0.608,0.707,0.864,0.659,1.258,1.092,1.119,0.881,0.876,0.808,0.683,0.771,0.357,0.813,1.035,0.841,1.062,0.355,3.289,0.769
2024-05-31,5.317,1.023,0.61,0.709,0.855,0.656,1.249,1.092,1.117,0.896,0.866,0.805,0.672,0.773,0.357,0.83,1.025,0.84,1.052,0.353,3.266,0.777
2024-06-03,5.343,1.022,0.604,0.712,0.868,0.662,1.254,1.092,1.113,0.905,0.866,0.794,0.674,0.771,0.359,0.826,1.019,0.839,1.048,0.352,3.273,0.778
2024-06-04,5.296,1.027,0.598,0.724,0.853,0.658,1.239,1.09,1.133,0.901,0.867,0.788,0.671,0.777,0.358,0.841,1.025,0.828,1.067,0.35,3.242,0.785
2024-06-05,5.346,1.041,0.605,0.727,0.861,0.663,1.247,1.106,1.14,0.91,0.874,0.8,0.679,0.787,0.365,0.842,1.021,0.834,1.072,0.357,3.255,0.789
2024-06-06,5.324,1.034,0.602,0.724,0.846,0.651,1.232,1.104,1.124,0.916,0.866,0.789,0.671,0.784,0.366,0.846,1.029,0.831,1.069,0.357,3.217,0.788
2024-06-07,5.398,1.04,0.6,0.72,0.824,0.638,1.231,1.089,1.134,0.898,0.859,0.769,0.664,0.779,0.365,0.843,1.051,0.82,1.068,0.353,3.234,0.779
2024-06-11,5.399,1.058,0.596,0.71,0.824,0.639,1.24,1.067,1.106,0.902,0.851,0.758,0.656,0.76,0.365,0.842,1.051,0.815,1.06,0.352,3.261,0.775
2024-06-12,5.237,1.049,0.597,0.72,0.835,0.641,1.22,1.071,1.116,0.911,0.837,0.763,0.643,0.761,0.36,0.87,1.053,0.816,1.066,0.353,3.205,0.794
2024-06-13,5.267,1.055,0.594,0.725,0.85,0.652,1.216,1.066,1.122,0.91,0.837,0.76,0.641,0.756,0.362,0.867,1.062,0.816,1.056,0.354,3.246,0.793
2024-06-14,5.269,1.058,0.586,0.73,0.847,0.649,1.206,1.07,1.144,0.914,0.823,0.758,0.632,0.759,0.364,0.874,1.083,0.815,1.062,0.349,3.218,0.796
2024-06-17,5.271,1.039,0.586,0.746,0.848,0.652,1.219,1.071,1.196,0.903,0.831,0.755,0.635,0.767,0.364,0.87,1.083,0.833,1.065,0.347,3.223,0.791
2024-06-18,5.279,1.028,0.584,0.746,0.833,0.644,1.207,1.086,1.209,0.905,0.824,0.753,0.634,0.775,0.363,0.893,1.088,0.832,1.063,0.347,3.181,0.794
2024-06-19,5.284,1.03,0.588,0.759,0.836,0.643,1.212,1.085,1.24,0.91,0.814,0.759,0.626,0.779,0.36,0.893,1.102,0.838,1.052,0.343,3.188,0.794
2024-06-20,5.305,1.026,0.58,0.752,0.822,0.632,1.226,1.065,1.231,0.898,0.808,0.743,0.623,0.77,0.362,0.891,1.102,0.827,1.081,0.341,3.188,0.787
2024-06-21,5.351,1.024,0.574,0.739,0.8,0.617,1.218,1.039,1.215,0.88,0.8,0.723,0.617,0.758,0.356,0.891,1.108,0.82,1.075,0.336,3.194,0.791
2024-06-24,5.376,1.026,0.576,0.744,0.796,0.619,1.218,1.029,1.218,0.882,0.796,0.723,0.606,0.755,0.352,0.894,1.094,0.821,1.054,0.334,3.199,0.795
2024-06-25,5.29,1.028,0.568,0.722,0.765,0.6,1.219,1.007,1.179,0.86,0.795,0.705,0.607,0.744,0.347,0.871,1.09,0.813,1.036,0.331,3.157,0.774
2024-06-26,5.302,1.021,0.574,0.703,0.755,0.593,1.226,1.001,1.142,0.847,0.791,0.688,0.607,0.73,0.349,0.837,1.077,0.799,1.044,0.329,3.17,0.751
2024-06-27,5.271,1.025,0.582,0.73,0.803,0.625,1.227,1.022,1.177,0.865,0.794,0.699,0.61,0.742,0.354,0.859,1.094,0.81,1.056,0.334,3.178,0.764
2024-06-28,5.242,1.019,0.567,0.716,0.785,0.613,1.242,1,1.15,0.852,0.786,0.682,0.6,0.731,0.344,0.846,1.093,0.801,1.028,0.329,3.178,0.75
2024-07-01,5.297,1.044,0.567,0.716,0.783,0.612,1.247,0.993,1.178,0.879,0.78,0.68,0.59,0.723,0.342,0.848,1.107,0.783,1.019,0.326,3.201,0.745
2024-07-02,5.299,1.065,0.577,0.718,0.785,0.618,1.263,0.982,1.198,0.879,0.782,0.687,0.586,0.722,0.342,0.847,1.105,0.784,1.018,0.327,3.269,0.743
2024-07-03,5.306,1.069,0.566,0.712,0.788,0.617,1.28,0.976,1.184,0.872,0.785,0.671,0.595,0.715,0.34,0.832,1.107,0.782,1.011,0.323,3.271,0.732
2024-07-04,5.34,1.063,0.562,0.706,0.784,0.614,1.269,0.981,1.169,0.857,0.781,0.67,0.59,0.714,0.344,0.84,1.131,0.782,1.035,0.322,3.249,0.734
2024-07-05,5.365,1.059,0.556,0.697,0.763,0.601,1.272,0.969,1.162,0.847,0.772,0.655,0.58,0.709,0.34,0.831,1.135,0.767,1.048,0.317,3.235,0.723
2024-07-08,5.381,1.053,0.56,0.7,0.769,0.605,1.246,0.965,1.16,0.849,0.768,0.661,0.575,0.712,0.346,0.832,1.144,0.768,1.044,0.325,3.218,0.731
2024-07-09,5.384,1.069,0.548,0.691,0.74,0.589,1.253,0.942,1.158,0.834,0.756,0.64,0.559,0.7,0.336,0.832,1.155,0.748,1.027,0.317,3.207,0.724
2024-07-10,5.362,1.081,0.551,0.714,0.75,0.596,1.265,0.959,1.226,0.847,0.756,0.643,0.566,0.713,0.337,0.865,1.16,0.763,1.037,0.319,3.233,0.742
2024-07-11,5.397,1.056,0.547,0.719,0.744,0.587,1.271,0.964,1.231,0.846,0.758,0.644,0.565,0.713,0.334,0.864,1.151,0.764,1.045,0.319,3.167,0.743
2024-07-12,5.417,1.062,0.564,0.726,0.763,0.593,1.263,0.994,1.232,0.867,0.775,0.668,0.582,0.727,0.341,0.872,1.165,0.776,1.065,0.329,3.162,0.751
2024-07-15,5.446,1.049,0.565,0.72,0.752,0.59,1.289,0.992,1.204,0.863,0.775,0.672,0.587,0.727,0.349,0.878,1.122,0.775,1.093,0.329,3.158,0.752
2024-07-16,5.442,1.055,0.56,0.715,0.74,0.586,1.304,0.978,1.191,0.859,0.78,0.663,0.585,0.72,0.343,0.883,1.154,0.773,1.072,0.326,3.195,0.748
2024-07-17,5.505,1.059,0.558,0.733,0.746,0.589,1.299,0.988,1.203,0.864,0.78,0.679,0.585,0.733,0.343,0.914,1.152,0.78,1.056,0.327,3.182,0.764
2024-07-18,5.576,1.04,0.554,0.723,0.752,0.591,1.31,0.986,1.17,0.858,0.795,0.678,0.599,0.731,0.35,0.903,1.14,0.786,1.056,0.335,3.169,0.762
2024-07-19,5.573,1.057,0.555,0.717,0.748,0.588,1.307,0.994,1.159,0.877,0.798,0.681,0.597,0.743,0.352,0.905,1.121,0.79,1.049,0.338,3.173,0.769
2024-07-22,5.425,1.061,0.558,0.726,0.752,0.593,1.303,0.999,1.149,0.89,0.807,0.692,0.609,0.745,0.347,0.929,1.104,0.799,1.032,0.341,3.15,0.784
2024-07-23,5.421,1.047,0.549,0.73,0.755,0.591,1.282,0.993,1.154,0.895,0.793,0.692,0.594,0.744,0.351,0.93,1.102,0.805,1.055,0.342,3.118,0.787
2024-07-24,5.394,1.043,0.53,0.703,0.73,0.573,1.294,0.961,1.123,0.87,0.765,0.673,0.572,0.723,0.345,0.887,1.111,0.786,1.036,0.332,3.097,0.756
2024-07-25,5.465,1.062,0.525,0.697,0.713,0.565,1.295,0.941,1.115,0.873,0.756,0.661,0.564,0.714,0.341,0.879,1.092,0.777,1.022,0.328,3.099,0.746
2024-07-26,5.327,1.058,0.526,0.685,0.722,0.57,1.283,0.948,1.087,0.866,0.758,0.679,0.564,0.712,0.338,0.871,1.062,0.787,0.997,0.328,3.085,0.748
2024-07-29,5.35,1.051,0.532,0.69,0.735,0.578,1.265,0.971,1.107,0.895,0.758,0.681,0.563,0.719,0.34,0.878,1.062,0.801,1.001,0.328,3.067,0.753
2024-07-30,5.387,1.055,0.525,0.688,0.739,0.576,1.283,0.946,1.115,0.902,0.744,0.667,0.555,0.707,0.34,0.862,1.083,0.793,1.022,0.322,3.079,0.74
2024-07-31,5.394,1.039,0.519,0.686,0.737,0.576,1.277,0.942,1.107,0.907,0.744,0.665,0.553,0.705,0.335,0.871,1.069,0.797,1.002,0.32,3.064,0.743
2024-08-01,5.436,1.029,0.539,0.709,0.769,0.599,1.276,0.975,1.14,0.92,0.768,0.69,0.572,0.729,0.345,0.904,1.073,0.841,1.023,0.334,3.093,0.778
2024-08-02,5.48,1.03,0.529,0.706,0.762,0.594,1.278,0.959,1.14,0.922,0.752,0.682,0.559,0.718,0.343,0.908,1.101,0.835,1.019,0.332,3.096,0.774
2024-08-05,5.505,1.023,0.524,0.682,0.749,0.586,1.271,0.946,1.088,0.913,0.752,0.671,0.556,0.704,0.341,0.884,1.041,0.819,0.993,0.334,3.088,0.762
2024-08-06,5.366,1.005,0.515,0.653,0.754,0.586,1.26,0.93,1.026,0.884,0.76,0.664,0.564,0.689,0.337,0.844,0.965,0.812,0.973,0.334,3.047,0.738
2024-08-07,5.327,1.007,0.519,0.659,0.779,0.599,1.248,0.94,1.044,0.906,0.765,0.689,0.568,0.699,0.346,0.849,1.001,0.815,0.987,0.338,3.036,0.748
2024-08-08,5.352,1.018,0.52,0.653,0.777,0.596,1.25,0.935,1.048,0.912,0.759,0.687,0.571,0.695,0.349,0.838,1.001,0.81,1.01,0.336,3.048,0.742
2024-08-09,5.349,1.013,0.526,0.65,0.769,0.595,1.253,0.931,1.037,0.883,0.772,0.684,0.581,0.691,0.351,0.841,0.984,0.813,1.01,0.338,3.059,0.745
2024-08-12,5.396,1.007,0.521,0.648,0.754,0.584,1.259,0.923,1.04,0.873,0.766,0.674,0.578,0.685,0.352,0.844,1.012,0.806,1.019,0.331,3.048,0.742
2024-08-13,5.437,1.005,0.518,0.644,0.742,0.583,1.255,0.917,1.036,0.865,0.767,0.672,0.575,0.682,0.354,0.84,1.021,0.804,1.023,0.336,3.068,0.742
2024-08-14,5.474,1.006,0.518,0.649,0.744,0.584,1.261,0.922,1.047,0.875,0.762,0.672,0.568,0.69,0.353,0.848,1.028,0.815,1.033,0.332,3.069,0.746
2024-08-15,5.456,1.016,0.504,0.647,0.756,0.588,1.26,0.906,1.042,0.864,0.749,0.665,0.56,0.681,0.348,0.836,1.048,0.808,1.016,0.328,3.062,0.736
2024-08-16,5.443,1.029,0.507,0.651,0.783,0.599,1.278,0.916,1.046,0.867,0.755,0.674,0.563,0.685,0.35,0.84,1.055,0.817,1.008,0.329,3.091,0.743
2024-08-19,5.453,1.018,0.504,0.652,0.771,0.593,1.293,0.909,1.065,0.856,0.748,0.665,0.56,0.685,0.357,0.837,1.098,0.812,1.037,0.329,3.096,0.74
2024-08-20,5.513,1.021,0.504,0.655,0.779,0.594,1.315,0.908,1.067,0.853,0.742,0.658,0.557,0.686,0.358,0.839,1.079,0.811,1.045,0.326,3.126,0.739
2024-08-21,5.513,1.01,0.497,0.646,0.764,0.586,1.318,0.899,1.056,0.839,0.73,0.649,0.551,0.677,0.353,0.825,1.103,0.805,1.037,0.322,3.091,0.728
2024-08-22,5.537,1.003,0.497,0.647,0.755,0.581,1.31,0.906,1.057,0.834,0.723,0.643,0.546,0.675,0.351,0.821,1.099,0.8,1.024,0.32,3.058,0.726
2024-08-23,5.523,1.014,0.494,0.634,0.727,0.566,1.322,0.895,1.04,0.831,0.714,0.632,0.537,0.67,0.345,0.807,1.1,0.788,1.041,0.318,3.061,0.719
2024-08-26,5.504,1.003,0.496,0.637,0.723,0.565,1.329,0.886,1.04,0.832,0.715,0.63,0.537,0.67,0.338,0.801,1.089,0.795,1.042,0.317,3.059,0.72
2024-08-27,5.538,0.999,0.498,0.632,0.729,0.566,1.329,0.905,1.028,0.825,0.711,0.639,0.533,0.67,0.345,0.801,1.09,0.795,1.045,0.315,3.043,0.715
2024-08-28,5.534,0.994,0.497,0.622,0.735,0.562,1.334,0.893,1.01,0.811,0.703,0.631,0.531,0.664,0.347,0.788,1.075,0.788,1.013,0.315,3.05,0.708
2024-08-29,5.528,1.001,0.499,0.622,0.739,0.567,1.325,0.893,1.009,0.819,0.696,0.633,0.517,0.664,0.347,0.787,1.079,0.789,1.005,0.314,3.037,0.704
2024-08-30,5.535,0.988,0.504,0.623,0.749,0.572,1.282,0.908,1.004,0.833,0.705,0.658,0.529,0.667,0.349,0.795,1.055,0.794,1.011,0.317,2.981,0.713
2024-09-02,5.522,0.988,0.514,0.639,0.773,0.588,1.256,0.93,1.031,0.843,0.722,0.666,0.547,0.685,0.354,0.822,1.066,0.814,1.036,0.323,2.99,0.728
2024-09-03,5.491,0.984,0.505,0.617,0.749,0.571,1.255,0.906,0.991,0.812,0.701,0.65,0.526,0.666,0.346,0.793,1.073,0.793,1.013,0.316,3.005,0.703
2024-09-04,5.501,0.967,0.512,0.627,0.758,0.578,1.234,0.928,1.001,0.824,0.709,0.66,0.533,0.673,0.347,0.798,1.073,0.799,1.021,0.32,2.978,0.708
2024-09-05,5.463,0.961,0.509,0.621,0.749,0.576,1.23,0.934,0.994,0.822,0.703,0.66,0.528,0.674,0.344,0.79,1.016,0.798,1.014,0.319,2.977,0.705
2024-09-06,5.502,0.957,0.507,0.624,0.775,0.591,1.228,0.937,1.002,0.826,0.708,0.666,0.53,0.677,0.346,0.789,1.023,0.806,1.013,0.322,2.979,0.705
2024-09-09,5.517,0.951,0.498,0.615,0.769,0.585,1.232,0.92,0.979,0.814,0.699,0.651,0.521,0.667,0.342,0.777,1.026,0.809,1.001,0.316,2.955,0.696
2024-09-10,5.477,0.941,0.495,0.61,0.766,0.58,1.209,0.915,0.984,0.811,0.691,0.644,0.513,0.669,0.343,0.774,1.017,0.808,0.994,0.316,2.9,0.687
2024-09-11,5.513,0.938,0.49,0.621,0.774,0.59,1.217,0.913,1.002,0.817,0.691,0.645,0.516,0.668,0.343,0.781,1.024,0.805,0.998,0.314,2.907,0.692
2024-09-12,5.542,0.91,0.495,0.624,0.777,0.588,1.19,0.944,1.006,0.816,0.69,0.654,0.512,0.677,0.346,0.779,1.032,0.804,0.982,0.315,2.843,0.695
2024-09-13,5.531,0.913,0.494,0.621,0.765,0.581,1.197,0.936,1.004,0.812,0.677,0.655,0.502,0.677,0.347,0.768,1.066,0.803,0.999,0.311,2.853,0.69
2024-09-18,5.611,0.915,0.488,0.623,0.755,0.575,1.193,0.909,1.018,0.805,0.667,0.643,0.49,0.672,0.351,0.759,1.071,0.805,0.995,0.31,2.845,0.683
2024-09-19,5.609,0.916,0.49,0.622,0.745,0.57,1.207,0.911,1.013,0.805,0.658,0.638,0.485,0.671,0.352,0.751,1.065,0.806,1.001,0.309,2.878,0.678
2024-09-20,5.6,0.923,0.498,0.626,0.765,0.583,1.208,0.919,1.014,0.806,0.673,0.647,0.498,0.676,0.355,0.761,1.076,0.816,1.038,0.312,2.873,0.683
2024-09-23,5.663,0.921,0.496,0.625,0.76,0.581,1.217,0.91,1.013,0.791,0.67,0.637,0.499,0.672,0.357,0.755,1.081,0.816,1.037,0.308,2.874,0.678
2024-09-24,5.711,0.935,0.495,0.625,0.755,0.579,1.236,0.906,1.025,0.795,0.669,0.628,0.5,0.67,0.358,0.747,1.086,0.816,1.035,0.307,2.905,0.674
2024-09-25,5.697,0.967,0.519,0.652,0.786,0.602,1.285,0.958,1.082,0.821,0.712,0.654,0.53,0.711,0.363,0.775,1.08,0.866,1.084,0.317,3.039,0.699
2024-09-26,5.74,0.969,0.521,0.655,0.796,0.611,1.31,0.969,1.083,0.833,0.714,0.659,0.533,0.722,0.367,0.782,1.07,0.882,1.087,0.322,3.085,0.7
2024-09-27,5.751,0.979,0.544,0.684,0.83,0.638,1.359,1.005,1.121,0.863,0.785,0.687,0.586,0.754,0.38,0.816,1.086,0.938,1.161,0.335,3.189,0.728
2024-09-30,5.708,1.014,0.582,0.735,0.887,0.671,1.378,1.088,1.179,0.909,0.849,0.745,0.645,0.841,0.405,0.884,1.069,1.006,1.218,0.363,3.178,0.792
2024-10-08,5.707,1.069,0.639,0.809,0.976,0.738,1.414,1.197,1.297,1,0.934,0.82,0.71,1.009,0.446,0.972,1.064,1.107,1.306,0.399,3.399,0.95
2024-10-09,5.714,1.064,0.656,0.89,1.074,0.805,1.46,1.317,1.427,1.1,0.926,0.902,0.727,1.211,0.461,1.069,1.058,1.218,1.305,0.439,3.404,1.14
2024-10-10,5.64,1.001,0.594,0.898,0.968,0.725,1.354,1.235,1.367,1.015,0.834,0.813,0.654,1.023,0.424,1.176,1.075,1.179,1.253,0.4,3.148,1.096
2024-10-11,5.676,1.03,0.599,0.862,0.947,0.715,1.412,1.223,1.347,1.021,0.859,0.814,0.652,0.989,0.433,1.13,1.089,1.113,1.288,0.4,3.27,1.026
2024-10-14,5.739,1.007,0.577,0.818,0.901,0.682,1.396,1.154,1.297,0.968,0.836,0.776,0.631,0.936,0.413,1.056,1.088,1.116,1.246,0.379,3.226,0.951
2024-10-15,5.799,1.016,0.585,0.848,0.93,0.698,1.446,1.172,1.331,1.008,0.842,0.79,0.638,0.963,0.419,1.095,1.088,1.124,1.278,0.382,3.312,0.974
2024-10-16,5.799,0.995,0.573,0.829,0.929,0.69,1.412,1.138,1.301,1,0.814,0.77,0.615,0.93,0.407,1.076,1.11,1.087,1.212,0.37,3.231,0.946
2024-10-17,5.884,1,0.568,0.808,0.95,0.7,1.452,1.116,1.264,0.987,0.804,0.75,0.609,0.906,0.406,1.048,1.098,1.094,1.215,0.363,3.279,0.923
2024-10-18,5.905,0.986,0.56,0.822,0.967,0.705,1.431,1.104,1.274,0.993,0.789,0.739,0.596,0.904,0.406,1.052,1.104,1.088,1.207,0.36,3.231,0.926
2024-10-21,5.945,1,0.577,0.883,0.992,0.724,1.439,1.168,1.375,1.033,0.812,0.773,0.616,0.984,0.423,1.157,1.096,1.169,1.244,0.376,3.252,1.041
2024-10-22,6.02,0.992,0.578,0.899,1.038,0.742,1.419,1.181,1.389,1.085,0.818,0.8,0.616,0.987,0.417,1.208,1.099,1.137,1.215,0.377,3.232,1.05
2024-10-23,6.018,1.011,0.586,0.89,1.03,0.76,1.416,1.191,1.396,1.061,0.828,0.819,0.626,0.991,0.419,1.19,1.099,1.146,1.219,0.381,3.244,1.037
2024-10-24,6.056,1.017,0.595,0.878,1.009,0.745,1.422,1.202,1.374,1.087,0.836,0.861,0.635,0.983,0.422,1.173,1.104,1.14,1.244,0.382,3.245,1.032
2024-10-25,5.995,1.009,0.583,0.873,0.994,0.738,1.417,1.179,1.394,1.06,0.823,0.829,0.622,0.969,0.414,1.171,1.092,1.138,1.214,0.376,3.226,1.029
2024-10-28,5.998,1.004,0.6,0.88,1.026,0.757,1.411,1.233,1.41,1.071,0.83,0.905,0.627,1.001,0.42,1.179,1.097,1.147,1.218,0.382,3.224,1.045
2024-10-29,6.017,1.017,0.604,0.88,1.053,0.772,1.398,1.232,1.403,1.088,0.85,0.891,0.644,0.994,0.421,1.179,1.11,1.149,1.228,0.385,3.245,1.039
2024-10-30,6.068,1.001,0.59,0.872,1.035,0.757,1.397,1.207,1.388,1.078,0.83,0.866,0.627,0.969,0.416,1.179,1.107,1.136,1.238,0.378,3.2,1.028
2024-10-31,6.14,0.994,0.587,0.871,1.031,0.753,1.381,1.191,1.393,1.08,0.825,0.876,0.618,0.958,0.404,1.161,1.119,1.133,1.218,0.373,3.165,1.008
2024-11-01,6.103,1.007,0.586,0.881,1.029,0.754,1.372,1.196,1.403,1.087,0.823,0.905,0.614,0.965,0.4,1.186,1.099,1.166,1.212,0.37,3.146,1.02
2024-11-04,6.051,1.006,0.591,0.845,0.989,0.737,1.391,1.19,1.358,1.056,0.83,0.878,0.623,0.948,0.396,1.143,1.085,1.153,1.218,0.371,3.175,0.99
2024-11-05,6.006,1.006,0.597,0.864,1.013,0.749,1.398,1.227,1.388,1.079,0.841,0.885,0.631,0.976,0.402,1.162,1.089,1.198,1.224,0.375,3.189,1.004
2024-11-06,6.006,1.018,0.612,0.906,1.046,0.77,1.409,1.269,1.431,1.151,0.857,0.905,0.647,1.028,0.407,1.22,1.084,1.265,1.247,0.383,3.218,1.05
2024-11-07,5.994,1.009,0.615,0.903,1.081,0.791,1.399,1.281,1.416,1.161,0.854,0.895,0.643,1.011,0.405,1.233,1.123,1.257,1.225,0.382,3.19,1.053
2024-11-08,5.86,1.022,0.626,0.926,1.087,0.803,1.429,1.307,1.442,1.153,0.907,0.889,0.706,1.053,0.413,1.273,1.14,1.364,1.259,0.397,3.259,1.087
2024-11-11,5.898,1.017,0.626,0.931,1.066,0.793,1.409,1.3,1.463,1.185,0.886,0.894,0.678,1.037,0.413,1.274,1.15,1.32,1.247,0.394,3.226,1.081
2024-11-12,5.905,1.016,0.635,0.982,1.121,0.828,1.387,1.368,1.513,1.217,0.879,0.916,0.674,1.066,0.412,1.355,1.158,1.321,1.23,0.397,3.193,1.13
2024-11-13,5.807,1.005,0.629,0.962,1.084,0.799,1.375,1.364,1.486,1.168,0.873,0.902,0.668,1.068,0.408,1.319,1.16,1.289,1.194,0.402,3.173,1.105
2024-11-14,5.796,1.01,0.632,0.99,1.109,0.821,1.382,1.366,1.514,1.17,0.872,0.908,0.669,1.087,0.402,1.323,1.152,1.286,1.186,0.399,3.193,1.116
2024-11-15,5.68,0.996,0.616,0.947,1.083,0.794,1.386,1.314,1.446,1.123,0.858,0.882,0.659,1.048,0.396,1.277,1.156,1.265,1.166,0.387,3.167,1.08
