code,close,adjfactor,tradestatus,rn
sz.002004,4.06,11.015100673712734,1,1
sz.002006,17.2,3.0947498189379212,1,1
sz.002007,16.38,5.757272148187896,1,1
sz.002008,23.1,1.7412183939944685,1,1
sz.002011,11.29,2.136364385299809,1,1
sz.002012,4.65,2.099911102785786,1,1
sz.002014,10.68,6.328200665987127,1,1
sz.002015,7.16,1.3508307010360696,1,1
sz.002016,5.56,1.8011848404850581,1,1
sz.002017,9.79,2.890815304683354,1,1
sz.002023,9.23,2.944066781631712,1,1
sz.002025,51.0,1.4579343633374842,1,1
sz.002026,10.27,1.9371610019234309,1,1
sz.002027,7.2,4.417001444418763,1,1
sz.002028,71.97,1.9507628267929111,1,1
sz.002029,6.26,2.601883130724702,1,1
sz.002032,56.21,2.7342009388460053,1,1
sz.002033,8.86,4.054170886978875,1,1
sz.002034,17.82,2.1659055217282406,1,1
sz.002038,6.43,4.621437533487568,1,1
sz.002039,15.6,2.631541921313172,1,1
sz.002040,6.67,1.4074598855460856,1,1
sz.002041,10.14,5.246131650018956,1,1
sz.002043,10.32,4.174198104502612,1,1
sz.002045,14.2,1.6841474887475303,1,1
sz.002046,15.33,2.5825032714165683,1,1
sz.002048,16.7,1.4070546149195395,1,1
sz.002049,63.98,2.9303767137861136,1,1
sz.002050,26.8,10.791145619231306,1,1
sz.002051,7.93,5.302168059907307,1,1
sz.002053,10.9,2.14281629344239,1,1
sz.002054,6.31,2.1524729450840674,1,1
sz.002055,5.71,2.6838817946491584,1,1
sz.002057,7.8,5.081999910954931,1,1
sz.002060,3.46,3.4292939097696564,1,1
sz.002061,3.85,3.2561242302824818,1,1
sz.002062,4.76,4.593804911831401,1,1
sz.002063,5.69,9.78811368163583,1,1
sz.002064,6.69,4.619164439195545,1,1
sz.002065,9.8,6.99534562146881,1,1
sz.002066,10.73,2.1175250086412114,1,1
sz.002073,7.8,1.562369750419536,1,1
sz.002074,20.66,2.18166295796157,1,1
sz.002075,5.87,1.4983346318051518,1,1
sz.002077,13.86,1.0258326380679625,1,1
sz.002078,14.01,4.8914996795145695,1,1
sz.002079,9.15,2.4632399012740183,1,1
sz.002080,13.77,5.233577804289344,1,1
sz.002081,3.47,13.832351117528512,1,1
sz.002083,4.44,1.4026500923411676,1,1
sz.002085,16.71,7.165059189866866,1,1
sz.002088,11.98,3.095307376462584,1,1
sz.002090,8.9,3.7303311073168572,1,1
sz.002091,7.16,4.096784609321684,1,1
sz.002093,11.11,3.0789805111651445,1,1
sz.002094,6.92,2.5879989469200364,1,1
sz.002096,12.16,2.160982631243611,1,1
sz.002097,6.99,2.469536282150037,1,1
sz.002098,9.3,2.289501646248284,1,1
sz.002099,4.99,4.70864704276606,1,1
sz.002100,6.35,5.263977340167535,1,1
sz.002101,11.72,4.104680669413811,1,1
sz.002102,2.87,6.073955895941472,1,1
sz.002103,9.25,1.9738399445803954,1,1
sz.002104,7.91,2.654293027523003,1,1
sz.002106,9.47,2.1328469395671434,1,1
sz.002107,4.88,4.091037156024458,1,1
sz.002108,3.45,14.23446784064126,1,1
sz.002110,3.77,2.3791315687526846,1,1
sz.002111,9.39,3.052685242449876,1,1
sz.002112,12.99,2.381434322788968,1,1
sz.002116,9.58,4.561203057344276,1,1
sz.002117,11.92,6.211453415934655,1,1
sz.002119,15.29,1.8989230186315282,1,1
sz.002120,6.78,2.8902913506024324,1,1
sz.002121,4.59,3.8394975503977617,1,1
sz.002122,3.3,2.1117573385650794,1,1
sz.002123,13.76,2.289281833448948,1,1
sz.002125,9.83,4.262308090832889,1,1
sz.002126,25.42,5.568004977517292,1,1
sz.002128,17.85,1.8519033316274909,1,1
sz.002130,18.33,6.93083158689279,1,1
sz.002131,3.73,21.883578576302586,1,1
sz.002132,3.18,4.005930033247259,1,1
sz.002134,17.68,1.0,1,1
sz.002135,4.08,3.254857339769905,1,1
sz.002137,7.48,1.6570954767270152,1,1
sz.002138,27.84,5.259500439386304,1,1
sz.002139,13.99,6.046504168424216,1,1
sz.002140,9.65,4.268514229833232,1,1
sz.002142,23.9,2.2799151153743473,1,1
sz.002144,10.72,1.1586616553869007,1,1
sz.002145,4.08,4.562943660613717,1,1
sz.002149,18.41,2.202017855152659,1,1
sz.002150,10.92,3.8925704408305744,1,1
sz.002152,12.34,7.220651981998914,1,1
sz.002153,8.33,11.011853765681794,1,1
sz.002154,3.82,5.719513470020639,1,1
sz.002155,22.38,1.9368014978907013,1,1
sz.002156,25.62,2.145946463942965,1,1
sz.002157,2.76,5.389224715777901,1,1
sz.002158,16.55,3.9573454955452987,1,1
sz.002159,15.08,1.0304267385352601,1,1
sz.002160,3.7,2.0861821133105938,1,1
sz.002164,8.99,2.075093150937978,1,1
sz.002165,12.44,3.728623019467571,1,1
sz.002166,7.31,7.497580342655527,1,1
sz.002167,8.9,6.015584415584415,1,1
sz.002170,9.69,2.551609901109161,1,1
sz.002171,8.48,4.647486999678892,1,1
sz.002172,3.57,1.500493583415597,1,1
sz.002174,9.42,3.0776513552539195,1,1
sz.002177,4.49,2.9375648218718755,1,1
sz.002179,40.63,6.5046250144566224,1,1
sz.002180,21.98,3.1531241812119504,1,1
sz.002181,5.48,1.7596567773770937,1,1
sz.002182,11.96,4.700721561832965,1,1
sz.002183,4.87,4.950882343346612,1,1
sz.002186,10.4,2.3188023754659564,1,1
sz.002187,6.87,2.4474093369716696,1,1
sz.002188,4.83,1.3064713064713065,1,1
sz.002190,16.62,2.170097638086637,1,1
sz.002191,3.6,3.1379031438874416,1,1
sz.002192,27.18,1.5383336999965869,1,1
sz.002194,11.96,1.4218728313550435,1,1
sz.002195,5.15,23.097661409404008,1,1
sz.002198,6.88,5.117926989179672,1,1
sz.002201,6.51,5.6718853741226525,1,1
sz.002202,8.75,2.937351319049617,1,1
sz.002203,9.56,3.8100088745454497,1,1
sz.002204,5.98,4.844405260087757,1,1
sz.002206,4.92,11.726853816086065,1,1
sz.002208,6.4,3.678613673854746,1,1
sz.002209,11.38,1.5512336509887235,1,1
sz.002215,9.46,5.033979860448773,1,1
sz.002216,11.53,5.074194277434508,1,1
sz.002219,2.28,11.066045113717138,1,1
sz.002221,8.18,4.379830016823194,1,1
sz.002222,34.58,2.8610443016525444,1,1
sz.002223,34.46,6.310347229983917,1,1
sz.002224,4.35,5.9391067967369935,1,1
sz.002225,5.34,1.4947911823432343,1,1
sz.002226,5.35,10.163001140165028,1,1
sz.002228,3.17,5.8385772081728735,1,1
sz.002229,15.88,3.0065960817100006,1,1
sz.002233,7.4,3.50936825074554,1,1
sz.002236,15.72,47.74110856276594,1,1
sz.002237,10.81,4.195655811057669,1,1
sz.002239,2.85,6.033623013635023,1,1
sz.002241,21.18,11.72023122950753,1,1
sz.002242,9.5,2.8596527454818914,1,1
sz.002244,10.36,2.532370361307136,1,1
sz.002245,12.68,6.951015222320275,1,1
sz.002246,10.7,1.6321094105091836,1,1
sz.002247,2.53,6.450919009662533,1,1
sz.002248,8.07,2.018628575146424,1,1
sz.002249,6.93,6.682216062971589,1,1
sz.002250,6.32,6.036236239587909,1,1
sz.002251,6.2,2.4767896191025542,1,1
sz.002252,6.71,23.974605615516758,1,1
sz.002254,10.2,4.611143302122724,1,1
sz.002255,8.37,4.1264565676997895,1,1
sz.002258,10.19,3.5102307193396314,1,1
sz.002262,22.33,5.878663297180306,1,1
sz.002263,2.49,3.0147564392883743,1,1
sz.002264,6.36,4.6063914160703,1,1
sz.002265,20.94,1.0026448725566048,1,1
sz.002266,3.15,11.544365425387953,1,1
sz.002267,8.52,2.997187922563746,1,1
sz.002269,1.72,2.9601895073742357,1,1
sz.002270,15.0,2.5277132393162884,1,1
sz.002271,11.17,26.328976581798692,1,1
sz.002273,19.6,11.52321715984758,1,1
sz.002274,6.99,3.61155453178173,1,1
sz.002275,13.65,2.0563956413440274,1,1
sz.002276,14.81,3.860057860354185,1,1
sz.002277,5.34,6.377738088367718,1,1
sz.002278,7.93,2.23819547833748,1,1
sz.002281,42.71,3.35392205612225,1,1
sz.002282,7.25,2.3017318963673263,1,1
sz.002283,6.17,4.513725328069906,1,1
sz.002284,11.0,6.656349214401473,1,1
sz.002286,9.22,3.698676808596625,1,1
sz.002287,23.78,1.6521910847686936,1,1
sz.002290,25.8,2.6571308007212644,1,1
sz.002292,8.93,7.9123627004881385,1,1
sz.002293,9.03,9.027094197537961,1,1
sz.002294,40.9,11.785962889082784,1,1
sz.002295,7.63,1.5983439984006769,1,1
sz.002296,10.93,5.183503469396104,1,1
sz.002298,5.75,3.144381413020163,1,1
sz.002300,5.67,7.8526608061200065,1,1
sz.002301,6.9,4.917354324596251,1,1
sz.002303,3.49,12.091060120257856,1,1
sz.002304,68.6,4.873022378070638,1,1
sz.002311,55.48,7.1227759064449145,1,1
sz.002312,11.01,18.914267772927367,1,1
sz.002314,2.57,2.393409154682848,1,1
sz.002315,42.3,3.9175088840664083,1,1
sz.002317,11.13,11.248356221959288,1,1
sz.002318,23.4,6.4954420752003825,1,1
sz.002320,5.91,14.17404278370896,1,1
sz.002322,12.26,5.5928296796081485,1,1
sz.002324,10.33,8.259528464403973,1,1
sz.002327,7.78,13.12951548986213,1,1
sz.002328,5.46,3.158316487558982,1,1
sz.002329,3.06,5.8735235029539785,1,1
sz.002330,4.27,2.0601957465209955,1,1
sz.002332,8.98,2.745624617833879,1,1
sz.002333,5.13,3.739885374765678,1,1
sz.002334,7.71,12.063511020265276,1,1
sz.002335,42.65,5.9165914338632275,1,1
sz.002337,5.09,5.273826346008535,1,1
sz.002338,37.85,3.27049751710019,1,1
sz.002340,6.12,24.464870536112702,1,1
sz.002344,4.14,4.530214855027395,1,1
sz.002345,9.89,8.096449450582687,1,1
sz.002346,13.1,2.342276743930222,1,1
sz.002349,6.96,8.094086182676346,1,1
sz.002350,6.26,4.903024144504854,1,1
sz.002351,13.01,7.438399143266669,1,1
sz.002352,43.52,3.692450749869208,1,1
sz.002353,31.4,8.524984246456702,1,1
sz.002354,6.44,2.873700698181085,1,1
sz.002355,6.26,2.0864812770686494,1,1
sz.002357,7.5,4.492252315919813,1,1
sz.002358,5.08,8.551308340818242,1,1
sz.002360,4.69,7.201464636849006,1,1
sz.002361,5.75,9.882179309513432,1,1
sz.002363,7.16,2.8772387587488275,1,1
sz.002364,14.0,6.680205754407738,1,1
sz.002366,4.76,2.3317458238810302,1,1
sz.002367,7.22,9.122247455104045,1,1
sz.002368,24.05,5.5884512375780435,1,1
sz.002371,450.96,4.771402371585745,1,1
sz.002372,11.8,9.268093959155031,1,1
sz.002375,3.61,6.214688440941847,1,1
sz.002376,6.62,5.007616875560008,1,1
sz.002377,2.92,4.335484549679442,1,1
sz.002378,6.63,2.822222439713401,1,1
sz.002380,25.16,3.3508462556064798,1,1
sz.002381,6.39,6.238644458963805,1,1
sz.002383,8.55,4.798035396095527,1,1
sz.002384,25.88,7.563833077630625,1,1
sz.002385,4.08,10.65705404102549,1,1
sz.002386,4.38,2.4572276505248682,1,1
sz.002390,3.42,10.791577481958386,1,1
sz.002391,5.26,6.39463884344575,1,1
sz.002392,6.03,8.629985253188037,1,1
sz.002393,16.18,1.7653638269744623,1,1
sz.002394,7.83,5.154897705409517,1,1
sz.002395,16.66,3.288786177073273,1,1
sz.002396,19.33,3.3372426673815134,1,1
sz.002397,3.7,12.91253417785164,1,1
sz.002398,4.65,6.541885857384026,1,1
sz.002399,10.88,3.7931943049460517,1,1
sz.002400,7.27,18.8069983038921,1,1
sz.002401,14.2,7.32617602233599,1,1
sz.002402,19.74,12.477270215560287,1,1
sz.002403,14.23,1.4627412710767804,1,1
sz.002404,5.89,6.0525889729030755,1,1
sz.002406,7.26,4.162933302348321,1,1
sz.002407,11.62,8.24857298361213,1,1
sz.002408,4.45,9.267586360207313,1,1
sz.002409,55.16,3.2252582780961747,1,1
sz.002410,14.75,18.07639321516539,1,1
sz.002412,5.55,7.684343907459174,1,1
sz.002414,8.25,14.376437787545902,1,1
sz.002415,28.21,22.965711388983543,1,1
sz.002416,11.62,3.4173462032749518,1,1
sz.002418,3.4,4.997188521775899,1,1
sz.002419,5.33,4.377302289391746,1,1
sz.002420,5.64,1.0184533592322256,1,1
sz.002422,36.21,7.112475525391486,1,1
sz.002423,11.89,1.0838971822220693,1,1
sz.002427,5.95,2.049215533782727,1,1
sz.002428,18.58,5.299586337512387,1,1
sz.002429,4.31,9.297991762278842,1,1
sz.002430,19.93,2.3918620091599716,1,1
sz.002432,37.8,3.3409946452279753,1,1
sz.002434,7.34,7.527960226754158,1,1
sz.002436,12.52,13.443155102984116,1,1
sz.002437,2.46,15.847685984088004,1,1
sz.002438,10.85,4.245676783454859,1,1
sz.002440,6.96,5.766665554471175,1,1
sz.002441,8.59,5.370593786518912,1,1
sz.002442,6.1,2.6534826024371188,1,1
sz.002443,5.77,4.149931616629455,1,1
sz.002444,23.28,4.565158071216349,1,1
sz.002445,2.24,7.2115413303514835,1,1
sz.002446,6.4,4.9719040548033515,1,1
sz.002448,7.83,6.014872797386646,1,1
sz.002449,8.56,3.1027181649638047,1,1
sz.002451,6.25,3.066896443427728,1,1
sz.002452,6.9,5.776857848861928,1,1
sz.002454,7.36,2.963075960677383,1,1
sz.002455,7.15,6.376514785995791,1,1
sz.002461,10.58,2.2204158272170993,1,1
sz.002462,11.94,1.8379144159659317,1,1
sz.002463,27.9,3.1880659957331288,1,1
sz.002465,10.38,7.15884954604535,1,1
sz.002466,28.81,8.411343976787936,1,1
sz.002467,5.26,11.895932906453865,1,1
sz.002468,10.67,2.246642156564243,1,1
sz.002469,8.8,10.250591679844229,1,1
sz.002472,33.7,5.200432782512572,1,1
sz.002475,30.85,34.32846452525322,1,1
sz.002476,4.3,5.250371151297804,1,1
sz.002478,5.17,2.8048535867124618,1,1
sz.002479,5.15,4.482952186298745,1,1
sz.002481,5.32,18.753318919119103,1,1
sz.002483,6.1,3.2862950441419048,1,1
sz.002484,18.24,4.900730531289296,1,1
sz.002486,2.18,4.197042198871655,1,1
sz.002487,27.58,4.660878289600062,1,1
sz.002488,13.8,6.174710188475214,1,1
sz.002489,3.49,12.171255435885165,1,1
sz.002492,5.4,3.3666930937500936,1,1
sz.002493,8.33,15.465515708977284,1,1
sz.002494,4.47,2.7014239013045644,1,1
sz.002495,2.45,9.71317571715614,1,1
sz.002497,11.2,6.812186478142623,1,1
sz.002498,3.19,8.27953742694711,1,1
sz.002500,5.64,1.2528316292034567,1,1
sz.002507,13.11,7.605851854113526,1,1
sz.002508,19.57,7.584149390610458,1,1
sz.002510,5.59,4.373674176159999,1,1
sz.002511,6.6,8.263044032021954,1,1
sz.002515,5.12,11.198977742426772,1,1
sz.002516,5.03,9.427815655808823,1,1
sz.002517,17.0,6.414350096271822,1,1
sz.002518,22.55,5.838131165139617,1,1
sz.002521,8.99,3.6049424828071355,1,1
sz.002522,4.43,8.64150332462081,1,1
sz.002523,3.48,7.565569027344593,1,1
sz.002526,3.68,6.0304986529684586,1,1
sz.002530,10.35,3.346186522586038,1,1
sz.002531,6.43,8.276065260137832,1,1
sz.002532,7.44,8.09031583312675,1,1
sz.002533,9.73,5.619812519589952,1,1
sz.002534,10.83,2.310786147893103,1,1
sz.002535,3.77,3.5293584383701107,1,1
sz.002536,15.19,5.626956911660394,1,1
sz.002537,6.95,6.888272418737463,1,1
sz.002538,5.11,5.199306672655456,1,1
sz.002539,8.33,6.6688391362806865,1,1
sz.002540,5.77,9.857138116648937,1,1
sz.002541,18.74,4.304030937155967,1,1
sz.002543,11.21,5.7990368701769945,1,1
sz.002545,7.62,5.8870579664440745,1,1
sz.002546,4.96,10.982283467389006,1,1
sz.002549,8.3,8.397923027235262,1,1
sz.002550,6.08,10.479660078829411,1,1
sz.002551,3.21,8.309142505005463,1,1
sz.002552,12.9,3.1695682029051753,1,1
sz.002553,21.79,4.885553123328091,1,1
sz.002554,2.41,7.1800358509735815,1,1
sz.002555,15.19,13.969187153972586,1,1
sz.002556,5.38,6.0447272006055455,1,1
sz.002557,23.18,3.5629191618933547,1,1
sz.002558,14.53,4.461395495112434,1,1
sz.002559,9.16,7.515472984359853,1,1
sz.002560,6.31,4.3021176803021834,1,1
sz.002561,8.15,1.4623961301235366,1,1
sz.002562,4.52,6.896406349360503,1,1
sz.002563,5.62,6.664416152806574,1,1
sz.002564,5.83,3.245229300402092,1,1
sz.002565,3.63,8.461734774166024,1,1
sz.002566,7.02,3.193457165324757,1,1
sz.002568,26.1,9.022576292579293,1,1
sz.002570,6.11,2.5789401557096183,1,1
sz.002572,15.21,21.12904998361744,1,1
sz.002576,14.65,1.3841340165552232,1,1
sz.002577,20.5,2.3429684305260943,1,1
sz.002578,2.93,5.275148330321076,1,1
sz.002579,7.61,4.701238048396467,1,1
sz.002580,11.97,4.211769644692712,1,1
sz.002582,11.31,5.471820717743781,1,1
sz.002583,11.11,5.632713336185996,1,1
sz.002584,9.04,2.697946688239961,1,1
sz.002587,5.69,7.620244712032067,1,1
sz.002588,8.39,9.962976319474603,1,1
sz.002589,2.95,9.563228911350372,1,1
sz.002590,11.96,4.701183680770591,1,1
sz.002591,5.25,3.4648278552736382,1,1
sz.002593,4.71,3.4380183226743735,1,1
sz.002594,353.09,1.0378048958242532,1,1
sz.002595,56.76,4.994034281132369,1,1
sz.002597,24.83,5.278599758905555,1,1
sz.002598,9.24,2.472725632849369,1,1
sz.002600,7.98,4.3849518466275725,1,1
sz.002601,16.54,11.374167723099418,1,1
sz.002603,13.74,4.163070925592119,1,1
sz.002605,27.07,4.832524142573484,1,1
sz.002606,8.31,4.2448273462785675,1,1
sz.002607,3.01,8.244676363371354,1,1
sz.002608,7.34,2.75707334778388,1,1
sz.002609,10.33,5.64600657466799,1,1
sz.002611,12.87,6.945943421601119,1,1
sz.002612,15.89,2.496316431266605,1,1
sz.002613,3.73,3.746787190980249,1,1
sz.002615,7.08,5.658860965140759,1,1
sz.002616,5.67,4.735499946619927,1,1
sz.002617,7.14,7.821248853753302,1,1
sz.002624,13.59,3.6575273761482126,1,1
sz.002625,42.2,6.744480861574629,1,1
sz.002626,15.86,8.230260542044816,1,1
sz.002627,5.4,3.409727808274114,1,1
sz.002628,4.24,3.8331938707023663,1,1
sz.002632,8.35,6.582140895152967,1,1
sz.002633,12.01,1.5231116121758739,1,1
sz.002635,12.86,5.062154605042027,1,1
sz.002636,8.11,2.6998823014793394,1,1
sz.002637,9.4,4.599163479557055,1,1
sz.002639,7.6,3.087680038665304,1,1
sz.002642,7.45,4.631444533141844,1,1
sz.002643,10.92,6.068391934776775,1,1
sz.002644,7.79,5.728688913605434,1,1
sz.002645,7.65,5.5627803534324265,1,1
sz.002646,8.87,1.1122437920565846,1,1
sz.002648,18.11,12.607081393533095,1,1
sz.002649,13.15,5.196540738405395,1,1
sz.002651,6.55,3.1545100780279816,1,1
sz.002653,42.8,3.312323932341563,1,1
sz.002655,12.81,3.0603454685293556,1,1
sz.002658,6.49,5.7873476705380975,1,1
sz.002659,4.73,2.029178177209964,1,1
sz.002661,10.13,3.7806860795267507,1,1
sz.002662,3.59,4.991115557095801,1,1
sz.002664,17.23,3.1778600061422897,1,1
sz.002666,4.47,4.7968162949008475,1,1
sz.002668,10.19,4.940286507599688,1,1
sz.002669,9.84,2.1658684689818055,1,1
sz.002670,12.07,2.333192407018099,1,1
sz.002673,7.51,2.6455025253999422,1,1
sz.002674,9.23,1.4072874212348483,1,1
sz.002675,14.95,5.277923458441829,1,1
sz.002676,5.79,4.691527249578012,1,1
sz.002677,7.13,4.84112878455326,1,1
sz.002681,7.14,10.623303898387071,1,1
sz.002683,30.55,2.874784302311491,1,1
sz.002685,6.97,2.8954112294065593,1,1
sz.002686,5.75,4.73922038487047,1,1
sz.002687,4.32,6.895252690916467,1,1
sz.002688,6.09,6.115853273061481,1,1
sz.002690,16.8,5.543494797412279,1,1
sz.002692,4.76,4.197044790979617,1,1
sz.002695,10.17,4.3416027549922545,1,1
sz.002696,5.24,3.631650799799266,1,1
sz.002697,5.7,8.17467766543377,1,1
sz.002698,16.65,2.894425307192339,1,1
sz.002700,8.93,6.105828333452881,1,1
sz.002701,5.34,10.03410411929573,1,1
sz.002703,11.59,2.5510565631214894,1,1
sz.002705,13.82,2.101711150805653,1,1
sz.002706,8.36,12.52385838647284,1,1
sz.002707,7.92,12.15457201945485,1,1
sz.002708,12.09,3.139955001940859,1,1
sz.002709,17.48,14.429051111614692,1,1
sz.002714,39.67,19.25284661490743,1,1
sz.002716,3.51,3.8161203259368297,1,1
sz.002718,13.77,2.704691380037855,1,1
sz.002722,14.02,1.0937206650572886,1,1
sz.002724,5.96,1.9972628783520985,1,1
sz.002725,11.49,2.7027678935624833,1,1
sz.002726,6.23,4.650177192268303,1,1
sz.002727,14.19,2.249821183586904,1,1
sz.002728,7.93,5.157095837103432,1,1
sz.002729,12.45,2.797279495493295,1,1
sz.002730,15.8,2.3816689150989516,1,1
sz.002731,10.29,1.7454768181629814,1,1
sz.002732,15.98,1.1126799737931277,1,1
sz.002733,14.31,2.4230805002017024,1,1
sz.002734,13.31,3.579044676780658,1,1
sz.002735,9.44,3.445771103840683,1,1
sz.002736,10.87,1.2620200981028784,1,1
sz.002737,15.69,5.551930076867364,1,1
sz.002738,29.14,3.1422128713853765,1,1
sz.002739,11.25,3.04011961861257,1,1
sz.002741,15.27,3.06368078078617,1,1
sz.002743,6.77,2.162182969097266,1,1
sz.002745,7.9,2.357399907743146,1,1
sz.002746,5.94,4.501075917536169,1,1
sz.002747,20.0,6.2128192184648965,1,1
sz.002749,14.64,7.55733595545146,1,1
sz.002752,5.4,2.0676978564217197,1,1
sz.002753,6.4,3.7709046847409518,1,1
sz.002755,18.79,1.7921278009225639,1,1
sz.002756,30.67,3.118276588267204,1,1
sz.002757,18.58,2.7473336892451976,1,1
sz.002758,8.74,4.2716929359318465,1,1
sz.002760,18.65,1.0270335425119337,1,1
sz.002761,8.5,3.120088207070876,1,1
sz.002763,6.63,2.5652596125316673,1,1
sz.002765,15.76,2.084161702156891,1,1
sz.002766,5.21,2.0164519288269545,1,1
sz.002767,15.93,1.5291199771731179,1,1
sz.002768,25.11,3.1850264900799043,1,1
sz.002769,7.17,5.136814123813678,1,1
sz.002772,7.73,2.3476869472166473,1,1
sz.002773,27.91,2.068919101752085,1,1
sz.002774,7.97,1.2174443928454721,1,1
sz.002777,17.7,5.058460312659492,1,1
sz.002778,16.92,1.438553509230828,1,1
sz.002779,105.37,1.5231157591681337,1,1
sz.002780,12.01,1.9560955349904146,1,1
sz.002782,12.24,2.6780547805460433,1,1
sz.002783,8.0,4.376824286387726,1,1
sz.002785,27.51,1.0024043063160246,1,1
sz.002787,8.09,2.1436567440937764,1,1
sz.002788,8.03,3.2669722130522607,1,1
sz.002790,6.7,3.1319598404393996,1,1
sz.002792,14.58,3.0828253449620973,1,1
sz.002793,4.38,3.588844183524621,1,1
sz.002797,6.78,1.6663527171945738,1,1
sz.002800,11.95,2.0064238549747144,1,1
sz.002801,33.04,4.379337338110129,1,1
sz.002802,14.94,2.104222933186651,1,1
sz.002803,13.76,3.180857581668665,1,1
sz.002807,4.15,1.628703429409923,1,1
sz.002810,11.24,3.517330464229064,1,1
sz.002811,8.87,1.8568891009360105,1,1
sz.002812,27.7,3.6651724401934653,1,1
sz.002815,10.08,2.3479216705577097,1,1
sz.002817,6.82,3.646025418173461,1,1
sz.002818,13.14,2.6686147017841595,1,1
sz.002820,10.59,1.812190841631451,1,1
sz.002821,82.0,2.971515326621518,1,1
sz.002823,13.58,2.168560414883872,1,1
sz.002824,15.37,2.1948315830374425,1,1
sz.002825,9.38,3.0918352447238253,1,1
sz.002826,10.62,1.044225131190534,1,1
sz.002827,28.4,1.7004051739478383,1,1
sz.002828,8.23,1.7768026018040985,1,1
sz.002830,13.16,2.1933141765472874,1,1
sz.002831,20.7,2.4818964511637445,1,1
sz.002832,16.48,5.629728507856875,1,1
sz.002833,17.03,3.7636907344684296,1,1
sz.002835,17.18,2.1065390423064163,1,1
sz.002836,8.55,3.3624631054381755,1,1
sz.002837,31.61,8.529377613373207,1,1
sz.002838,15.61,5.063069552627389,1,1
sz.002839,4.2,1.4966531694565754,1,1
sz.002840,10.72,2.433123611388,1,1
sz.002841,33.61,1.7533153355424267,1,1
sz.002842,6.75,2.7999895626281255,1,1
sz.002843,24.87,1.7562682120359572,1,1
sz.002846,9.16,2.643348083647137,1,1
sz.002847,89.8,2.312470403557172,1,1
sz.002849,16.89,2.157810400640338,1,1
sz.002850,131.54,1.5744085867711834,1,1
sz.002851,43.26,2.3336175487628643,1,1
sz.002852,9.7,3.203368194046571,1,1
sz.002858,11.74,2.012095016291129,1,1
sz.002859,18.08,4.237880731185841,1,1
sz.002860,11.85,3.7837373135076473,1,1
sz.002862,24.25,1.5118856480571043,1,1
sz.002863,4.86,1.7349843409605346,1,1
sz.002864,26.89,1.0359409735727518,1,1
sz.002866,15.32,1.7619133813256185,1,1
sz.002867,13.03,2.9724175031470654,1,1
sz.002870,35.3,1.0424874246966016,1,1
sz.002871,10.01,3.801421360330736,1,1
sz.002873,8.67,3.489404671981431,1,1
sz.002876,24.8,1.8621592652719234,1,1
sz.002877,7.97,2.8177741809328287,1,1
sz.002878,14.46,3.1920116613455907,1,1
sz.002879,14.82,1.5558320215819594,1,1
sz.002880,27.83,2.200417775238971,1,1
sz.002881,49.15,2.241066804217579,1,1
sz.002882,16.38,1.1380392993504957,1,1
sz.002883,10.29,3.024743134946673,1,1
sz.002884,15.77,5.596490685194469,1,1
sz.002885,13.0,3.198849359005394,1,1
sz.002886,19.38,2.5917662233235608,1,1
sz.002887,7.39,4.503488409186197,1,1
sz.002889,20.21,2.0130748237526355,1,1
sz.002890,11.78,2.6455192210985095,1,1
sz.002891,56.45,2.633192980807793,1,1
sz.002892,15.56,7.059388714010051,1,1
sz.002893,10.39,1.7500950641407251,1,1
sz.002895,22.61,1.1428860690640765,1,1
sz.002896,91.1,1.7787358015468977,1,1
sz.002897,41.22,1.6491099132520772,1,1
sz.002899,20.1,1.023007345073861,1,1
sz.002901,36.96,1.0697904856602813,1,1
sz.002903,20.81,1.581216542809197,1,1
sz.002905,8.08,2.327139785080278,1,1
sz.002906,31.17,1.0561812091962486,1,1
sz.002907,14.12,1.0234448643814285,1,1
sz.002908,9.41,3.081442413189403,1,1
sz.002911,10.26,2.8819078317606834,1,1
sz.002913,24.84,2.219084648399261,1,1
sz.002915,21.37,2.1942675912354344,1,1
sz.002916,109.02,1.78882463565493,1,1
sz.002917,13.38,2.524587477535933,1,1
sz.002919,15.07,3.4093932850405024,1,1
sz.002920,104.26,1.0532524644213859,1,1
sz.002922,15.38,1.8697444494281137,1,1
sz.002925,15.29,2.0712470811389383,1,1
sz.002926,8.04,1.0555029570072998,1,1
sz.002927,13.25,2.53227406911414,1,1
sz.002928,7.28,2.2945475437136027,1,1
sz.002929,50.2,1.0388316519942256,1,1
sz.002930,9.09,2.0298292078669973,1,1
sz.002931,15.91,2.329266194636121,1,1
sz.002933,34.34,1.0369954654252005,1,1
sz.002936,1.85,1.4086553349868747,1,1
sz.002937,17.35,1.7200117876616041,1,1
sz.002938,28.57,1.1126739409762156,1,1
sz.002939,7.73,1.0869892454759529,1,1
sz.002940,13.37,2.29174833270816,1,1
sz.002942,16.06,1.4299734464678484,1,1
sz.002945,13.81,1.0212946569725634,1,1
sz.002946,16.66,1.0434752917114256,1,1
sz.002947,31.99,1.8015748845281998,1,1
sz.002948,4.54,1.3786064719919042,1,1
sz.002949,13.6,1.1658397455528093,1,1
sz.002950,8.05,1.6491545131465881,1,1
sz.002952,18.25,2.4636833919696346,1,1
sz.002953,10.36,2.459407664668271,1,1
sz.002956,19.25,3.050251007376214,1,1
sz.002957,15.13,1.0444412877305853,1,1
sz.002958,3.13,1.1714046155751847,1,1
sz.002959,45.3,1.3872012781840632,1,1
sz.002960,11.07,2.733879008969054,1,1
sz.002961,14.42,1.0820301333120603,1,1
sz.002962,13.84,1.5452821908731686,1,1
sz.002965,53.91,1.0540428893690328,1,1
sz.002966,8.04,1.3712951002853089,1,1
sz.002968,9.56,3.447813182234061,1,1
sz.002969,3.14,1.0799958094191726,1,1
sz.002970,49.21,2.101841371383887,1,1
sz.002971,18.62,1.3324974189733805,1,1
sz.002972,10.76,1.6025853151834664,1,1
sz.002973,10.79,1.0350740201206123,1,1
sz.002976,21.47,1.2299844680770105,1,1
sz.002977,29.58,1.7180816180705307,1,1
sz.002978,30.07,1.1475219799518355,1,1
sz.002979,47.77,1.5449105862398953,1,1
sz.002980,24.67,1.136245322221849,1,1
sz.002981,22.82,1.4349851865734533,1,1
sz.002982,20.43,1.4343155846060052,1,1
sz.002983,19.61,1.6329217620687668,1,1
sz.002984,18.48,1.4474369608993278,1,1
sz.002985,26.19,2.278570422738793,1,1
sz.002986,10.34,2.8947127996914697,1,1
sz.002987,18.71,3.9277566991328996,1,1
sz.002988,27.88,1.0472833183880903,1,1
sz.002990,28.15,2.0744968767427556,1,1
sz.002991,69.92,1.1195120966907532,1,1
sz.002993,37.08,1.384314659975997,1,1
sz.002996,6.81,1.3373725365652733,1,1
sz.002997,38.88,1.0462876420822167,1,1
sz.002998,6.68,1.0670229459951082,1,1
sz.002999,6.19,1.485652785511163,1,1
sz.003000,12.91,1.1109333740134328,1,1
sz.003001,40.98,1.3438922987658577,1,1
sz.003002,26.53,1.0744170240253308,1,1
sz.003003,12.44,1.0349343115488785,1,1
sz.003006,31.98,1.1080223658717887,1,1
sz.003008,20.74,1.4404044986535212,1,1
sz.003010,48.99,1.4335652380608512,1,1
sz.003011,16.26,1.520939942784094,1,1
sz.003013,14.26,1.1165676111434149,1,1
sz.003015,14.35,1.0665618604446352,1,1
sz.003016,6.89,1.1643013841591525,1,1
sz.003017,25.13,1.5174880454989585,1,1
sz.003018,11.2,1.0781419627803492,1,1
sz.003019,29.3,1.4452395745829558,1,1
sz.003020,23.39,2.168082292503038,1,1
sz.003021,127.06,2.3008993794147665,1,1
sz.003022,14.69,1.3430362782044447,1,1
sz.003023,18.7,1.3980876578680055,1,1
sz.003025,16.62,3.1332334788582568,1,1
sz.003026,29.82,1.3379937641837465,1,1
sz.003027,15.87,1.5684078158630903,1,1
sz.003028,40.21,1.0366568383358261,1,1
sz.003031,46.62,2.7758357043904915,1,1
sz.003033,43.11,1.0652436503471854,1,1
sz.003035,4.3,1.008727870301472,1,1
sz.003036,12.52,1.0691180845356028,1,1
sz.003037,6.7,1.0350870012782503,1,1
sz.003038,19.21,1.7419582162643656,1,1
sz.003039,13.53,1.0289283483899494,1,1
sz.003040,12.79,1.0277098948405783,1,1
sz.003816,3.52,1.1397310594054058,1,1
