datetime,open,high,low,close,volume,amount,adj_factor,open_weekly,high_weekly,low_weekly,close_weekly,volume_weekly,amount_weekly,macd_close_weekly
2023-06-01 00:00:00+00:00,,,,,64527800.0,192860688.0,,,,,,,,
2023-06-02 00:00:00+00:00,2.987,3.0,2.977,2.984,85495900.0,255216880.0,1.0,2.987,3.0,2.977,2.984,150023700.0,448077568.0,0.0
2023-06-05 00:00:00+00:00,2.985,3.005,2.973,3.002,61297600.0,183532768.0,1.0,2.987,3.0,2.977,2.984,150023700.0,448077568.0,0.0
2023-06-06 00:00:00+00:00,3.002,3.038,2.982,2.992,81204535.0,244827856.0,1.0,2.987,3.0,2.977,2.984,150023700.0,448077568.0,0.0
2023-06-07 00:00:00+00:00,2.991,3.028,2.976,3.023,97089500.0,292681824.0,1.0,2.987,3.0,2.977,2.984,150023700.0,448077568.0,0.0
2023-06-08 00:00:00+00:00,3.021,3.068,3.006,3.06,100371600.0,305208512.0,1.0,2.987,3.0,2.977,2.984,150023700.0,448077568.0,0.0
2023-06-09 00:00:00+00:00,3.058,3.059,3.032,3.041,60166000.0,183079648.0,1.0,2.985,3.068,2.973,3.041,400129235.0,1209330608.0,0.0036376068376068106
2023-06-12 00:00:00+00:00,3.041,3.041,3.006,3.01,76298500.0,230181328.0,1.0,2.985,3.068,2.973,3.041,400129235.0,1209330608.0,0.0036376068376068106
2023-06-13 00:00:00+00:00,3.004,3.017,2.998,3.003,49448020.0,148532064.0,1.0,2.985,3.068,2.973,3.041,400129235.0,1209330608.0,0.0036376068376068106
2023-06-14 00:00:00+00:00,3.003,3.025,2.984,2.985,78180600.0,234506336.0,1.0,2.985,3.068,2.973,3.041,400129235.0,1209330608.0,0.0036376068376068106
2023-06-15 00:00:00+00:00,2.988,2.997,2.98,2.994,58757000.0,175553040.0,1.0,2.985,3.068,2.973,3.041,400129235.0,1209330608.0,0.0036376068376068106
2023-06-16 00:00:00+00:00,2.994,3.001,2.988,2.989,87889300.0,263149360.0,1.0,3.041,3.041,2.98,2.989,350573420.0,1051922128.0,0.002400089609662075
2023-06-19 00:00:00+00:00,2.989,2.99,2.95,2.952,103081424.0,305355744.0,1.0,3.041,3.041,2.98,2.989,350573420.0,1051922128.0,0.002400089609662075
2023-06-20 00:00:00+00:00,2.95,2.951,2.922,2.925,83787500.0,245848048.0,1.0,3.041,3.041,2.98,2.989,350573420.0,1051922128.0,0.002400089609662075
2023-06-21 00:00:00+00:00,2.924,2.938,2.905,2.908,95955209.0,280357280.0,1.0,3.041,3.041,2.98,2.989,350573420.0,1051922128.0,0.002400089609662075
2023-06-26 00:00:00+00:00,2.9,2.9,2.861,2.862,185650900.0,533908544.0,1.0,3.041,3.041,2.98,2.989,350573420.0,1051922128.0,0.002400089609662075
2023-06-27 00:00:00+00:00,2.862,2.92,2.862,2.915,114655500.0,331625632.0,1.0,3.041,3.041,2.98,2.989,350573420.0,1051922128.0,0.002400089609662075
2023-06-28 00:00:00+00:00,2.911,2.938,2.905,2.935,79024700.0,231038912.0,1.0,3.041,3.041,2.98,2.989,350573420.0,1051922128.0,0.002400089609662075
2023-06-29 00:00:00+00:00,2.934,2.943,2.918,2.933,76133400.0,223326048.0,1.0,3.041,3.041,2.98,2.989,350573420.0,1051922128.0,0.002400089609662075
2023-06-30 00:00:00+00:00,2.931,2.948,2.929,2.938,71608401.0,210589392.0,1.0,2.9,2.948,2.861,2.938,527072901.0,1530488528.0,-0.005395685660024665
2023-07-03 00:00:00+00:00,2.94,2.975,2.94,2.973,97236200.0,287933600.0,1.0,2.9,2.948,2.861,2.938,527072901.0,1530488528.0,-0.005395685660024665
2023-07-04 00:00:00+00:00,2.97,2.97,2.936,2.95,64226300.0,189330288.0,1.0,2.9,2.948,2.861,2.938,527072901.0,1530488528.0,-0.005395685660024665
2023-07-05 00:00:00+00:00,2.944,2.957,2.933,2.948,109278300.0,322285376.0,1.0,2.9,2.948,2.861,2.938,527072901.0,1530488528.0,-0.005395685660024665
2023-07-06 00:00:00+00:00,2.948,2.957,2.934,2.941,55686809.0,163866688.0,1.0,2.9,2.948,2.861,2.938,527072901.0,1530488528.0,-0.005395685660024665
2023-07-07 00:00:00+00:00,2.936,2.961,2.932,2.959,59335022.0,175070560.0,1.0,2.94,2.975,2.932,2.959,385762631.0,1138486512.0,-0.004838348822060718
2023-07-10 00:00:00+00:00,2.96,2.972,2.954,2.966,47931012.0,142027984.0,1.0,2.94,2.975,2.932,2.959,385762631.0,1138486512.0,-0.004838348822060718
2023-07-11 00:00:00+00:00,2.968,2.973,2.95,2.964,40194180.0,119043552.0,1.0,2.94,2.975,2.932,2.959,385762631.0,1138486512.0,-0.004838348822060718
2023-07-12 00:00:00+00:00,2.966,2.969,2.94,2.946,51387480.0,151754240.0,1.0,2.94,2.975,2.932,2.959,385762631.0,1138486512.0,-0.004838348822060718
2023-07-13 00:00:00+00:00,2.95,2.981,2.948,2.977,66926200.0,198755936.0,1.0,2.94,2.975,2.932,2.959,385762631.0,1138486512.0,-0.004838348822060718
2023-07-14 00:00:00+00:00,2.979,3.002,2.978,2.992,73284063.0,219133168.0,1.0,2.96,3.002,2.94,2.992,279722935.0,830714880.0,-0.0021114420137172247
2023-07-17 00:00:00+00:00,2.983,2.983,2.96,2.975,46000300.0,136395584.0,1.0,2.96,3.002,2.94,2.992,279722935.0,830714880.0,-0.0021114420137172247
2023-07-18 00:00:00+00:00,2.974,2.981,2.96,2.968,37397400.0,111046328.0,1.0,2.96,3.002,2.94,2.992,279722935.0,830714880.0,-0.0021114420137172247
2023-07-19 00:00:00+00:00,2.965,2.988,2.965,2.987,47309100.0,140887344.0,1.0,2.96,3.002,2.94,2.992,279722935.0,830714880.0,-0.0021114420137172247
2023-07-20 00:00:00+00:00,2.987,2.996,2.972,2.978,41569153.0,124019112.0,1.0,2.96,3.002,2.94,2.992,279722935.0,830714880.0,-0.0021114420137172247
2023-07-21 00:00:00+00:00,2.974,2.984,2.967,2.978,37754200.0,112343992.0,1.0,2.983,2.996,2.96,2.978,210030153.0,624692360.0,-0.0011622575363690584
2023-07-24 00:00:00+00:00,2.97,2.988,2.961,2.976,57460100.0,170934720.0,1.0,2.983,2.996,2.96,2.978,210030153.0,624692360.0,-0.0011622575363690584
2023-07-25 00:00:00+00:00,2.993,3.019,2.993,3.018,107629214.0,324197408.0,1.0,2.983,2.996,2.96,2.978,210030153.0,624692360.0,-0.0011622575363690584
2023-07-26 00:00:00+00:00,3.019,3.031,3.015,3.025,88312200.0,266949264.0,1.0,2.983,2.996,2.96,2.978,210030153.0,624692360.0,-0.0011622575363690584
2023-07-27 00:00:00+00:00,3.024,3.058,3.019,3.034,102028283.0,310293888.0,1.0,2.983,2.996,2.96,2.978,210030153.0,624692360.0,-0.0011622575363690584
2023-07-28 00:00:00+00:00,3.028,3.093,3.027,3.086,134814800.0,414367872.0,1.0,2.97,3.093,2.961,3.086,490244597.0,1486743152.0,0.006411331211141615
2023-07-31 00:00:00+00:00,3.101,3.134,3.093,3.106,115187491.0,357919392.0,1.0,2.97,3.093,2.961,3.086,490244597.0,1486743152.0,0.006411331211141615
2023-08-01 00:00:00+00:00,3.105,3.125,3.096,3.11,105422589.0,327903488.0,1.0,2.97,3.093,2.961,3.086,490244597.0,1486743152.0,0.006411331211141615
2023-08-02 00:00:00+00:00,3.108,3.108,3.065,3.071,92751100.0,285621184.0,1.0,2.97,3.093,2.961,3.086,490244597.0,1486743152.0,0.006411331211141615
2023-08-03 00:00:00+00:00,3.063,3.088,3.051,3.087,70156394.0,215303792.0,1.0,2.97,3.093,2.961,3.086,490244597.0,1486743152.0,0.006411331211141615
2023-08-04 00:00:00+00:00,3.097,3.112,3.073,3.076,90478000.0,279491040.0,1.0,3.101,3.134,3.051,3.076,473995574.0,1466238896.0,0.010194851131052864
2023-08-07 00:00:00+00:00,3.072,3.072,3.039,3.048,55295600.0,168500144.0,1.0,3.101,3.134,3.051,3.076,473995574.0,1466238896.0,0.010194851131052864
2023-08-08 00:00:00+00:00,3.042,3.059,3.033,3.043,55814500.0,169965280.0,1.0,3.101,3.134,3.051,3.076,473995574.0,1466238896.0,0.010194851131052864
2023-08-09 00:00:00+00:00,3.043,3.043,3.03,3.033,37008564.0,112315760.0,1.0,3.101,3.134,3.051,3.076,473995574.0,1466238896.0,0.010194851131052864
2023-08-10 00:00:00+00:00,3.033,3.065,3.029,3.054,40919500.0,124854928.0,1.0,3.101,3.134,3.051,3.076,473995574.0,1466238896.0,0.010194851131052864
2023-08-11 00:00:00+00:00,3.054,3.061,3.011,3.012,50088900.0,151592864.0,1.0,3.072,3.072,3.011,3.012,239127064.0,727228976.0,0.007935100995399822
2023-08-14 00:00:00+00:00,2.997,3.012,2.972,3.006,81355151.0,243440080.0,1.0,3.072,3.072,3.011,3.012,239127064.0,727228976.0,0.007935100995399822
2023-08-15 00:00:00+00:00,3.006,3.036,2.997,3.03,99455122.0,300584128.0,1.0,3.072,3.072,3.011,3.012,239127064.0,727228976.0,0.007935100995399822
2023-08-16 00:00:00+00:00,3.025,3.043,3.006,3.029,74871978.0,226597760.0,1.0,3.072,3.072,3.011,3.012,239127064.0,727228976.0,0.007935100995399822
2023-08-17 00:00:00+00:00,3.013,3.029,3.0,3.028,69016074.0,208002832.0,1.0,3.072,3.072,3.011,3.012,239127064.0,727228976.0,0.007935100995399822
2023-08-18 00:00:00+00:00,3.024,3.058,3.023,3.029,78958046.0,239931264.0,1.0,2.997,3.058,2.972,3.029,403656371.0,1218556064.0,0.007157151171643131
2023-08-21 00:00:00+00:00,3.029,3.034,3.0,3.004,86661872.0,261038784.0,1.0,2.997,3.058,2.972,3.029,403656371.0,1218556064.0,0.007157151171643131
2023-08-22 00:00:00+00:00,3.005,3.031,2.993,3.022,82506000.0,248446640.0,1.0,2.997,3.058,2.972,3.029,403656371.0,1218556064.0,0.007157151171643131
2023-08-23 00:00:00+00:00,3.019,3.058,3.016,3.028,79397401.0,241209472.0,1.0,2.997,3.058,2.972,3.029,403656371.0,1218556064.0,0.007157151171643131
2023-08-24 00:00:00+00:00,3.028,3.039,3.007,3.012,72440000.0,218735088.0,1.0,2.997,3.058,2.972,3.029,403656371.0,1218556064.0,0.007157151171643131
2023-08-25 00:00:00+00:00,3.01,3.033,3.001,3.015,106847963.0,322352384.0,1.0,3.029,3.058,2.993,3.015,427853236.0,1291782368.0,0.00535408631779225
2023-08-28 00:00:00+00:00,3.15,3.168,3.047,3.057,172673199.0,531886080.0,1.0,3.029,3.058,2.993,3.015,427853236.0,1291782368.0,0.00535408631779225
2023-08-29 00:00:00+00:00,3.049,3.064,3.035,3.057,86003564.0,262486448.0,1.0,3.029,3.058,2.993,3.015,427853236.0,1291782368.0,0.00535408631779225
2023-08-30 00:00:00+00:00,3.057,3.057,3.016,3.027,92629001.0,280901440.0,1.0,3.029,3.058,2.993,3.015,427853236.0,1291782368.0,0.00535408631779225
2023-08-31 00:00:00+00:00,3.024,3.034,2.988,2.994,102337554.0,307111456.0,1.0,3.029,3.058,2.993,3.015,427853236.0,1291782368.0,0.00535408631779225
2023-09-01 00:00:00+00:00,2.995,3.028,2.995,3.022,66712669.0,201150064.0,1.0,3.15,3.168,2.988,3.022,520355987.0,1583535488.0,0.0043309867563512666
2023-09-04 00:00:00+00:00,3.032,3.075,3.032,3.068,105903360.0,324183872.0,1.0,3.15,3.168,2.988,3.022,520355987.0,1583535488.0,0.0043309867563512666
2023-09-05 00:00:00+00:00,3.068,3.068,3.034,3.044,61836014.0,188196576.0,1.0,3.15,3.168,2.988,3.022,520355987.0,1583535488.0,0.0043309867563512666
2023-09-06 00:00:00+00:00,3.036,3.049,3.025,3.041,45688400.0,138699888.0,1.0,3.15,3.168,2.988,3.022,520355987.0,1583535488.0,0.0043309867563512666
2023-09-07 00:00:00+00:00,3.04,3.057,3.031,3.033,72547621.0,220821936.0,1.0,3.15,3.168,2.988,3.022,520355987.0,1583535488.0,0.0043309867563512666
2023-09-08 00:00:00+00:00,3.025,3.029,3.007,3.014,69540000.0,209658832.0,1.0,3.032,3.075,3.007,3.014,355515395.0,1081561104.0,0.0028832507472057005
2023-09-11 00:00:00+00:00,3.015,3.039,3.014,3.035,46378225.0,140555584.0,1.0,3.032,3.075,3.007,3.014,355515395.0,1081561104.0,0.0028832507472057005
2023-09-12 00:00:00+00:00,3.033,3.038,3.026,3.03,31238825.0,94657872.0,1.0,3.032,3.075,3.007,3.014,355515395.0,1081561104.0,0.0028832507472057005
2023-09-13 00:00:00+00:00,3.033,3.057,3.033,3.045,71652376.0,218130032.0,1.0,3.032,3.075,3.007,3.014,355515395.0,1081561104.0,0.0028832507472057005
2023-09-14 00:00:00+00:00,3.044,3.086,3.037,3.083,119430806.0,366654560.0,1.0,3.032,3.075,3.007,3.014,355515395.0,1081561104.0,0.0028832507472057005
2023-09-15 00:00:00+00:00,3.085,3.11,3.072,3.085,104789693.0,323953472.0,1.0,3.015,3.11,3.014,3.085,373489925.0,1143951520.0,0.0062802774830042
2023-09-18 00:00:00+00:00,3.084,3.087,3.054,3.087,61768300.0,189560176.0,1.0,3.015,3.11,3.014,3.085,373489925.0,1143951520.0,0.0062802774830042
2023-09-19 00:00:00+00:00,3.085,3.113,3.082,3.108,73535350.0,228239536.0,1.0,3.015,3.11,3.014,3.085,373489925.0,1143951520.0,0.0062802774830042
2023-09-20 00:00:00+00:00,3.106,3.121,3.095,3.116,65517532.0,204077920.0,1.0,3.015,3.11,3.014,3.085,373489925.0,1143951520.0,0.0062802774830042
2023-09-21 00:00:00+00:00,3.107,3.123,3.095,3.097,104729399.0,324973568.0,1.0,3.015,3.11,3.014,3.085,373489925.0,1143951520.0,0.0062802774830042
2023-09-22 00:00:00+00:00,3.083,3.112,3.082,3.111,100762067.0,312511520.0,1.0,3.084,3.123,3.054,3.111,406312648.0,1259362720.0,0.009649720999323291
2023-09-25 00:00:00+00:00,3.107,3.125,3.095,3.105,86118600.0,268039904.0,1.0,3.084,3.123,3.054,3.111,406312648.0,1259362720.0,0.009649720999323291
2023-09-26 00:00:00+00:00,3.101,3.11,3.088,3.092,44600700.0,137978928.0,1.0,3.084,3.123,3.054,3.111,406312648.0,1259362720.0,0.009649720999323291
2023-09-27 00:00:00+00:00,3.091,3.097,3.075,3.081,71082300.0,219143616.0,1.0,3.084,3.123,3.054,3.111,406312648.0,1259362720.0,0.009649720999323291
2023-09-28 00:00:00+00:00,3.084,3.09,3.076,3.077,52079000.0,160507712.0,1.0,3.084,3.123,3.054,3.111,406312648.0,1259362720.0,0.009649720999323291
2023-10-09 00:00:00+00:00,3.077,3.078,3.042,3.072,66265900.0,202879872.0,1.0,3.084,3.123,3.054,3.111,406312648.0,1259362720.0,0.009649720999323291
2023-10-10 00:00:00+00:00,3.072,3.078,3.041,3.043,63708100.0,194512032.0,1.0,3.084,3.123,3.054,3.111,406312648.0,1259362720.0,0.009649720999323291
2023-10-11 00:00:00+00:00,3.047,3.051,3.026,3.034,76037100.0,230940816.0,1.0,3.084,3.123,3.054,3.111,406312648.0,1259362720.0,0.009649720999323291
2023-10-12 00:00:00+00:00,3.043,3.066,3.041,3.06,62037103.0,189335376.0,1.0,3.084,3.123,3.054,3.111,406312648.0,1259362720.0,0.009649720999323291
2023-10-13 00:00:00+00:00,3.046,3.065,3.037,3.056,53520215.0,163522912.0,1.0,3.077,3.078,3.026,3.056,321568418.0,981191008.0,0.0066079369580526945
2023-10-16 00:00:00+00:00,3.058,3.076,3.05,3.075,70751010.0,216776416.0,1.0,3.077,3.078,3.026,3.056,321568418.0,981191008.0,0.0066079369580526945
2023-10-17 00:00:00+00:00,3.073,3.076,3.059,3.071,39328200.0,120585680.0,1.0,3.077,3.078,3.026,3.056,321568418.0,981191008.0,0.0066079369580526945
2023-10-18 00:00:00+00:00,3.068,3.071,3.047,3.048,52982500.0,161883632.0,1.0,3.077,3.078,3.026,3.056,321568418.0,981191008.0,0.0066079369580526945
2023-10-19 00:00:00+00:00,3.039,3.043,3.0,3.003,91039100.0,274436032.0,1.0,3.077,3.078,3.026,3.056,321568418.0,981191008.0,0.0066079369580526945
2023-10-20 00:00:00+00:00,2.999,2.999,2.97,2.98,107055000.0,319540224.0,1.0,3.058,3.076,2.97,2.98,361155810.0,1093221984.0,-0.00021901865786129807
2023-10-23 00:00:00+00:00,2.979,2.983,2.935,2.95,80500862.0,238086560.0,1.0,3.058,3.076,2.97,2.98,361155810.0,1093221984.0,-0.00021901865786129807
2023-10-24 00:00:00+00:00,2.968,2.972,2.95,2.971,69351300.0,205279072.0,1.0,3.058,3.076,2.97,2.98,361155810.0,1093221984.0,-0.00021901865786129807
2023-10-25 00:00:00+00:00,2.987,3.003,2.981,2.994,83523800.0,249738016.0,1.0,3.058,3.076,2.97,2.98,361155810.0,1093221984.0,-0.00021901865786129807
2023-10-26 00:00:00+00:00,2.987,3.007,2.975,3.004,52428800.0,156824080.0,1.0,3.058,3.076,2.97,2.98,361155810.0,1093221984.0,-0.00021901865786129807
2023-10-27 00:00:00+00:00,3.004,3.027,2.998,3.015,80812200.0,243815264.0,1.0,2.979,3.027,2.935,3.015,366616962.0,1093742992.0,-0.0023997156894089017
2023-10-30 00:00:00+00:00,3.009,3.01,2.97,2.974,118171838.0,351932928.0,1.0,2.979,3.027,2.935,3.015,366616962.0,1093742992.0,-0.0023997156894089017
2023-10-31 00:00:00+00:00,2.972,2.983,2.961,2.982,53211888.0,158216608.0,1.0,2.979,3.027,2.935,3.015,366616962.0,1093742992.0,-0.0023997156894089017
2023-11-01 00:00:00+00:00,2.983,2.985,2.964,2.979,55255150.0,164238768.0,1.0,2.979,3.027,2.935,3.015,366616962.0,1093742992.0,-0.0023997156894089017
2023-11-02 00:00:00+00:00,2.979,2.998,2.977,2.988,53830712.0,161037376.0,1.0,2.979,3.027,2.935,3.015,366616962.0,1093742992.0,-0.0023997156894089017
2023-11-03 00:00:00+00:00,2.988,2.996,2.97,2.974,70046700.0,208714192.0,1.0,3.009,3.01,2.961,2.974,350516288.0,1044139872.0,-0.006398585124111211
2023-11-06 00:00:00+00:00,2.974,2.978,2.948,2.955,172542660.0,509516544.0,1.0,3.009,3.01,2.961,2.974,350516288.0,1044139872.0,-0.006398585124111211
2023-11-07 00:00:00+00:00,2.952,2.96,2.94,2.957,58693200.0,173182768.0,1.0,3.009,3.01,2.961,2.974,350516288.0,1044139872.0,-0.006398585124111211
2023-11-08 00:00:00+00:00,2.953,2.963,2.945,2.956,50499789.0,149216320.0,1.0,3.009,3.01,2.961,2.974,350516288.0,1044139872.0,-0.006398585124111211
2023-11-09 00:00:00+00:00,2.956,2.983,2.953,2.981,90250558.0,268600320.0,1.0,3.009,3.01,2.961,2.974,350516288.0,1044139872.0,-0.006398585124111211
2023-11-10 00:00:00+00:00,2.971,2.979,2.957,2.973,50737294.0,150542192.0,1.0,2.974,2.983,2.94,2.973,422723501.0,1251058144.0,-0.00876013223116801
2023-11-13 00:00:00+00:00,2.977,2.983,2.955,2.978,44482028.0,131909520.0,1.0,2.974,2.983,2.94,2.973,422723501.0,1251058144.0,-0.00876013223116801
2023-11-14 00:00:00+00:00,2.978,2.981,2.96,2.968,44989800.0,133462720.0,1.0,2.974,2.983,2.94,2.973,422723501.0,1251058144.0,-0.00876013223116801
2023-11-15 00:00:00+00:00,2.98,2.984,2.97,2.977,43642050.0,129854728.0,1.0,2.974,2.983,2.94,2.973,422723501.0,1251058144.0,-0.00876013223116801
2023-11-16 00:00:00+00:00,2.977,2.985,2.968,2.979,54895312.0,163561648.0,1.0,2.974,2.983,2.94,2.973,422723501.0,1251058144.0,-0.00876013223116801
2023-11-17 00:00:00+00:00,2.974,2.977,2.959,2.969,42546443.0,126158080.0,1.0,2.977,2.985,2.955,2.969,230555633.0,684946696.0,-0.010143128099943603
2023-11-20 00:00:00+00:00,2.97,2.978,2.962,2.973,46994700.0,139661376.0,1.0,2.977,2.985,2.955,2.969,230555633.0,684946696.0,-0.010143128099943603
2023-11-21 00:00:00+00:00,2.976,3.007,2.975,2.989,74451569.0,222860688.0,1.0,2.977,2.985,2.955,2.969,230555633.0,684946696.0,-0.010143128099943603
2023-11-22 00:00:00+00:00,2.983,3.0,2.981,2.981,62422629.0,186678896.0,1.0,2.977,2.985,2.955,2.969,230555633.0,684946696.0,-0.010143128099943603
2023-11-23 00:00:00+00:00,2.981,3.005,2.978,3.001,78975166.0,236404544.0,1.0,2.977,2.985,2.955,2.969,230555633.0,684946696.0,-0.010143128099943603
2023-11-24 00:00:00+00:00,2.998,3.015,2.998,3.009,54047416.0,162595968.0,1.0,2.97,3.015,2.962,3.009,316891480.0,948201472.0,-0.008009192632857636
2023-11-27 00:00:00+00:00,3.002,3.006,2.987,3.0,60792100.0,181918976.0,1.0,2.97,3.015,2.962,3.009,316891480.0,948201472.0,-0.008009192632857636
2023-11-28 00:00:00+00:00,2.996,2.996,2.978,2.994,47899900.0,143007648.0,1.0,2.97,3.015,2.962,3.009,316891480.0,948201472.0,-0.008009192632857636
2023-11-29 00:00:00+00:00,2.994,2.999,2.976,2.981,53477001.0,159578384.0,1.0,2.97,3.015,2.962,3.009,316891480.0,948201472.0,-0.008009192632857636
2023-11-30 00:00:00+00:00,2.977,2.991,2.975,2.99,45284200.0,135116880.0,1.0,2.97,3.015,2.962,3.009,316891480.0,948201472.0,-0.008009192632857636
2023-12-01 00:00:00+00:00,2.99,3.005,2.987,3.002,60824500.0,182432768.0,1.0,3.002,3.006,2.975,3.002,268277701.0,802054656.0,-0.0067639527914082325
2023-12-04 00:00:00+00:00,3.002,3.014,2.996,3.008,66769900.0,200666272.0,1.0,3.002,3.006,2.975,3.002,268277701.0,802054656.0,-0.0067639527914082325
2023-12-05 00:00:00+00:00,3.004,3.004,2.97,2.972,79642395.0,238037776.0,1.0,3.002,3.006,2.975,3.002,268277701.0,802054656.0,-0.0067639527914082325
2023-12-06 00:00:00+00:00,2.973,2.974,2.941,2.969,68120100.0,201514304.0,1.0,3.002,3.006,2.975,3.002,268277701.0,802054656.0,-0.0067639527914082325
2023-12-07 00:00:00+00:00,2.966,2.978,2.953,2.97,44796400.0,132906112.0,1.0,3.002,3.006,2.975,3.002,268277701.0,802054656.0,-0.0067639527914082325
2023-12-08 00:00:00+00:00,2.97,2.982,2.955,2.971,45438800.0,134990560.0,1.0,3.002,3.014,2.941,2.971,304767595.0,908115024.0,-0.007657215196368437
2023-12-11 00:00:00+00:00,2.963,3.0,2.921,2.997,103498712.0,306446880.0,1.0,3.002,3.014,2.941,2.971,304767595.0,908115024.0,-0.007657215196368437
2023-12-12 00:00:00+00:00,2.991,3.01,2.98,3.009,79682300.0,238997952.0,1.0,3.002,3.014,2.941,2.971,304767595.0,908115024.0,-0.007657215196368437
2023-12-13 00:00:00+00:00,3.003,3.01,2.986,2.987,48040200.0,144041472.0,1.0,3.002,3.014,2.941,2.971,304767595.0,908115024.0,-0.007657215196368437
2023-12-14 00:00:00+00:00,2.997,3.006,2.98,2.995,59005900.0,176857120.0,1.0,3.002,3.014,2.941,2.971,304767595.0,908115024.0,-0.007657215196368437
2023-12-15 00:00:00+00:00,2.998,3.002,2.972,2.978,65631700.0,195802384.0,1.0,2.963,3.01,2.921,2.978,355858812.0,1062145808.0,-0.0074014995209912005
2023-12-18 00:00:00+00:00,2.972,2.99,2.962,2.975,49728912.0,148067040.0,1.0,2.963,3.01,2.921,2.978,355858812.0,1062145808.0,-0.0074014995209912005
2023-12-19 00:00:00+00:00,2.971,2.974,2.955,2.967,70795600.0,209782272.0,1.0,2.963,3.01,2.921,2.978,355858812.0,1062145808.0,-0.0074014995209912005
2023-12-20 00:00:00+00:00,2.97,2.987,2.961,2.965,66441112.0,197627040.0,1.0,2.963,3.01,2.921,2.978,355858812.0,1062145808.0,-0.0074014995209912005
2023-12-21 00:00:00+00:00,2.959,2.959,2.929,2.945,110704800.0,325507072.0,1.0,2.963,3.01,2.921,2.978,355858812.0,1062145808.0,-0.0074014995209912005
2023-12-22 00:00:00+00:00,2.946,2.959,2.933,2.941,78736042.0,231843120.0,1.0,2.972,2.99,2.929,2.941,376406466.0,1112826544.0,-0.009230139375916279
2023-12-25 00:00:00+00:00,2.937,2.94,2.918,2.939,68357200.0,200047872.0,1.0,2.972,2.99,2.929,2.941,376406466.0,1112826544.0,-0.009230139375916279
2023-12-26 00:00:00+00:00,2.938,2.957,2.919,2.922,81675800.0,239747056.0,1.0,2.972,2.99,2.929,2.941,376406466.0,1112826544.0,-0.009230139375916279
2023-12-27 00:00:00+00:00,2.92,2.935,2.907,2.934,82812327.0,242209520.0,1.0,2.972,2.99,2.929,2.941,376406466.0,1112826544.0,-0.009230139375916279
2023-12-28 00:00:00+00:00,2.934,2.938,2.908,2.916,157440300.0,459288704.0,1.0,2.972,2.99,2.929,2.941,376406466.0,1112826544.0,-0.009230139375916279
2023-12-29 00:00:00+00:00,2.916,2.935,2.907,2.931,108213960.0,316097312.0,1.0,2.937,2.957,2.907,2.931,498499587.0,1457390464.0,-0.01052523829589843
2024-01-02 00:00:00+00:00,2.931,2.983,2.93,2.97,145816989.0,432515584.0,1.0,2.937,2.957,2.907,2.931,498499587.0,1457390464.0,-0.01052523829589843
2024-01-03 00:00:00+00:00,2.968,3.014,2.965,3.01,244179313.0,733444160.0,1.0,2.937,2.957,2.907,2.931,498499587.0,1457390464.0,-0.01052523829589843
2024-01-04 00:00:00+00:00,3.008,3.04,3.003,3.034,246967953.0,747167936.0,1.0,2.937,2.957,2.907,2.931,498499587.0,1457390464.0,-0.01052523829589843
2024-01-05 00:00:00+00:00,3.03,3.087,3.026,3.044,321240200.0,984456704.0,1.0,2.931,3.087,2.93,3.044,958204455.0,2897584384.0,-0.0035444710721435225
2024-01-08 00:00:00+00:00,3.04,3.042,3.013,3.015,119728400.0,362024480.0,1.0,2.931,3.087,2.93,3.044,958204455.0,2897584384.0,-0.0035444710721435225
2024-01-09 00:00:00+00:00,3.014,3.042,2.991,3.038,107309100.0,324000384.0,1.0,2.931,3.087,2.93,3.044,958204455.0,2897584384.0,-0.0035444710721435225
2024-01-10 00:00:00+00:00,3.026,3.045,3.019,3.023,85594400.0,258955424.0,1.0,2.931,3.087,2.93,3.044,958204455.0,2897584384.0,-0.0035444710721435225
2024-01-11 00:00:00+00:00,3.02,3.02,2.991,2.995,110549200.0,331815744.0,1.0,2.931,3.087,2.93,3.044,958204455.0,2897584384.0,-0.0035444710721435225
2024-01-12 00:00:00+00:00,2.995,3.017,2.99,3.01,112794000.0,339434880.0,1.0,3.04,3.045,2.99,3.01,535975100.0,1616230912.0,-0.0011156126473549702
2024-01-15 00:00:00+00:00,3.0,3.025,2.99,3.024,53472700.0,161052976.0,1.0,3.04,3.045,2.99,3.01,535975100.0,1616230912.0,-0.0011156126473549702
2024-01-16 00:00:00+00:00,3.022,3.036,3.009,3.034,106610355.0,322106816.0,1.0,3.04,3.045,2.99,3.01,535975100.0,1616230912.0,-0.0011156126473549702
2024-01-17 00:00:00+00:00,3.032,3.042,2.993,2.997,102852200.0,310917024.0,1.0,3.04,3.045,2.99,3.01,535975100.0,1616230912.0,-0.0011156126473549702
2024-01-18 00:00:00+00:00,2.993,2.993,2.9,2.972,291413900.0,857370688.0,1.0,3.04,3.045,2.99,3.01,535975100.0,1616230912.0,-0.0011156126473549702
2024-01-19 00:00:00+00:00,2.967,2.975,2.941,2.95,133033264.0,393130624.0,1.0,3.0,3.042,2.9,2.95,687382419.0,2044578128.0,-0.003323843797126652
2024-01-22 00:00:00+00:00,2.95,2.952,2.842,2.881,306073753.0,885868160.0,1.0,3.0,3.042,2.9,2.95,687382419.0,2044578128.0,-0.003323843797126652
2024-01-23 00:00:00+00:00,2.911381454545454,2.911381454545454,2.839094545454545,2.899857454545454,302400943.0,829643264.0,1.0476363636363635,3.0,3.042,2.9,2.95,687382419.0,2044578128.0,-0.003323843797126652
2024-01-24 00:00:00+00:00,2.905095636363636,2.9805254545454543,2.8977621818181816,2.9710967272727267,162034243.0,452951072.0,1.0476363636363635,3.0,3.042,2.9,2.95,687382419.0,2044578128.0,-0.003323843797126652
2024-01-25 00:00:00+00:00,2.9710967272727267,3.0486218181818177,2.9710967272727267,3.0465265454545447,182523900.0,526075328.0,1.0476363636363635,3.0,3.042,2.9,2.95,687382419.0,2044578128.0,-0.003323843797126652
2024-01-26 00:00:00+00:00,3.0433836363636355,3.0957654545454543,3.03919309090909,3.089479636363636,201314024.0,590150272.0,1.0476363636363635,2.95,3.0957654545454543,2.839094545454545,3.089479636363636,1154346863.0,3284688096.0,0.00441514635320329
2024-01-29 00:00:00+00:00,3.0936701818181813,3.129289818181818,3.0905272727272726,3.1051941818181814,181188403.0,537473152.0,1.0476363636363635,2.95,3.0957654545454543,2.839094545454545,3.089479636363636,1154346863.0,3284688096.0,0.00441514635320329
2024-01-30 00:00:00+00:00,3.0905272727272726,3.1198610909090907,3.064336363636363,3.0695745454545453,222367359.0,655604480.0,1.0476363636363635,2.95,3.0957654545454543,2.839094545454545,3.089479636363636,1154346863.0,3284688096.0,0.00441514635320329
2024-01-31 00:00:00+00:00,3.063288727272727,3.101003636363636,3.0517647272727264,3.073765090909091,139043363.0,408451776.0,1.0476363636363635,2.95,3.0957654545454543,2.839094545454545,3.089479636363636,1154346863.0,3284688096.0,0.00441514635320329
2024-02-01 00:00:00+00:00,3.0622410909090907,3.065384,3.031859636363636,3.0423359999999993,103071600.0,299953696.0,1.0476363636363635,2.95,3.0957654545454543,2.839094545454545,3.089479636363636,1154346863.0,3284688096.0,0.00441514635320329
2024-02-02 00:00:00+00:00,3.0402407272727268,3.0936701818181813,2.986811272727272,3.05071709090909,310794398.0,907374976.0,1.0476363636363635,3.0936701818181813,3.129289818181818,2.986811272727272,3.05071709090909,956465123.0,2808858080.0,0.006598108803949739
2024-02-05 00:00:00+00:00,3.0339549090909084,3.0800509090909087,2.997287636363636,3.057002909090909,193436841.0,561841600.0,1.0476363636363635,3.0936701818181813,3.129289818181818,2.986811272727272,3.05071709090909,956465123.0,2808858080.0,0.006598108803949739
2024-02-06 00:00:00+00:00,3.0486218181818177,3.118813454545454,3.0255738181818175,3.101003636363636,220979100.0,649425472.0,1.0476363636363635,3.0936701818181813,3.129289818181818,2.986811272727272,3.05071709090909,956465123.0,2808858080.0,0.006598108803949739
2024-02-07 00:00:00+00:00,3.0999559999999997,3.1491949090909084,3.0706221818181816,3.147099636363636,211241868.0,629229056.0,1.0476363636363635,3.0936701818181813,3.129289818181818,2.986811272727272,3.05071709090909,956465123.0,2808858080.0,0.006598108803949739
2024-02-08 00:00:00+00:00,3.1460519999999996,3.1722429090909086,3.130337454545454,3.148147272727272,157435563.0,473782144.0,1.0476363636363635,3.0936701818181813,3.129289818181818,2.986811272727272,3.05071709090909,956465123.0,2808858080.0,0.006598108803949739
2024-02-19 00:00:00+00:00,3.150242545454545,3.225672363636363,3.1250992727272724,3.2214818181818177,209851897.0,638557504.0,1.0476363636363635,3.0936701818181813,3.129289818181818,2.986811272727272,3.05071709090909,956465123.0,2808858080.0,0.006598108803949739
2024-02-20 00:00:00+00:00,3.2089101818181813,3.2759589090909085,3.2015767272727267,3.267577818181818,207746746.0,645505984.0,1.0476363636363635,3.0936701818181813,3.129289818181818,2.986811272727272,3.05071709090909,956465123.0,2808858080.0,0.006598108803949739
2024-02-21 00:00:00+00:00,3.259196727272727,3.3042450909090904,3.2497679999999995,3.2602443636363634,217641302.0,681530624.0,1.0476363636363635,3.0936701818181813,3.129289818181818,2.986811272727272,3.05071709090909,956465123.0,2808858080.0,0.006598108803949739
2024-02-22 00:00:00+00:00,3.2550061818181817,3.323102545454545,3.2529109090909087,3.321007272727272,175098700.0,551476032.0,1.0476363636363635,3.0936701818181813,3.129289818181818,2.986811272727272,3.05071709090909,956465123.0,2808858080.0,0.006598108803949739
2024-02-23 00:00:00+00:00,3.3189119999999996,3.33881709090909,3.2906258181818178,3.302149818181818,176915000.0,558730560.0,1.0476363636363635,3.150242545454545,3.33881709090909,3.1250992727272724,3.302149818181818,987253645.0,3075800704.0,0.027505084767807168
2024-02-26 00:00:00+00:00,3.301102181818181,3.301102181818181,3.2162436363636355,3.229862909090909,195111634.0,606051264.0,1.0476363636363635,3.150242545454545,3.33881709090909,3.1250992727272724,3.302149818181818,987253645.0,3075800704.0,0.027505084767807168
2024-02-27 00:00:00+00:00,3.2172912727272722,3.257101454545454,3.2068149090909084,3.247672727272727,97814640.0,302095040.0,1.0476363636363635,3.150242545454545,3.33881709090909,3.1250992727272724,3.302149818181818,987253645.0,3075800704.0,0.027505084767807168
2024-02-28 00:00:00+00:00,3.247672727272727,3.273863636363636,3.222529454545454,3.2413869090909087,122426679.0,379135104.0,1.0476363636363635,3.150242545454545,3.33881709090909,3.1250992727272724,3.302149818181818,987253645.0,3075800704.0,0.027505084767807168
2024-02-29 00:00:00+00:00,3.222529454545454,3.262339636363636,3.2183389090909085,3.2602443636363634,98182151.0,303902048.0,1.0476363636363635,3.150242545454545,3.33881709090909,3.1250992727272724,3.302149818181818,987253645.0,3075800704.0,0.027505084767807168
2024-03-01 00:00:00+00:00,3.253958545454545,3.273863636363636,3.245577454545454,3.2550061818181817,137353950.0,427297984.0,1.0476363636363635,3.301102181818181,3.301102181818181,3.2068149090909084,3.2550061818181817,650889054.0,2018481440.0,0.03153484698559592
2024-03-04 00:00:00+00:00,3.256053818181818,3.285387636363636,3.2403392727272724,3.283292363636363,109761600.0,342053824.0,1.0476363636363635,3.301102181818181,3.301102181818181,3.2068149090909084,3.2550061818181817,650889054.0,2018481440.0,0.03153484698559592
2024-03-05 00:00:00+00:00,3.277006545454545,3.3073879999999996,3.267577818181818,3.3052927272727266,100365293.0,315548608.0,1.0476363636363635,3.301102181818181,3.301102181818181,3.2068149090909084,3.2550061818181817,650889054.0,2018481440.0,0.03153484698559592
2024-03-06 00:00:00+00:00,3.301102181818181,3.3325312727272722,3.2979592727272724,3.303197454545454,85032795.0,269154720.0,1.0476363636363635,3.301102181818181,3.301102181818181,3.2068149090909084,3.2550061818181817,650889054.0,2018481440.0,0.03153484698559592
2024-03-07 00:00:00+00:00,3.303197454545454,3.3451029090909086,3.301102181818181,3.323102545454545,125412142.0,397966464.0,1.0476363636363635,3.301102181818181,3.301102181818181,3.2068149090909084,3.2550061818181817,650889054.0,2018481440.0,0.03153484698559592
2024-03-08 00:00:00+00:00,3.3241501818181813,3.347198181818181,3.3042450909090904,3.340912363636363,134488700.0,427438912.0,1.0476363636363635,3.256053818181818,3.347198181818181,3.2403392727272724,3.340912363636363,555060530.0,1752162528.0,0.03774615094652976
2024-03-11 00:00:00+00:00,3.33881709090909,3.3419599999999994,3.282244727272727,3.3073879999999996,141793751.0,446909600.0,1.0476363636363635,3.256053818181818,3.347198181818181,3.2403392727272724,3.340912363636363,555060530.0,1752162528.0,0.03774615094652976
2024-03-12 00:00:00+00:00,3.301102181818181,3.301102181818181,3.2183389090909085,3.2330058181818178,202924309.0,627475456.0,1.0476363636363635,3.256053818181818,3.347198181818181,3.2403392727272724,3.340912363636363,555060530.0,1752162528.0,0.03774615094652976
2024-03-13 00:00:00+00:00,3.22357709090909,3.2246247272727264,3.185862181818181,3.214148363636363,158809227.0,486439840.0,1.0476363636363635,3.256053818181818,3.347198181818181,3.2403392727272724,3.340912363636363,555060530.0,1752162528.0,0.03774615094652976
2024-03-14 00:00:00+00:00,3.204719636363636,3.229862909090909,3.196338545454545,3.22357709090909,101209032.0,310930656.0,1.0476363636363635,3.256053818181818,3.347198181818181,3.2403392727272724,3.340912363636363,555060530.0,1752162528.0,0.03774615094652976
2024-03-15 00:00:00+00:00,3.2162436363636355,3.222529454545454,3.1890050909090903,3.2172912727272722,107864900.0,329546912.0,1.0476363636363635,3.33881709090909,3.3419599999999994,3.185862181818181,3.2172912727272722,712601219.0,2201302464.0,0.03154162402644507
2024-03-18 00:00:00+00:00,3.214148363636363,3.214148363636363,3.184814545454545,3.1994814545454537,158092500.0,481928032.0,1.0476363636363635,3.33881709090909,3.3419599999999994,3.185862181818181,3.2172912727272722,712601219.0,2201302464.0,0.03154162402644507
2024-03-19 00:00:00+00:00,3.1994814545454537,3.222529454545454,3.1921479999999995,3.1973861818181812,81260800.0,248644448.0,1.0476363636363635,3.33881709090909,3.3419599999999994,3.185862181818181,3.2172912727272722,712601219.0,2201302464.0,0.03154162402644507
2024-03-20 00:00:00+00:00,3.196338545454545,3.2131007272727268,3.1753858181818178,3.203671999999999,105249153.0,321309376.0,1.0476363636363635,3.33881709090909,3.3419599999999994,3.185862181818181,3.2172912727272722,712601219.0,2201302464.0,0.03154162402644507
2024-03-21 00:00:00+00:00,3.202624363636363,3.2162436363636355,3.1890050909090903,3.2078625454545446,53729800.0,164432368.0,1.0476363636363635,3.33881709090909,3.3419599999999994,3.185862181818181,3.2172912727272722,712601219.0,2201302464.0,0.03154162402644507
2024-03-22 00:00:00+00:00,3.205767272727272,3.2162436363636355,3.185862181818181,3.214148363636363,121480900.0,371517280.0,1.0476363636363635,3.214148363636363,3.222529454545454,3.1753858181818178,3.214148363636363,519813153.0,1587831504.0,0.025497092761664022
2024-03-25 00:00:00+00:00,3.2089101818181813,3.257101454545454,3.1921479999999995,3.2246247272727264,140359426.0,433327008.0,1.0476363636363635,3.214148363636363,3.222529454545454,3.1753858181818178,3.214148363636363,519813153.0,1587831504.0,0.025497092761664022
2024-03-26 00:00:00+00:00,3.2183389090909085,3.2267199999999994,3.187957454545454,3.2068149090909084,104191700.0,318330432.0,1.0476363636363635,3.214148363636363,3.222529454545454,3.1753858181818178,3.214148363636363,519813153.0,1587831504.0,0.025497092761664022
2024-03-27 00:00:00+00:00,3.202624363636363,3.2309105454545453,3.1973861818181812,3.205767272727272,121895574.0,374451104.0,1.0476363636363635,3.214148363636363,3.222529454545454,3.1753858181818178,3.214148363636363,519813153.0,1587831504.0,0.025497092761664022
2024-03-28 00:00:00+00:00,3.203671999999999,3.2078625454545446,3.174338181818181,3.1973861818181812,127257400.0,387817792.0,1.0476363636363635,3.214148363636363,3.222529454545454,3.1753858181818178,3.214148363636363,519813153.0,1587831504.0,0.025497092761664022
2024-03-29 00:00:00+00:00,3.194243272727272,3.2214818181818177,3.184814545454545,3.2183389090909085,113915205.0,348914880.0,1.0476363636363635,3.2089101818181813,3.257101454545454,3.174338181818181,3.2183389090909085,607619305.0,1862841216.0,0.020279598895879235
2024-04-01 00:00:00+00:00,3.2162436363636355,3.2183389090909085,3.202624363636363,3.2131007272727268,72014321.0,220555184.0,1.0476363636363635,3.2089101818181813,3.257101454545454,3.174338181818181,3.2183389090909085,607619305.0,1862841216.0,0.020279598895879235
2024-04-02 00:00:00+00:00,3.2131007272727268,3.2424345454545453,3.21205309090909,3.2351010909090907,98249497.0,303191424.0,1.0476363636363635,3.2089101818181813,3.257101454545454,3.174338181818181,3.2183389090909085,607619305.0,1862841216.0,0.020279598895879235
2024-04-03 00:00:00+00:00,3.2351010909090907,3.2759589090909085,3.2309105454545453,3.273863636363636,132608200.0,412548000.0,1.0476363636363635,3.2089101818181813,3.257101454545454,3.174338181818181,3.2183389090909085,607619305.0,1862841216.0,0.020279598895879235
2024-04-08 00:00:00+00:00,3.2696730909090905,3.311578545454545,3.2508156363636362,3.2843399999999994,114964901.0,361079776.0,1.0476363636363635,3.2089101818181813,3.257101454545454,3.174338181818181,3.2183389090909085,607619305.0,1862841216.0,0.020279598895879235
2024-04-09 00:00:00+00:00,3.2811970909090906,3.2979592727272724,3.2518632727272725,3.2686254545454543,92734700.0,289327264.0,1.0476363636363635,3.2089101818181813,3.257101454545454,3.174338181818181,3.2183389090909085,607619305.0,1862841216.0,0.020279598895879235
2024-04-10 00:00:00+00:00,3.2686254545454543,3.301102181818181,3.2633872727272726,3.280149454545454,132532576.0,415578624.0,1.0476363636363635,3.2089101818181813,3.257101454545454,3.174338181818181,3.2183389090909085,607619305.0,1862841216.0,0.020279598895879235
2024-04-11 00:00:00+00:00,3.2717683636363635,3.337769454545454,3.2665301818181813,3.3220549090909084,128032500.0,404816736.0,1.0476363636363635,3.2089101818181813,3.257101454545454,3.174338181818181,3.2183389090909085,607619305.0,1862841216.0,0.020279598895879235
2024-04-12 00:00:00+00:00,3.314721454545454,3.3335789090909085,3.302149818181818,3.314721454545454,86256612.0,273314688.0,1.0476363636363635,3.2696730909090905,3.337769454545454,3.2508156363636362,3.314721454545454,554521289.0,1744117088.0,0.019491882930171345
2024-04-15 00:00:00+00:00,3.3157690909090904,3.385960727272727,3.3063403636363633,3.383865454545454,142635870.0,457726464.0,1.0476363636363635,3.2696730909090905,3.337769454545454,3.2508156363636362,3.314721454545454,554521289.0,1744117088.0,0.019491882930171345
2024-04-16 00:00:00+00:00,3.3828178181818176,3.4257709090909088,3.355579272727272,3.398532363636363,190940500.0,618443136.0,1.0476363636363635,3.2696730909090905,3.337769454545454,3.2508156363636362,3.314721454545454,554521289.0,1744117088.0,0.019491882930171345
2024-04-17 00:00:00+00:00,3.3796749090909084,3.438342545454545,3.355579272727272,3.4331043636363634,172064263.0,558835072.0,1.0476363636363635,3.2696730909090905,3.337769454545454,3.2508156363636362,3.314721454545454,554521289.0,1744117088.0,0.019491882930171345
2024-04-18 00:00:00+00:00,3.4320567272727267,3.4781527272727266,3.4257709090909088,3.4425330909090905,171600500.0,565504256.0,1.0476363636363635,3.2696730909090905,3.337769454545454,3.2508156363636362,3.314721454545454,554521289.0,1744117088.0,0.019491882930171345
2024-04-19 00:00:00+00:00,3.429961454545454,3.4833909090909088,3.4226279999999996,3.4655810909090903,214235900.0,707693952.0,1.0476363636363635,3.3157690909090904,3.4833909090909088,3.3063403636363633,3.4655810909090903,891477033.0,2908202880.0,0.0278595063645648
2024-04-22 00:00:00+00:00,3.4634858181818178,3.476057454545454,3.3733890909090904,3.3744367272727267,226259562.0,735673408.0,1.0476363636363635,3.3157690909090904,3.4833909090909088,3.3063403636363633,3.4655810909090903,891477033.0,2908202880.0,0.0278595063645648
2024-04-23 00:00:00+00:00,3.3597698181818174,3.369198545454545,3.3126261818181812,3.3241501818181813,170174600.0,541887552.0,1.0476363636363635,3.3157690909090904,3.4833909090909088,3.3063403636363633,3.4655810909090903,891477033.0,2908202880.0,0.0278595063645648
2024-04-24 00:00:00+00:00,3.3241501818181813,3.3304359999999993,3.2895781818181815,3.3251978181818176,150520100.0,475262336.0,1.0476363636363635,3.3157690909090904,3.4833909090909088,3.3063403636363633,3.4655810909090903,891477033.0,2908202880.0,0.0278595063645648
2024-04-25 00:00:00+00:00,3.3168167272727267,3.346150545454545,3.311578545454545,3.3451029090909086,100409299.0,319003712.0,1.0476363636363635,3.3157690909090904,3.4833909090909088,3.3063403636363633,3.4655810909090903,891477033.0,2908202880.0,0.0278595063645648
2024-04-26 00:00:00+00:00,3.33881709090909,3.3566269090909087,3.2927210909090903,3.314721454545454,148548600.0,469800608.0,1.0476363636363635,3.4634858181818178,3.476057454545454,3.2895781818181815,3.314721454545454,795912161.0,2541627616.0,0.02145884932694528
2024-04-29 00:00:00+00:00,3.300054545454545,3.303197454545454,3.247672727272727,3.2791018181818177,189352927.0,591166912.0,1.0476363636363635,3.4634858181818178,3.476057454545454,3.2895781818181815,3.314721454545454,795912161.0,2541627616.0,0.02145884932694528
2024-04-30 00:00:00+00:00,3.2728159999999997,3.311578545454545,3.270720727272727,3.2927210909090903,112682098.0,354444384.0,1.0476363636363635,3.4634858181818178,3.476057454545454,3.2895781818181815,3.314721454545454,795912161.0,2541627616.0,0.02145884932694528
2024-05-06 00:00:00+00:00,3.2979592727272724,3.311578545454545,3.277006545454545,3.3105309090909087,132451471.0,417117568.0,1.0476363636363635,3.4634858181818178,3.476057454545454,3.2895781818181815,3.314721454545454,795912161.0,2541627616.0,0.02145884932694528
2024-05-07 00:00:00+00:00,3.3063403636363633,3.3157690909090904,3.2927210909090903,3.3105309090909087,83915500.0,264589408.0,1.0476363636363635,3.4634858181818178,3.476057454545454,3.2895781818181815,3.314721454545454,795912161.0,2541627616.0,0.02145884932694528
2024-05-08 00:00:00+00:00,3.308435636363636,3.3440552727272723,3.3042450909090904,3.3335789090909085,134912900.0,428965920.0,1.0476363636363635,3.4634858181818178,3.476057454545454,3.2895781818181815,3.314721454545454,795912161.0,2541627616.0,0.02145884932694528
2024-05-09 00:00:00+00:00,3.331483636363636,3.3503410909090903,3.323102545454545,3.3451029090909086,98165800.0,312695360.0,1.0476363636363635,3.4634858181818178,3.476057454545454,3.2895781818181815,3.314721454545454,795912161.0,2541627616.0,0.02145884932694528
2024-05-10 00:00:00+00:00,3.3419599999999994,3.3650079999999996,3.3335789090909085,3.3650079999999996,106906190.0,341996416.0,1.0476363636363635,3.2979592727272724,3.3650079999999996,3.277006545454545,3.3650079999999996,556351861.0,1765364672.0,0.013056268352099248
2024-05-13 00:00:00+00:00,3.3597698181818174,3.3733890909090904,3.3241501818181813,3.369198545454545,108676600.0,347573344.0,1.0476363636363635,3.2979592727272724,3.3650079999999996,3.277006545454545,3.3650079999999996,556351861.0,1765364672.0,0.013056268352099248
2024-05-14 00:00:00+00:00,3.363960363636363,3.367103272727272,3.3356741818181814,3.355579272727272,114448501.0,366107136.0,1.0476363636363635,3.2979592727272724,3.3650079999999996,3.277006545454545,3.3650079999999996,556351861.0,1765364672.0,0.013056268352099248
2024-05-15 00:00:00+00:00,3.3513887272727265,3.3744367272727267,3.337769454545454,3.3545316363636357,91991301.0,294878784.0,1.0476363636363635,3.2979592727272724,3.3650079999999996,3.277006545454545,3.3650079999999996,556351861.0,1765364672.0,0.013056268352099248
2024-05-16 00:00:00+00:00,3.3534839999999995,3.376531999999999,3.3513887272727265,3.3618650909090904,115589511.0,371308256.0,1.0476363636363635,3.2979592727272724,3.3650079999999996,3.277006545454545,3.3650079999999996,556351861.0,1765364672.0,0.013056268352099248
2024-05-17 00:00:00+00:00,3.3618650909090904,3.387008363636363,3.3482458181818178,3.383865454545454,106958000.0,343177568.0,1.0476363636363635,3.3597698181818174,3.387008363636363,3.3241501818181813,3.383865454545454,537663913.0,1723045088.0,0.01211964980681432
2024-05-20 00:00:00+00:00,3.3817701818181813,3.4331043636363634,3.3817701818181813,3.4247232727272725,108426500.0,352499552.0,1.0476363636363635,3.3597698181818174,3.387008363636363,3.3241501818181813,3.383865454545454,537663913.0,1723045088.0,0.01211964980681432
2024-05-21 00:00:00+00:00,3.4163421818181816,3.4488189090909085,3.4142469090909087,3.4414854545454543,88676206.0,290865376.0,1.0476363636363635,3.3597698181818174,3.387008363636363,3.3241501818181813,3.383865454545454,537663913.0,1723045088.0,0.01211964980681432
2024-05-22 00:00:00+00:00,3.4425330909090905,3.475009818181818,3.4404378181818176,3.4414854545454543,130201490.0,429529440.0,1.0476363636363635,3.3597698181818174,3.387008363636363,3.3241501818181813,3.383865454545454,537663913.0,1723045088.0,0.01211964980681432
2024-05-23 00:00:00+00:00,3.4310090909090905,3.436247272727272,3.3901512727272722,3.3974847272727264,137971800.0,448857696.0,1.0476363636363635,3.3597698181818174,3.387008363636363,3.3241501818181813,3.383865454545454,537663913.0,1723045088.0,0.01211964980681432
2024-05-24 00:00:00+00:00,3.393294181818181,3.4331043636363634,3.38491309090909,3.3922465454545447,116394730.0,379070816.0,1.0476363636363635,3.3817701818181813,3.475009818181818,3.3817701818181813,3.3922465454545447,581670726.0,1900822880.0,0.010735844987227572
2024-05-27 00:00:00+00:00,3.3943418181818177,3.4519618181818177,3.3943418181818177,3.4519618181818177,103511600.0,339238688.0,1.0476363636363635,3.3817701818181813,3.475009818181818,3.3817701818181813,3.3922465454545447,581670726.0,1900822880.0,0.010735844987227572
2024-05-28 00:00:00+00:00,3.446723636363636,3.4603429090909086,3.428913818181818,3.4425330909090905,119592706.0,393670912.0,1.0476363636363635,3.3817701818181813,3.475009818181818,3.3817701818181813,3.3922465454545447,581670726.0,1900822880.0,0.010735844987227572
2024-05-29 00:00:00+00:00,3.436247272727272,3.473962181818181,3.429961454545454,3.4456759999999997,133830250.0,441131424.0,1.0476363636363635,3.3817701818181813,3.475009818181818,3.3817701818181813,3.3922465454545447,581670726.0,1900822880.0,0.010735844987227572
2024-05-30 00:00:00+00:00,3.435199636363636,3.464533454545454,3.412151636363636,3.4215803636363633,119783400.0,392687168.0,1.0476363636363635,3.3817701818181813,3.475009818181818,3.3817701818181813,3.3922465454545447,581670726.0,1900822880.0,0.010735844987227572
2024-05-31 00:00:00+00:00,3.420532727272727,3.444628363636363,3.420532727272727,3.428913818181818,63365200.0,207572224.0,1.0476363636363635,3.3943418181818177,3.473962181818181,3.3943418181818177,3.428913818181818,540083156.0,1774300416.0,0.010924982689211313
2024-06-03 00:00:00+00:00,3.423675636363636,3.4247232727272725,3.3796749090909084,3.39643709090909,102457700.0,332403968.0,1.0476363636363635,3.3943418181818177,3.473962181818181,3.3943418181818177,3.428913818181818,540083156.0,1774300416.0,0.010924982689211313
2024-06-04 00:00:00+00:00,3.3922465454545447,3.4131992727272724,3.376531999999999,3.410056363636363,84725163.0,274771904.0,1.0476363636363635,3.3943418181818177,3.473962181818181,3.3943418181818177,3.428913818181818,540083156.0,1774300416.0,0.010924982689211313
2024-06-05 00:00:00+00:00,3.4079610909090907,3.4142469090909087,3.366055636363636,3.3702461818181813,88543175.0,286385120.0,1.0476363636363635,3.3943418181818177,3.473962181818181,3.3943418181818177,3.428913818181818,540083156.0,1774300416.0,0.010924982689211313
2024-06-06 00:00:00+00:00,3.3702461818181813,3.4048181818181815,3.369198545454545,3.3880559999999993,77010590.0,248989696.0,1.0476363636363635,3.3943418181818177,3.473962181818181,3.3943418181818177,3.428913818181818,540083156.0,1774300416.0,0.010924982689211313
2024-06-07 00:00:00+00:00,3.385960727272727,3.417389818181818,3.385960727272727,3.4163421818181816,77525000.0,251902048.0,1.0476363636363635,3.423675636363636,3.4247232727272725,3.366055636363636,3.4163421818181816,430261628.0,1394452736.0,0.008922882987324812
2024-06-11 00:00:00+00:00,3.4142469090909087,3.415294545454545,3.340912363636363,3.357674545454545,118279470.0,380005632.0,1.0476363636363635,3.423675636363636,3.4247232727272725,3.366055636363636,3.4163421818181816,430261628.0,1394452736.0,0.008922882987324812
2024-06-12 00:00:00+00:00,3.3513887272727265,3.4048181818181815,3.3356741818181814,3.4006276363636356,100102600.0,322266144.0,1.0476363636363635,3.423675636363636,3.4247232727272725,3.366055636363636,3.4163421818181816,430261628.0,1394452736.0,0.008922882987324812
2024-06-13 00:00:00+00:00,3.3943418181818177,3.4006276363636356,3.3597698181818174,3.3712938181818175,70373900.0,226662704.0,1.0476363636363635,3.423675636363636,3.4247232727272725,3.366055636363636,3.4163421818181816,430261628.0,1394452736.0,0.008922882987324812
2024-06-14 00:00:00+00:00,3.3702461818181813,3.385960727272727,3.358722181818181,3.376531999999999,83118700.0,267653360.0,1.0476363636363635,3.4142469090909087,3.415294545454545,3.3356741818181814,3.376531999999999,371874670.0,1196587840.0,0.0038936741147584802
2024-06-17 00:00:00+00:00,3.3681509090909083,3.378627272727272,3.3241501818181813,3.3325312727272722,118964900.0,379494048.0,1.0476363636363635,3.4142469090909087,3.415294545454545,3.3356741818181814,3.376531999999999,371874670.0,1196587840.0,0.0038936741147584802
2024-06-18 00:00:00+00:00,3.3325312727272722,3.3451029090909086,3.308435636363636,3.339864727272727,76288055.0,242461136.0,1.0476363636363635,3.4142469090909087,3.415294545454545,3.3356741818181814,3.376531999999999,371874670.0,1196587840.0,0.0038936741147584802
2024-06-19 00:00:00+00:00,3.33881709090909,3.3534839999999995,3.331483636363636,3.339864727272727,64572000.0,206053856.0,1.0476363636363635,3.4142469090909087,3.415294545454545,3.3356741818181814,3.376531999999999,371874670.0,1196587840.0,0.0038936741147584802
2024-06-20 00:00:00+00:00,3.337769454545454,3.3545316363636357,3.3325312727272722,3.346150545454545,63729083.0,203378896.0,1.0476363636363635,3.4142469090909087,3.415294545454545,3.3356741818181814,3.376531999999999,371874670.0,1196587840.0,0.0038936741147584802
2024-06-21 00:00:00+00:00,3.3440552727272723,3.3566269090909087,3.3335789090909085,3.3513887272727265,74075300.0,236594816.0,1.0476363636363635,3.3681509090909083,3.378627272727272,3.308435636363636,3.3513887272727265,397629338.0,1267982752.0,-0.001842095298975291
2024-06-24 00:00:00+00:00,3.3430076363636356,3.3430076363636356,3.2927210909090903,3.3073879999999996,93449500.0,295363232.0,1.0476363636363635,3.3681509090909083,3.378627272727272,3.308435636363636,3.3513887272727265,397629338.0,1267982752.0,-0.001842095298975291
2024-06-25 00:00:00+00:00,3.3063403636363633,3.3335789090909085,3.3052927272727266,3.321007272727272,72398700.0,229236032.0,1.0476363636363635,3.3681509090909083,3.378627272727272,3.308435636363636,3.3513887272727265,397629338.0,1267982752.0,-0.001842095298975291
2024-06-26 00:00:00+00:00,3.319959636363636,3.3325312727272722,3.302149818181818,3.329388363636363,67598900.0,214021104.0,1.0476363636363635,3.3681509090909083,3.378627272727272,3.308435636363636,3.3513887272727265,397629338.0,1267982752.0,-0.001842095298975291
2024-06-27 00:00:00+00:00,3.329388363636363,3.3430076363636356,3.3157690909090904,3.329388363636363,83666100.0,266049056.0,1.0476363636363635,3.3681509090909083,3.378627272727272,3.308435636363636,3.3513887272727265,397629338.0,1267982752.0,-0.001842095298975291
2024-06-28 00:00:00+00:00,3.3272930909090905,3.3618650909090904,3.319959636363636,3.3534839999999995,79768726.0,254985984.0,1.0476363636363635,3.3430076363636356,3.3618650909090904,3.2927210909090903,3.3534839999999995,396881926.0,1259655408.0,-0.0059775458164786355
2024-07-01 00:00:00+00:00,3.347198181818181,3.4278661818181813,3.3440552727272723,3.4247232727272725,153585806.0,499009376.0,1.0476363636363635,3.3430076363636356,3.3618650909090904,3.2927210909090903,3.3534839999999995,396881926.0,1259655408.0,-0.0059775458164786355
2024-07-02 00:00:00+00:00,3.4226279999999996,3.436247272727272,3.3995799999999994,3.426818545454545,81739180.0,266958352.0,1.0476363636363635,3.3430076363636356,3.3618650909090904,3.2927210909090903,3.3534839999999995,396881926.0,1259655408.0,-0.0059775458164786355
2024-07-03 00:00:00+00:00,3.426818545454545,3.4341519999999996,3.3974847272727264,3.4037705454545453,81225300.0,264656000.0,1.0476363636363635,3.3430076363636356,3.3618650909090904,3.2927210909090903,3.3534839999999995,396881926.0,1259655408.0,-0.0059775458164786355
2024-07-04 00:00:00+00:00,3.4037705454545453,3.418437454545454,3.3828178181818176,3.3891036363636355,66402000.0,215325824.0,1.0476363636363635,3.3430076363636356,3.3618650909090904,3.2927210909090903,3.3534839999999995,396881926.0,1259655408.0,-0.0059775458164786355
2024-07-05 00:00:00+00:00,3.3891036363636355,3.398532363636363,3.352436363636363,3.3712938181818175,115719800.0,371881312.0,1.0476363636363635,3.347198181818181,3.436247272727272,3.3440552727272723,3.3712938181818175,498672086.0,1617830864.0,-0.007876670688603454
2024-07-08 00:00:00+00:00,3.3702461818181813,3.3807225454545446,3.352436363636363,3.3597698181818174,82272100.0,264212320.0,1.0476363636363635,3.347198181818181,3.436247272727272,3.3440552727272723,3.3712938181818175,498672086.0,1617830864.0,-0.007876670688603454
2024-07-09 00:00:00+00:00,3.358722181818181,3.3891036363636355,3.3346265454545447,3.387008363636363,96999700.0,311501408.0,1.0476363636363635,3.347198181818181,3.436247272727272,3.3440552727272723,3.3712938181818175,498672086.0,1617830864.0,-0.007876670688603454
2024-07-10 00:00:00+00:00,3.3807225454545446,3.3817701818181813,3.3136738181818175,3.317864363636363,151426000.0,481635200.0,1.0476363636363635,3.347198181818181,3.436247272727272,3.3440552727272723,3.3712938181818175,498672086.0,1617830864.0,-0.007876670688603454
2024-07-11 00:00:00+00:00,3.321007272727272,3.3304359999999993,3.301102181818181,3.3126261818181812,140520499.0,443982400.0,1.0476363636363635,3.347198181818181,3.436247272727272,3.3440552727272723,3.3712938181818175,498672086.0,1617830864.0,-0.007876670688603454
2024-07-12 00:00:00+00:00,3.3126261818181812,3.331483636363636,3.301102181818181,3.308435636363636,86935464.0,274879392.0,1.0476363636363635,3.3702461818181813,3.3891036363636355,3.301102181818181,3.308435636363636,558153763.0,1776210720.0,-0.013404645486137776
2024-07-15 00:00:00+00:00,3.302149818181818,3.3503410909090903,3.2874829090909086,3.347198181818181,101107233.0,321323680.0,1.0476363636363635,3.3702461818181813,3.3891036363636355,3.301102181818181,3.308435636363636,558153763.0,1776210720.0,-0.013404645486137776
2024-07-16 00:00:00+00:00,3.3430076363636356,3.3503410909090903,3.3189119999999996,3.3335789090909085,79006789.0,251130432.0,1.0476363636363635,3.3702461818181813,3.3891036363636355,3.301102181818181,3.308435636363636,558153763.0,1776210720.0,-0.013404645486137776
2024-07-17 00:00:00+00:00,3.331483636363636,3.337769454545454,3.3073879999999996,3.319959636363636,63820379.0,201954784.0,1.0476363636363635,3.3702461818181813,3.3891036363636355,3.301102181818181,3.308435636363636,558153763.0,1776210720.0,-0.013404645486137776
2024-07-18 00:00:00+00:00,3.3168167272727267,3.3251978181818176,3.2864352727272723,3.3241501818181813,89881800.0,283359904.0,1.0476363636363635,3.3702461818181813,3.3891036363636355,3.301102181818181,3.308435636363636,558153763.0,1776210720.0,-0.013404645486137776
2024-07-19 00:00:00+00:00,3.314721454545454,3.3168167272727267,3.2811970909090906,3.300054545454545,113611200.0,357154240.0,1.0476363636363635,3.302149818181818,3.3503410909090903,3.2811970909090906,3.300054545454545,447427401.0,1414923040.0,-0.017410174969036463
2024-07-22 00:00:00+00:00,3.2927210909090903,3.2927210909090903,3.238244,3.2665301818181813,174559436.0,543203072.0,1.0476363636363635,3.302149818181818,3.3503410909090903,3.2811970909090906,3.300054545454545,447427401.0,1414923040.0,-0.017410174969036463
2024-07-23 00:00:00+00:00,3.2612919999999996,3.267577818181818,3.2403392727272724,3.244529818181818,73947100.0,229830208.0,1.0476363636363635,3.302149818181818,3.3503410909090903,3.2811970909090906,3.300054545454545,447427401.0,1414923040.0,-0.017410174969036463
2024-07-24 00:00:00+00:00,3.2413869090909087,3.2550061818181817,3.2277676363636356,3.246625090909091,77790100.0,240726768.0,1.0476363636363635,3.302149818181818,3.3503410909090903,3.2811970909090906,3.300054545454545,447427401.0,1414923040.0,-0.017410174969036463
2024-07-25 00:00:00+00:00,3.237196363636363,3.2403392727272724,3.205767272727272,3.2319581818181815,98300900.0,302561248.0,1.0476363636363635,3.302149818181818,3.3503410909090903,3.2811970909090906,3.300054545454545,447427401.0,1414923040.0,-0.017410174969036463
2024-07-26 00:00:00+00:00,3.2277676363636356,3.2351010909090907,3.196338545454545,3.2131007272727268,80586431.0,247013872.0,1.0476363636363635,3.2927210909090903,3.2927210909090903,3.196338545454545,3.2131007272727268,505183967.0,1563335168.0,-0.02522613533292914
2024-07-29 00:00:00+00:00,3.205767272727272,3.2267199999999994,3.1984338181818175,3.225672363636363,56212900.0,172570608.0,1.0476363636363635,3.2927210909090903,3.2927210909090903,3.196338545454545,3.2131007272727268,505183967.0,1563335168.0,-0.02522613533292914
2024-07-30 00:00:00+00:00,3.2214818181818177,3.222529454545454,3.1973861818181812,3.2099578181818176,54735300.0,167497872.0,1.0476363636363635,3.2927210909090903,3.2927210909090903,3.196338545454545,3.2131007272727268,505183967.0,1563335168.0,-0.02522613533292914
2024-07-31 00:00:00+00:00,3.2089101818181813,3.2424345454545453,3.204719636363636,3.2403392727272724,99866400.0,307491904.0,1.0476363636363635,3.2927210909090903,3.2927210909090903,3.196338545454545,3.2131007272727268,505183967.0,1563335168.0,-0.02522613533292914
2024-08-01 00:00:00+00:00,3.2403392727272724,3.253958545454545,3.2309105454545453,3.2434821818181816,59219600.0,183314304.0,1.0476363636363635,3.2927210909090903,3.2927210909090903,3.196338545454545,3.2131007272727268,505183967.0,1563335168.0,-0.02522613533292914
2024-08-02 00:00:00+00:00,3.228815272727272,3.247672727272727,3.214148363636363,3.2351010909090907,86214600.0,266371168.0,1.0476363636363635,3.205767272727272,3.253958545454545,3.1973861818181812,3.2351010909090907,356248800.0,1097245856.0,-0.028009977583230386
2024-08-05 00:00:00+00:00,3.228815272727272,3.2351010909090907,3.187957454545454,3.1921479999999995,112849100.0,345893056.0,1.0476363636363635,3.205767272727272,3.253958545454545,3.1973861818181812,3.2351010909090907,356248800.0,1097245856.0,-0.028009977583230386
2024-08-06 00:00:00+00:00,3.193195636363636,3.21205309090909,3.156528363636363,3.1806239999999995,107981560.0,327458336.0,1.0476363636363635,3.205767272727272,3.253958545454545,3.1973861818181812,3.2351010909090907,356248800.0,1097245856.0,-0.028009977583230386
2024-08-07 00:00:00+00:00,3.1690999999999994,3.2089101818181813,3.167004727272727,3.193195636363636,75656800.0,230656976.0,1.0476363636363635,3.205767272727272,3.253958545454545,3.1973861818181812,3.2351010909090907,356248800.0,1097245856.0,-0.028009977583230386
2024-08-08 00:00:00+00:00,3.193195636363636,3.2089101818181813,3.182719272727272,3.204719636363636,65790400.0,200808544.0,1.0476363636363635,3.205767272727272,3.253958545454545,3.1973861818181812,3.2351010909090907,356248800.0,1097245856.0,-0.028009977583230386
2024-08-09 00:00:00+00:00,3.204719636363636,3.211005454545454,3.1890050909090903,3.193195636363636,816467.0,249206238.0,1.0476363636363635,3.228815272727272,3.2351010909090907,3.156528363636363,3.193195636363636,363094327.0,1354023150.0,-0.03150833169339015
2024-08-12 00:00:00+00:00,3.187957454545454,3.2214818181818177,3.179576363636363,3.214148363636363,721918.0,221021131.0,1.0476363636363635,3.228815272727272,3.2351010909090907,3.156528363636363,3.193195636363636,363094327.0,1354023150.0,-0.03150833169339015
2024-08-13 00:00:00+00:00,3.2099578181818176,3.222529454545454,3.1952909090909083,3.2151959999999993,961066.0,294386057.0,1.0476363636363635,3.228815272727272,3.2351010909090907,3.156528363636363,3.193195636363636,363094327.0,1354023150.0,-0.03150833169339015
2024-08-14 00:00:00+00:00,3.214148363636363,3.2214818181818177,3.202624363636363,3.2078625454545446,469715.0,144050369.0,1.0476363636363635,3.228815272727272,3.2351010909090907,3.156528363636363,3.193195636363636,363094327.0,1354023150.0,-0.03150833169339015
2024-08-15 00:00:00+00:00,3.205767272727272,3.245577454545454,3.1984338181818175,3.238244,869418.0,268150604.0,1.0476363636363635,3.228815272727272,3.2351010909090907,3.156528363636363,3.193195636363636,363094327.0,1354023150.0,-0.03150833169339015
2024-08-16 00:00:00+00:00,3.238244,3.2508156363636362,3.229862909090909,3.2434821818181816,584371.0,180875895.0,1.0476363636363635,3.187957454545454,3.2508156363636362,3.179576363636363,3.2434821818181816,3606488.0,1108484056.0,-0.029315846567616412
2024-08-19 00:00:00+00:00,3.2424345454545453,3.277006545454545,3.239291636363636,3.2749112727272722,882449.0,275316304.0,1.0476363636363635,3.187957454545454,3.2508156363636362,3.179576363636363,3.2434821818181816,3606488.0,1108484056.0,-0.029315846567616412
2024-08-20 00:00:00+00:00,3.277006545454545,3.2791018181818177,3.222529454545454,3.238244,866623.0,268071028.0,1.0476363636363635,3.187957454545454,3.2508156363636362,3.179576363636363,3.2434821818181816,3606488.0,1108484056.0,-0.029315846567616412
2024-08-21 00:00:00+00:00,3.2319581818181815,3.2330058181818178,3.184814545454545,3.203671999999999,945657.0,288945858.0,1.0476363636363635,3.187957454545454,3.2508156363636362,3.179576363636363,3.2434821818181816,3606488.0,1108484056.0,-0.029315846567616412
2024-08-22 00:00:00+00:00,3.2015767272727267,3.220434181818181,3.1952909090909083,3.2068149090909084,743968.0,227956652.0,1.0476363636363635,3.187957454545454,3.2508156363636362,3.179576363636363,3.2434821818181816,3606488.0,1108484056.0,-0.029315846567616412
2024-08-23 00:00:00+00:00,3.205767272727272,3.2162436363636355,3.1900527272727266,3.204719636363636,662428.0,202301178.0,1.0476363636363635,3.2424345454545453,3.2791018181818177,3.184814545454545,3.204719636363636,4101125.0,1262591020.0,-0.02928747555443073
2024-08-26 00:00:00+00:00,3.2015767272727267,3.204719636363636,3.1701476363636356,3.187957454545454,737557.0,223879047.0,1.0476363636363635,3.2424345454545453,3.2791018181818177,3.184814545454545,3.204719636363636,4101125.0,1262591020.0,-0.02928747555443073
2024-08-27 00:00:00+00:00,3.182719272727272,3.1994814545454537,3.179576363636363,3.1952909090909083,508127.0,154827183.0,1.0476363636363635,3.2424345454545453,3.2791018181818177,3.184814545454545,3.204719636363636,4101125.0,1262591020.0,-0.02928747555443073
2024-08-28 00:00:00+00:00,3.1900527272727266,3.203671999999999,3.1722429090909086,3.1816716363636357,503051.0,152913498.0,1.0476363636363635,3.2424345454545453,3.2791018181818177,3.184814545454545,3.204719636363636,4101125.0,1262591020.0,-0.02928747555443073
2024-08-29 00:00:00+00:00,3.179576363636363,3.179576363636363,3.1177658181818177,3.1230039999999994,1228782.0,367673933.0,1.0476363636363635,3.2424345454545453,3.2791018181818177,3.184814545454545,3.204719636363636,4101125.0,1262591020.0,-0.02928747555443073
2024-08-30 00:00:00+00:00,3.120908727272727,3.1554807272727268,3.0968130909090905,3.132432727272727,1151160.0,343487081.0,1.0476363636363635,3.2015767272727267,3.204719636363636,3.0968130909090905,3.132432727272727,4128677.0,1242780742.0,-0.03268971108376042
2024-09-02 00:00:00+00:00,3.1261469090909086,3.16595709090909,3.094717818181818,3.148147272727272,973419.0,292124401.0,1.0476363636363635,3.2015767272727267,3.204719636363636,3.0968130909090905,3.132432727272727,4128677.0,1242780742.0,-0.03268971108376042
2024-09-03 00:00:00+00:00,3.1460519999999996,3.156528363636363,3.0999559999999997,3.1198610909090907,1126224.0,334918991.0,1.0476363636363635,3.2015767272727267,3.204719636363636,3.0968130909090905,3.132432727272727,4128677.0,1242780742.0,-0.03268971108376042
2024-09-04 00:00:00+00:00,3.11148,3.1261469090909086,3.092622545454545,3.118813454545454,642475.0,190762708.0,1.0476363636363635,3.2015767272727267,3.204719636363636,3.0968130909090905,3.132432727272727,4128677.0,1242780742.0,-0.03268971108376042
2024-09-05 00:00:00+00:00,3.1156705454545452,3.130337454545454,3.1072894545454544,3.120908727272727,518895.0,154374591.0,1.0476363636363635,3.2015767272727267,3.204719636363636,3.0968130909090905,3.132432727272727,4128677.0,1242780742.0,-0.03268971108376042
2024-09-06 00:00:00+00:00,3.121956363636363,3.1334803636363633,3.0936701818181813,3.0957654545454543,659429.0,195875597.0,1.0476363636363635,3.1261469090909086,3.16595709090909,3.092622545454545,3.0957654545454543,3920442.0,1168056288.0,-0.03571616508090056
2024-09-09 00:00:00+00:00,3.086336727272727,3.0884319999999996,3.0287167272727267,3.038145454545454,1179836.0,343230502.0,1.0476363636363635,3.1261469090909086,3.16595709090909,3.092622545454545,3.0957654545454543,3920442.0,1168056288.0,-0.03571616508090056
2024-09-10 00:00:00+00:00,3.0370978181818176,3.05071709090909,3.020335636363636,3.0454789090909085,978891.0,283409499.0,1.0476363636363635,3.1261469090909086,3.16595709090909,3.092622545454545,3.0957654545454543,3920442.0,1168056288.0,-0.03571616508090056
2024-09-11 00:00:00+00:00,3.0402407272727268,3.0402407272727268,2.9648109090909087,2.9784301818181813,1480728.0,422393854.0,1.0476363636363635,3.1261469090909086,3.16595709090909,3.092622545454545,3.0957654545454543,3920442.0,1168056288.0,-0.03571616508090056
2024-09-12 00:00:00+00:00,2.975287272727272,3.000430545454545,2.9648109090909087,2.988906545454545,1755122.0,500124280.0,1.0476363636363635,3.1261469090909086,3.16595709090909,3.092622545454545,3.0957654545454543,3920442.0,1168056288.0,-0.03571616508090056
2024-09-13 00:00:00+00:00,2.986811272727272,3.013002181818181,2.977382545454545,2.9805254545454543,1329525.0,380204794.0,1.0476363636363635,3.086336727272727,3.0884319999999996,2.9648109090909087,2.9805254545454543,6724102.0,1929362929.0,-0.04328135830372497
2024-09-18 00:00:00+00:00,2.9794778181818176,3.0192879999999995,2.977382545454545,3.015097454545454,989235.0,282934205.0,1.0476363636363635,3.086336727272727,3.0884319999999996,2.9648109090909087,2.9805254545454543,6724102.0,1929362929.0,-0.04328135830372497
2024-09-19 00:00:00+00:00,3.0161450909090903,3.023478545454545,2.9847159999999997,3.0098592727272724,986011.0,282940216.0,1.0476363636363635,3.086336727272727,3.0884319999999996,2.9648109090909087,2.9805254545454543,6724102.0,1929362929.0,-0.04328135830372497
2024-09-20 00:00:00+00:00,3.0088116363636357,3.0161450909090903,2.992049454545454,3.0109069090909086,617296.0,176994157.0,1.0476363636363635,2.9794778181818176,3.023478545454545,2.977382545454545,3.0109069090909086,2592542.0,742868578.0,-0.04390289741227326
2024-09-23 00:00:00+00:00,3.006716363636363,3.05071709090909,3.0014781818181815,3.0433836363636355,902406.0,261275260.0,1.0476363636363635,2.9794778181818176,3.023478545454545,2.977382545454545,3.0109069090909086,2592542.0,742868578.0,-0.04390289741227326
2024-09-24 00:00:00+00:00,3.071669818181818,3.184814545454545,3.0590981818181815,3.1837669090909086,2491896.0,746372074.0,1.0476363636363635,2.9794778181818176,3.023478545454545,2.977382545454545,3.0109069090909086,2592542.0,742868578.0,-0.04390289741227326
2024-09-25 00:00:00+00:00,3.2330058181818178,3.2990069090909087,3.225672363636363,3.2319581818181815,3477545.0,1082686965.0,1.0476363636363635,2.9794778181818176,3.023478545454545,2.977382545454545,3.0109069090909086,2592542.0,742868578.0,-0.04390289741227326
2024-09-26 00:00:00+00:00,3.225672363636363,3.346150545454545,3.220434181818181,3.340912363636363,2970679.0,932807748.0,1.0476363636363635,2.9794778181818176,3.023478545454545,2.977382545454545,3.0109069090909086,2592542.0,742868578.0,-0.04390289741227326
