,报告日,营业总收入,营业收入,利息收入,已赚保费,手续费及佣金收入,房地产销售收入,其他业务收入,营业总成本,营业成本,手续费及佣金支出,房地产销售成本,退保金,赔付支出净额,提取保险合同准备金净额,保单红利支出,分保费用,其他业务成本,营业税金及附加,研发费用,销售费用,管理费用,财务费用,利息费用,利息支出,投资收益,对联营企业和合营企业的投资收益,以摊余成本计量的金融资产终止确认产生的收益,汇兑收益,净敞口套期收益,公允价值变动收益,期货损益,托管收益,补贴收入,其他收益,资产减值损失,信用减值损失,其他业务利润,资产处置收益,营业利润,营业外收入,非流动资产处置利得,营业外支出,非流动资产处置损失,利润总额,所得税费用,未确认投资损失,净利润,持续经营净利润,终止经营净利润,归属于母公司所有者的净利润,被合并方在合并前实现净利润,少数股东损益,其他综合收益,归属于母公司所有者的其他综合收益,（一）以后不能重分类进损益的其他综合收益,重新计量设定受益计划变动额,权益法下不能转损益的其他综合收益,其他权益工具投资公允价值变动,企业自身信用风险公允价值变动,（二）以后将重分类进损益的其他综合收益,权益法下可转损益的其他综合收益,可供出售金融资产公允价值变动损益,其他债权投资公允价值变动,金融资产重分类计入其他综合收益的金额,其他债权投资信用减值准备,持有至到期投资重分类为可供出售金融资产损益,现金流量套期储备,现金流量套期损益的有效部分,外币财务报表折算差额,其他,归属于少数股东的其他综合收益,综合收益总额,归属于母公司所有者的综合收益总额,归属于少数股东的综合收益总额,基本每股收益,稀释每股收益,数据源,是否审计,公告日期,币种,类型,更新日期
0,20241231,189398754000.0,189398754000.0,,,,,,160173123000.0,142278750000.0,,,,,,,,,8114856000.0,801048000.0,1077843000.0,5512281000.0,2388345000.0,2549562000.0,,2564181000.0,2556369000.0,,,,,,,,309901000.0,,,,17125000.0,31485448000.0,205453000.0,,111272000.0,,31579629000.0,6625603000.0,,24954026000.0,24954026000.0,,19322936000.0,,5631090000.0,-364736000.0,-363983000.0,-330944000.0,,-353000.0,-330591000.0,,-33039000.0,,,,,,,,,-33029000.0,,-753000.0,24589290000.0,18958953000.0,5630337000.0,1.46,1.46,定期报告,是,20250322,CNY,合并期末,2025-03-21T19:17:06
1,20240930,140412180000.0,140412180000.0,,,,,,117524721000.0,105055477000.0,,,,,,,,,5973501000.0,442012000.0,681312000.0,3492619000.0,1879800000.0,1952947000.0,,1721805000.0,1716772000.0,,,,,,,,229681000.0,,,,856000.0,24522382000.0,86736000.0,,82758000.0,,24526360000.0,5508397000.0,,19017963000.0,19017963000.0,,14614069000.0,,4403894000.0,-325306000.0,-324555000.0,-320647000.0,,-355000.0,-320292000.0,,-3908000.0,,,-3365000.0,,,,,,-543000.0,,-751000.0,18692657000.0,14289514000.0,4403143000.0,1.1,1.1,定期报告,未审计,20241024,CNY,合并期末,2024-10-23T18:52:04
2,20240630,92983870000.0,92983870000.0,,,,,,77150402000.0,68789726000.0,,,,,,,,,3986535000.0,282100000.0,418465000.0,2398327000.0,1275249000.0,1338603000.0,,1062701000.0,1057668000.0,,,,,,,,163187000.0,,,,-3126000.0,16725302000.0,63754000.0,,69175000.0,,16719881000.0,3919164000.0,,12800717000.0,12800717000.0,,9787792000.0,,3012925000.0,-336573000.0,-335848000.0,-320647000.0,,-355000.0,-320292000.0,,-15201000.0,,,,,,,,,-13172000.0,,-725000.0,12464144000.0,9451944000.0,3012200000.0,0.74,0.74,定期报告,未审计,20240824,CNY,合并期末,2024-08-23T17:52:05
3,20240331,45394500000.0,45394500000.0,,,,,,37250708000.0,33115104000.0,,,,,,,,,1925874000.0,121107000.0,165078000.0,1270621000.0,652924000.0,688510000.0,,444478000.0,444478000.0,,,,,,,,97645000.0,,,,-1911000.0,8695769000.0,25471000.0,,37624000.0,,8683616000.0,2055733000.0,,6627883000.0,6627883000.0,,4969520000.0,,1658363000.0,-22715000.0,-19713000.0,,,,,,-19713000.0,,,-2760000.0,,,,,,-16953000.0,,-3002000.0,6605168000.0,4949807000.0,1655361000.0,0.37,0.37,定期报告,未审计,20240425,CNY,合并期末,2024-04-24T17:17:05
4,20231231,192968833000.0,192968833000.0,,,,,,162823878000.0,144595336000.0,,,,,,,,,7815606000.0,916187000.0,1049523000.0,5452301000.0,2994925000.0,3064810000.0,,3004654000.0,2991763000.0,,,,,,,,314551000.0,,,,-18614000.0,33099450000.0,129074000.0,,179790000.0,,33048734000.0,7299934000.0,,25748800000.0,25748800000.0,,19534049000.0,,6214751000.0,-471280000.0,-470223000.0,-482507000.0,,-917000.0,-481590000.0,,12284000.0,,,,,,,,,7835000.0,,-1057000.0,25277520000.0,19063826000.0,6213694000.0,1.47,1.47,定期报告,是,20250322,CNY,合并期末,2024-03-20T17:47:03
5,20230930,156208514000.0,156208514000.0,,,,,,130958284000.0,118270925000.0,,,,,,,,,5779211000.0,497266000.0,699489000.0,3417405000.0,2293988000.0,2365485000.0,,2508065000.0,2507850000.0,,,,,,,,179764000.0,,,,-5244000.0,27879148000.0,89391000.0,,66969000.0,,27901570000.0,6142550000.0,,21759020000.0,21759020000.0,,16688039000.0,,5070981000.0,114370000.0,120264000.0,137734000.0,,-485000.0,138219000.0,,-17470000.0,,,-298000.0,,-5366000.0,,,,-11806000.0,,-5894000.0,21873390000.0,16808303000.0,5065087000.0,1.26,1.26,定期报告,未审计,20241024,CNY,合并期末,2024-10-23T18:52:04
6,20230630,109356726000.0,109356726000.0,,,,,,91120421000.0,82616901000.0,,,,,,,,,3933533000.0,321910000.0,455731000.0,2219109000.0,1573237000.0,1603092000.0,,1829663000.0,1829448000.0,,,,,,,,128707000.0,,,,-2323000.0,20137551000.0,52284000.0,,51914000.0,,20137921000.0,4484701000.0,,15653220000.0,15653220000.0,,11834895000.0,,3818325000.0,138953000.0,140076000.0,137246000.0,,-485000.0,137731000.0,,2830000.0,,,,,,,,,4510000.0,,-1123000.0,15792173000.0,11974971000.0,3817202000.0,0.89,0.89,定期报告,未审计,20240824,CNY,合并期末,2024-08-23T17:52:05
7,20230331,59158383000.0,59158383000.0,,,,,,48161679000.0,43876704000.0,,,,,,,,,2117387000.0,126761000.0,217585000.0,1080483000.0,742759000.0,713708000.0,,983862000.0,983862000.0,,,,,,,,50292000.0,,,,53000.0,12044597000.0,15314000.0,,22692000.0,,12037219000.0,2614602000.0,,9422617000.0,9422617000.0,,7155268000.0,,2267349000.0,-37774000.0,-30607000.0,,,,,,-30607000.0,,,-14435000.0,,-2357000.0,,,,-13815000.0,,-7167000.0,9384843000.0,7124661000.0,2260182000.0,0.54,0.54,定期报告,未审计,20240425,CNY,合并期末,2023-04-27T20:07:10
8,20221231,220576859000.0,220576859000.0,,,,,,183689845000.0,165158439000.0,,,,,,,,,7856727000.0,771490000.0,928768000.0,5246414000.0,3728007000.0,3856932000.0,,5035364000.0,4780387000.0,,,,,,,,252225000.0,,,,8774000.0,33165752000.0,273113000.0,,541602000.0,,32897263000.0,7498345000.0,,25398918000.0,25398918000.0,,18259055000.0,,7139863000.0,721894000.0,713646000.0,686016000.0,,-68349000.0,754365000.0,,27630000.0,,,,,,,,,4396000.0,,8248000.0,26120812000.0,18972701000.0,7148111000.0,1.38,1.38,定期报告,是,20240321,CNY,合并期末,2023-03-23T22:47:05
9,20220930,175344940000.0,175344940000.0,,,,,,143176204000.0,130148180000.0,,,,,,,,,5902572000.0,474165000.0,687439000.0,3041251000.0,2922597000.0,2979330000.0,,3928092000.0,3923456000.0,,,,,,,,148762000.0,,,,5011000.0,34335121000.0,102950000.0,,94726000.0,,34343345000.0,7554453000.0,,26788892000.0,26788892000.0,,19327686000.0,,7461206000.0,146618000.0,146221000.0,140180000.0,,,140180000.0,,6041000.0,,,12500000.0,,-899000.0,,,,-5560000.0,,397000.0,26935510000.0,19473907000.0,7461603000.0,1.46,1.46,定期报告,未审计,20231026,CNY,合并期末,2022-10-26T17:17:05
10,20220630,118038729000.0,118038729000.0,,,,,,95603742000.0,87042440000.0,,,,,,,,,3888402000.0,316246000.0,371682000.0,1948988000.0,2035984000.0,2068566000.0,,3041920000.0,3038429000.0,,,,,,,,109283000.0,,,,5161000.0,23676069000.0,36124000.0,,55640000.0,,23656553000.0,5196572000.0,,18459981000.0,18459981000.0,,13376243000.0,,5083738000.0,152605000.0,153442000.0,149545000.0,,,149545000.0,,3897000.0,,,11174000.0,,-690000.0,,,,-6587000.0,,-837000.0,18612586000.0,13529685000.0,5082901000.0,1.01,1.01,定期报告,未审计,20230825,CNY,合并期末,2023-08-24T22:52:03
11,20220331,61729684000.0,61729684000.0,,,,,,51140868000.0,46894794000.0,,,,,,,,,1845585000.0,133256000.0,206585000.0,1079160000.0,981488000.0,903870000.0,,1265477000.0,1265477000.0,,,,,,,,39673000.0,,,,3553000.0,11917477000.0,15463000.0,,34986000.0,,11897954000.0,2487084000.0,,9410870000.0,9410870000.0,,6792681000.0,,2618189000.0,9914000.0,8455000.0,,,,,,8455000.0,,,-1159000.0,,-872000.0,,,,10486000.0,,1459000.0,9420784000.0,6801136000.0,2619648000.0,0.51,0.51,定期报告,未审计,20230428,CNY,合并期末,2022-04-27T17:37:05
12,20211231,239828439000.0,239828439000.0,,,,,,213569875000.0,197231700000.0,,,,,,,,,6434774000.0,665662000.0,818491000.0,4462279000.0,3956969000.0,4096772000.0,,3544569000.0,3542083000.0,,,,,,,,198947000.0,,,,-13510000.0,26008097000.0,237065000.0,,174118000.0,,26071044000.0,6582420000.0,,19488624000.0,19488624000.0,,13739271000.0,2641000.0,5749353000.0,46183000.0,50617000.0,90568000.0,,,90568000.0,,-39951000.0,,,,,,,,,-33924000.0,,-4434000.0,19534807000.0,13789888000.0,5744919000.0,1.04,1.04,定期报告,是,20230324,CNY,合并期末,2022-03-24T20:32:04
13,20210930,167571903000.0,167571903000.0,,,,,,148653176000.0,137534972000.0,,,,,,,,,4393790000.0,350447000.0,632434000.0,2767581000.0,2973952000.0,3064554000.0,,2716475000.0,2714875000.0,,,,,,,,149092000.0,,,,-17748000.0,20977125000.0,82342000.0,,149387000.0,,20910080000.0,4519929000.0,,16390151000.0,16390151000.0,,11920746000.0,,4469405000.0,-33254000.0,-24337000.0,10235000.0,,,10235000.0,,-34572000.0,,,-4069000.0,,-1094000.0,,,,-29409000.0,,-8917000.0,16356897000.0,11896409000.0,4460488000.0,0.9,0.9,定期报告,未审计,20221027,CNY,合并期末,2021-10-27T17:22:04
14,20210630,102179485000.0,102179485000.0,,,,,,90702555000.0,83616374000.0,,,,,,,,,2755328000.0,215343000.0,376862000.0,1741346000.0,1997302000.0,2061415000.0,,1750666000.0,1749066000.0,,,,,,,,77532000.0,,,,-19568000.0,13267517000.0,31930000.0,,33851000.0,,13265596000.0,2952560000.0,,10313036000.0,10313036000.0,,7615078000.0,,2697958000.0,-16630000.0,-8730000.0,10235000.0,,,10235000.0,,-18965000.0,,,-968000.0,,-1445000.0,,,,-16552000.0,,-7900000.0,10296406000.0,7606348000.0,2690058000.0,0.57,0.57,定期报告,未审计,20220826,CNY,合并期末,2021-08-25T18:47:03
15,20210331,46235922000.0,46235922000.0,,,,,,41010438000.0,37570154000.0,,,,,,,,,1294391000.0,81433000.0,198083000.0,867764000.0,998613000.0,1014866000.0,,828102000.0,828102000.0,,,,,,,,27741000.0,,,,3156000.0,6084321000.0,14230000.0,,11221000.0,,6087330000.0,1373104000.0,,4714226000.0,4714226000.0,,3516799000.0,13581400000.0,1197427000.0,-11095000.0,-8508000.0,,,,,,-8508000.0,,,-4824000.0,,,,,,-3684000.0,,-2587000.0,4703131000.0,3508291000.0,1194840000.0,0.27,0.27,定期报告,未审计,20220428,CNY,合并期末,2021-04-22T17:37:03
16,20201231,140964681000.0,140964681000.0,,,,,,130064188000.0,116436455000.0,,,,,,,,,4107710000.0,523328000.0,721621000.0,3745601000.0,4529473000.0,4666871000.0,,1313213000.0,1308238000.0,,,,,,,,168335000.0,,,,82000.0,12329135000.0,118129000.0,,119831000.0,,12327433000.0,3398762000.0,,8928671000.0,8928671000.0,,5907091000.0,2924000.0,3021580000.0,-22360000.0,-29365000.0,-50781000.0,,308000.0,-51089000.0,,21416000.0,,,,,,,,,8665000.0,,7005000.0,8906311000.0,5877726000.0,3028585000.0,0.45,0.45,定期报告,是,20220325,CNY,合并期末,2021-03-24T21:02:03
17,20200930,100244308000.0,100244308000.0,,,,,,91967969000.0,73127779000.0,,,,,,,,,2947297000.0,236521000.0,9541258000.0,2617921000.0,3497193000.0,3602335000.0,,565247000.0,563647000.0,,,,,,,,115782000.0,,,,1433000.0,8912156000.0,50280000.0,,63246000.0,,8899190000.0,2371676000.0,,6527514000.0,6527514000.0,,4154393000.0,,2373121000.0,850000.0,-2286000.0,-15173000.0,,,-15173000.0,,12887000.0,,,20685000.0,,-2005000.0,,,,-5793000.0,,3136000.0,6528364000.0,4152107000.0,2376257000.0,0.31,0.31,定期报告,未审计,20211028,CNY,合并期末,2020-10-28T17:42:04
18,20200630,61393186000.0,61393186000.0,,,,,,56192821000.0,44181591000.0,,,,,,,,,1916788000.0,119365000.0,6030568000.0,1566634000.0,2377875000.0,2469701000.0,,210111000.0,208511000.0,,,,,,,,83766000.0,,,,-1499000.0,5464103000.0,26467000.0,,43359000.0,,5447211000.0,1607883000.0,,3839328000.0,3839328000.0,,2309554000.0,2424000.0,1529774000.0,3528000.0,-1131000.0,-15173000.0,,,-15173000.0,,14042000.0,,,,,,,,,-96000.0,,4659000.0,3842856000.0,2308423000.0,1534433000.0,0.17,0.17,定期报告,未审计,20210826,CNY,合并期末,2020-08-29T02:12:04
19,20200331,27520485000.0,27520485000.0,,,,,,25445716000.0,19606770000.0,,,,,,,,,914015000.0,42857000.0,2746953000.0,964682000.0,1170439000.0,1263321000.0,,46460000.0,46460000.0,,,,,,,,29855000.0,,,,,2154798000.0,4775000.0,,9403000.0,,2150170000.0,742139000.0,,1408031000.0,1408031000.0,,648488000.0,,759543000.0,-34759000.0,-34074000.0,,,,,,-34074000.0,,,9906000.0,,,,,,-43980000.0,,-685000.0,1373272000.0,614414000.0,758858000.0,0.05,0.05,定期报告,未审计,20210423,CNY,合并期末,2021-04-22T17:37:03
20,20191231,129334706000.0,129334706000.0,,,,,,119355972000.0,93208133000.0,,,,,,,,,3892043000.0,287667000.0,13285623000.0,3928645000.0,4753861000.0,4882121000.0,,2484281000.0,2474774000.0,,,,,,,,181791000.0,,,,4428000.0,11979126000.0,303783000.0,,132293000.0,,12150616000.0,3553617000.0,,8596999000.0,8596999000.0,,5628607000.0,4255000.0,2968392000.0,-27557000.0,-36328000.0,-61259000.0,,12915000.0,-74174000.0,,24931000.0,,,,,,,,,6182000.0,,8771000.0,8569442000.0,5592279000.0,2977163000.0,0.42,0.42,定期报告,是,20210325,CNY,合并期末,2020-03-21T02:47:03
21,20190930,94255021000.0,94255021000.0,,,,,,84900356000.0,65167262000.0,,,,,,,,,3054188000.0,156053000.0,10190006000.0,2774468000.0,3558379000.0,3621472000.0,,2029427000.0,2028735000.0,,,,,,,,114594000.0,,,,4032000.0,11471583000.0,285837000.0,,93524000.0,,11663896000.0,2899433000.0,,8764463000.0,8764463000.0,,5762084000.0,,3002379000.0,-6054000.0,-13316000.0,-40752000.0,,,-40752000.0,,27436000.0,,,26189000.0,,,,,,1247000.0,,7262000.0,8758409000.0,5748768000.0,3009641000.0,0.43,0.43,定期报告,未审计,20201029,CNY,合并期末,2020-03-13T16:00:40
22,20190630,61042809000.0,61042809000.0,,,,,,54534436000.0,41696520000.0,,,,,,,,,2024967000.0,88230000.0,6672751000.0,1734381000.0,2317587000.0,2355828000.0,,1396804000.0,1396255000.0,,,,,,,,83465000.0,,,,3914000.0,7981144000.0,19578000.0,,52947000.0,,7947775000.0,1992435000.0,,5955340000.0,5955340000.0,,3788560000.0,1632000.0,2166780000.0,-19138000.0,-23803000.0,-41019000.0,,,-41019000.0,,17216000.0,,,17684000.0,,,,,,-468000.0,,4665000.0,5936202000.0,3764757000.0,2171445000.0,0.29,0.29,定期报告,未审计,20200829,CNY,合并期末,2020-03-13T16:00:40
23,20190331,29552412000.0,29552412000.0,,,,,,26704724000.0,20698940000.0,,,,,,,,,969812000.0,43177000.0,3182771000.0,842898000.0,967126000.0,1133975000.0,,541719000.0,541719000.0,,,,,,,,34949000.0,,-3822000.0,,280000.0,3428458000.0,12737000.0,,15898000.0,,3425297000.0,835354000.0,,2589943000.0,2589943000.0,,1541065000.0,,1048878000.0,14661000.0,10801000.0,,,,,,10801000.0,,,16678000.0,,,,,,-5877000.0,,3860000.0,2604604000.0,1551866000.0,1052738000.0,0.12,0.12,定期报告,未审计,20200429,CNY,合并期末,2020-03-13T16:00:40
24,20181231,104140084000.0,104140084000.0,,,,,,96138020000.0,74314057000.0,,,,,,,,,3252816000.0,216615000.0,10593623000.0,4103909000.0,3657000000.0,4363634000.0,,1922215000.0,1916374000.0,,,,,,,,158215000.0,1106332000.0,136397000.0,,-14526000.0,8822258000.0,170865000.0,,282908000.0,,8710215000.0,2564818000.0,,6145397000.0,6145397000.0,,3352389000.0,82189000.0,2793008000.0,-169744000.0,-167319000.0,-172294000.0,,,-172294000.0,,4975000.0,,,23113000.0,,,,,,-18138000.0,,-2425000.0,5975653000.0,3185070000.0,2790583000.0,0.25,0.25,定期报告,是,20200321,CNY,合并期末,2020-03-13T16:00:40
25,20180930,77137425000.0,77137425000.0,,,,,,69800383000.0,54342203000.0,,,,,,,,,2304694000.0,117141000.0,7667160000.0,2664802000.0,2704383000.0,3171281000.0,,1323297000.0,1322787000.0,,,,,,,,94183000.0,36042000.0,7197000.0,,-10281000.0,8701002000.0,40936000.0,,115442000.0,,8626496000.0,2308932000.0,,6317564000.0,6317564000.0,,4063985000.0,,2253579000.0,-122720000.0,-124607000.0,-125197000.0,,,-125197000.0,,590000.0,,,8585000.0,,,,,,-7995000.0,,1887000.0,6194844000.0,3939378000.0,2255466000.0,0.31,0.31,定期报告,未审计,20191029,CNY,合并期末,2020-03-13T16:00:40
26,20180630,50317608000.0,50317608000.0,,,,,,45204314000.0,35036741000.0,,,,,,,,,1527347000.0,27203000.0,5107956000.0,1750820000.0,1754247000.0,2094030000.0,,847806000.0,847426000.0,,,,,,,,68924000.0,29181000.0,7197000.0,,-20082000.0,5973564000.0,29001000.0,,47921000.0,,5954644000.0,1664832000.0,,4289812000.0,4289812000.0,,2709344000.0,,1580468000.0,-130953000.0,-133626000.0,-125197000.0,,,-125197000.0,,-8429000.0,,,8645000.0,,,,,,-17074000.0,,2673000.0,4158859000.0,2575718000.0,1583141000.0,0.2,0.2,定期报告,未审计,20190824,CNY,合并期末,2020-03-13T16:00:40
27,20180331,25955736000.0,25955736000.0,,,,,,23429516000.0,18548472000.0,,,,,,,,,713163000.0,27833000.0,2462749000.0,858762000.0,814737000.0,963767000.0,,341818000.0,341314000.0,,,,,,,,36658000.0,3800000.0,3800000.0,,,2904696000.0,12247000.0,,19724000.0,,2897219000.0,706528000.0,,2190691000.0,2190691000.0,,1391746000.0,,798945000.0,-7636000.0,-7636000.0,,,,,,-7636000.0,,,,,,,,,-7636000.0,,,2183055000.0,1384110000.0,798945000.0,0.105,0.105,定期报告,未审计,20190424,CNY,合并期末,2020-03-13T16:00:40
28,20171231,81512560000.0,81512560000.0,,,,,,77042579000.0,55346730000.0,,,,,,,,,2671595000.0,147780000.0,9974904000.0,3591392000.0,3343564000.0,3870908000.0,,1228396000.0,1088055000.0,,,,,,,,198008000.0,1966614000.0,,,85777000.0,5982162000.0,77959000.0,,164433000.0,,5895688000.0,1703246000.0,,4192442000.0,4192442000.0,,2291775000.0,253627000.0,1900667000.0,6076000.0,6076000.0,,,,,,6076000.0,,1065000.0,,,,,,,5011000.0,,,4198518000.0,2297851000.0,1900667000.0,0.17,0.17,定期报告,是,20190316,CNY,合并期末,2020-03-13T16:00:40
29,20170930,59977227000.0,59977227000.0,,,,,,55278348000.0,39567328000.0,,,,,,,,,1936179000.0,81012000.0,7477077000.0,2351197000.0,2459349000.0,2827853000.0,,788713000.0,777005000.0,,,,,,,,91153000.0,1406206000.0,0.0,,92325000.0,5671070000.0,71586000.0,159712000.0,84764000.0,50088000.0,5657892000.0,1676385000.0,,3981507000.0,3981507000.0,,2332026000.0,,1649481000.0,8057000.0,8057000.0,,,,,,8057000.0,944000.0,944000.0,,,,,,,7113000.0,,0.0,3989564000.0,2340083000.0,1649481000.0,0.18,0.18,定期报告,未审计,20181024,CNY,合并期末,2020-03-13T16:00:40
30,20170630,37330161000.0,37330161000.0,,,,,,33948959000.0,23653389000.0,,,,,,,,,1313801000.0,50815000.0,4967933000.0,1524499000.0,1626669000.0,1927977000.0,,390096000.0,388917000.0,,,,,,,,64040000.0,811853000.0,,,92325000.0,3927663000.0,39880000.0,141001000.0,83210000.0,48665000.0,3884333000.0,1112893000.0,,2771440000.0,2771440000.0,,1645236000.0,,1126204000.0,12661000.0,12661000.0,,,,,,12661000.0,,944000.0,,,,,,,11717000.0,,,2784101000.0,1657897000.0,1126204000.0,0.12,0.13,定期报告,未审计,20180822,CNY,合并期末,2020-03-13T16:00:40
31,20170331,17864765000.0,17864765000.0,,,,,,15690139000.0,10628165000.0,,,,,,,,,667979000.0,,2532946000.0,831673000.0,881859000.0,,,169020000.0,169020000.0,,,,,,,,62077000.0,147517000.0,,,,2405723000.0,17589000.0,123000.0,8103000.0,3972000.0,2415209000.0,575331000.0,,1839878000.0,1839878000.0,,1170967000.0,,668911000.0,9854000.0,9854000.0,,,,,,9854000.0,,,,,,,,,9854000.0,,,1849732000.0,1180821000.0,668911000.0,0.088,0.088,定期报告,未审计,20180428,CNY,合并期末,2020-03-13T16:00:40
32,20161231,60664109000.0,60664109000.0,,,,,,58872886000.0,40348492000.0,,,,,,,,,1900164000.0,,8761299000.0,3520653000.0,3742465000.0,,,1642717000.0,611327000.0,,,,,,,,,599813000.0,,,-155703000.0,3278237000.0,154790000.0,43796000.0,60524000.0,199499000.0,3372503000.0,439734000.0,,2932769000.0,2932769000.0,,2027593000.0,,905176000.0,24054000.0,24054000.0,,,,,,24054000.0,,-1622000.0,,,,,,,25676000.0,,,2956823000.0,2051647000.0,905176000.0,0.15,0.15,定期报告,是,20180321,CNY,合并期末,2020-03-13T16:00:40
33,20160930,41489247000.0,41489247000.0,,,,,,41676118000.0,28697353000.0,,,,,,,,,1043402000.0,,6535845000.0,2283900000.0,3002050000.0,,,1339608000.0,425337000.0,,,,,,,,,113568000.0,,,,1152737000.0,137071000.0,1355000.0,24234000.0,5493000.0,1265574000.0,-50374000.0,,1315948000.0,,,893691000.0,,422257000.0,29941000.0,29941000.0,,,,,,29941000.0,,-1961000.0,,,,,,,31902000.0,,,1345889000.0,923632000.0,422257000.0,0.07,0.07,定期报告,未审计,20171028,CNY,合并期末,2020-03-13T16:00:40
34,20160630,26300798000.0,26300798000.0,,,,,,26818778000.0,18182506000.0,,,,,,,,,648072000.0,,4425987000.0,1416284000.0,2037545000.0,,,1206261000.0,270048000.0,,,,,,,,,108384000.0,,,,688281000.0,79312000.0,31131000.0,19652000.0,98000.0,747941000.0,-151367000.0,,899308000.0,,,616407000.0,,282901000.0,15031000.0,15031000.0,,,,,,15031000.0,,-1961000.0,,,,,,-592000.0,17584000.0,,,914339000.0,631438000.0,282901000.0,0.05,0.05,定期报告,未审计,20170824,CNY,合并期末,2020-03-13T16:00:40
35,20160331,12512676000.0,12512676000.0,,,,,,12754253000.0,8521688000.0,,,,,,,,,313939000.0,,2349662000.0,662699000.0,1005511000.0,,,36693000.0,34026000.0,,,,,,,,,-99246000.0,,,,-204884000.0,54063000.0,30049000.0,26735000.0,20706000.0,-177556000.0,-35511000.0,,-142045000.0,,,-223082000.0,,81037000.0,-21560000.0,-21560000.0,,,,,,-21560000.0,,-2083000.0,,,,,,,-19477000.0,,,-163605000.0,-244642000.0,81037000.0,-0.017,-0.017,定期报告,未审计,20170428,CNY,合并期末,2020-03-13T16:00:40
36,20151231,59270865000.0,59270865000.0,,,,,,62477986000.0,40695555000.0,,,,,,,,,1492708000.0,,12296624000.0,3687977000.0,3981210000.0,,,444660000.0,359076000.0,,,,,,,,,323912000.0,,,,-2762461000.0,354766000.0,10633000.0,117360000.0,51072000.0,-2525055000.0,-460876000.0,,-2064179000.0,,,-2520089000.0,,455910000.0,-9268000.0,-9268000.0,,,,,,-9268000.0,,-872000.0,,,,,,,-8396000.0,,,-2073447000.0,-2529357000.0,455910000.0,-0.19,-0.19,定期报告,是,20170323,CNY,合并期末,2020-03-13T16:00:40
37,20150930,44878835000.0,44878835000.0,,,,,,47005799000.0,30998773000.0,,,,,,,,,1126330000.0,,9150958000.0,2587092000.0,3047536000.0,,,275274000.0,227379000.0,,,,,,,,,95110000.0,,,,-1851690000.0,124604000.0,5710000.0,49216000.0,30522000.0,-1776302000.0,-441801000.0,,-1334501000.0,,,-1666302000.0,,331801000.0,-16636000.0,-16636000.0,,,,,,-16636000.0,,3487000.0,,,,,,,-20123000.0,,,-1351137000.0,-1682938000.0,331801000.0,-0.13,-0.13,定期报告,未审计,20161029,CNY,合并期末,2020-03-13T16:00:40
38,20150630,29746556000.0,29746556000.0,,,,,,31011774000.0,20502276000.0,,,,,,,,,827539000.0,,5862857000.0,1745316000.0,1955408000.0,,,216948000.0,169053000.0,,,,,,,,,118378000.0,,,,-1048270000.0,89446000.0,4706000.0,29713000.0,19278000.0,-988537000.0,-251536000.0,,-737001000.0,,,-965205000.0,,228204000.0,-8032000.0,-8032000.0,,,,,,-8032000.0,,3485000.0,,,,,,,-11517000.0,,,-745033000.0,-973237000.0,228204000.0,-0.07,-0.07,定期报告,未审计,20160825,CNY,合并期末,2020-03-13T16:00:40
39,20150331,13075000000.0,13075000000.0,,,,,,13104539000.0,9185251000.0,,,,,,,,,351537000.0,,2010875000.0,810726000.0,733409000.0,,,60009000.0,49003000.0,,,,,,,,,12741000.0,,,,30470000.0,94571000.0,965000.0,6276000.0,1963000.0,118765000.0,35820000.0,,82945000.0,,,15139000.0,,67806000.0,-12495000.0,-12495000.0,,,,,,-12495000.0,,-993000.0,,,,,,,-11502000.0,,,70450000.0,2644000.0,67806000.0,0.001,0.001,定期报告,未审计,20160428,CNY,合并期末,2020-03-13T16:00:40
40,20141231,70663840000.0,70663840000.0,,,,,,69704345000.0,49434386000.0,,,,,,,,,1078112000.0,,12553617000.0,4179005000.0,1951873000.0,,,456950000.0,108908000.0,,,,,,,,,507352000.0,,,,1416445000.0,300139000.0,7251000.0,195232000.0,71058000.0,1521352000.0,299301000.0,,1222051000.0,,,766681000.0,,455370000.0,-12917000.0,-12917000.0,,,,,,-12917000.0,,7167000.0,,,,,,,-20084000.0,,,1209134000.0,753764000.0,455370000.0,0.06,0.06,定期报告,是,20160323,CNY,合并期末,2020-03-13T16:00:40
41,20140930,52079324000.0,52079324000.0,,,,,,50888166000.0,36114339000.0,,,,,,,,,878183000.0,,9459070000.0,2949683000.0,1323932000.0,,,161587000.0,161744000.0,,,,,,,,,162959000.0,,,,1352745000.0,117926000.0,7198000.0,46978000.0,12790000.0,1423693000.0,458453000.0,,965240000.0,,,659202000.0,,306038000.0,-680000.0,-680000.0,,,,,,-680000.0,,1090000.0,,,,,,,-1770000.0,,,964560000.0,658522000.0,306038000.0,0.05,0.05,定期报告,未审计,20151028,CNY,合并期末,2020-03-13T16:00:40
42,20140630,35434584000.0,35434584000.0,,,,,,34168487000.0,23890733000.0,,,,,,,,,622101000.0,,6606834000.0,1984244000.0,894480000.0,,,73377000.0,73534000.0,,,,,,,,,170095000.0,,,,1339474000.0,82924000.0,3979000.0,28946000.0,11615000.0,1393452000.0,481347000.0,,912105000.0,,,686303000.0,,225802000.0,12861000.0,12861000.0,,,,,,12861000.0,,97000.0,,,,,,,12764000.0,,,924966000.0,699164000.0,225802000.0,0.05,0.05,定期报告,未审计,20150822,CNY,合并期末,2020-03-13T16:00:40
43,20140331,16858658000.0,16858658000.0,,,,,,15935349000.0,10944881000.0,,,,,,,,,325130000.0,,3211203000.0,1067666000.0,387009000.0,,,18314000.0,18314000.0,,,,,,,,,-540000.0,,,,941623000.0,16024000.0,2993000.0,10002000.0,5472000.0,947645000.0,248951000.0,,698694000.0,,,538160000.0,,160534000.0,4504000.0,4504000.0,,,,,,4504000.0,,-145000.0,,,,,,,4649000.0,,,703198000.0,542664000.0,160534000.0,0.04,0.04,定期报告,未审计,20150425,CNY,合并期末,2020-03-13T16:00:40
44,20131231,82316482000.0,82316482000.0,,,,,,76510468000.0,56141963000.0,,,,,,,,,1293811000.0,,13787598000.0,4420372000.0,629767000.0,,,85124000.0,93736000.0,,,,,,,,,236957000.0,,,,5891138000.0,172281000.0,28262000.0,41913000.0,4102000.0,6021506000.0,1725767000.0,,4295739000.0,,,3575602000.0,,720137000.0,-18784000.0,-18784000.0,,,,,,-18784000.0,,-2663000.0,,,,,,,-16121000.0,,,4276955000.0,3556818000.0,720137000.0,0.27,0.27,定期报告,是,20150321,CNY,合并期末,2020-03-13T16:00:40
45,20130930,59609662000.0,59609662000.0,,,,,,54583311000.0,40075384000.0,,,,,,,,,969024000.0,,9967550000.0,3147454000.0,390898000.0,,,77022000.0,71216000.0,,,,,,,,,33001000.0,,,,5103373000.0,76728000.0,,42862000.0,11789000.0,5137239000.0,1285551000.0,,3851688000.0,,,3182008000.0,,669680000.0,-13507000.0,,,,,,,,,,,,,,,,,,,3838181000.0,3168501000.0,669680000.0,0.24,0.24,定期报告,未审计,20141024,CNY,合并期末,2020-03-13T16:00:40
46,20130630,40398169000.0,40398169000.0,,,,,,36008530000.0,26927983000.0,,,,,,,,,653888000.0,,6247222000.0,1983788000.0,156112000.0,,,86212000.0,83866000.0,,,,,,,,,39537000.0,,,,4475851000.0,44021000.0,,33108000.0,13311000.0,4486764000.0,1165687000.0,,3321077000.0,,,2741538000.0,,579539000.0,-27993000.0,,,,,,,,,,,,,,,,,,,3293084000.0,2713545000.0,579539000.0,0.21,0.21,定期报告,未审计,20140816,CNY,合并期末,2020-03-13T16:00:40
47,20130331,20125066000.0,20125066000.0,,,,,,17547986000.0,12996843000.0,,,,,,,,,327024000.0,,3146261000.0,1032462000.0,44773000.0,,,24671000.0,24671000.0,,,,,,,,,623000.0,,,,2601751000.0,12740000.0,,18352000.0,4121000.0,2596139000.0,606563000.0,,1989576000.0,,,1655255000.0,,334321000.0,-618000.0,,,,,,,,,,,,,,,,,,,1988958000.0,1654637000.0,334321000.0,0.12,0.12,定期报告,未审计,20140426,CNY,合并期末,2020-03-13T16:00:40
48,20121231,87291670000.0,87291670000.0,,,,,,74058863000.0,55715705000.0,,,,,,,,,1371632000.0,,12217072000.0,4266482000.0,254004000.0,,,73917000.0,102199000.0,,,,,,,,,233968000.0,,,,13306724000.0,293293000.0,,188030000.0,78455000.0,13411987000.0,3401917000.0,,10010070000.0,,,9281401000.0,136390000.0,728669000.0,4325000.0,,,,,,,,,,,,,,,,,,,10014395000.0,9285726000.0,728669000.0,0.7,0.7,定期报告,是,20140319,CNY,合并期末,2020-03-13T16:00:40
49,20120930,65065177000.0,65065177000.0,,,,,,55459343000.0,41924496000.0,,,,,,,,,1006025000.0,,8912582000.0,3032284000.0,381323000.0,,,231232000.0,224797000.0,,,,67000.0,,,,,202633000.0,,,,9837133000.0,114823000.0,,69202000.0,19048000.0,9882754000.0,2490641000.0,,7392113000.0,,,6946554000.0,,445559000.0,-4433000.0,,,,,,,,,,,,,,,,,,,7387680000.0,6942121000.0,445559000.0,0.52,0.52,定期报告,未审计,20131026,CNY,合并期末,2020-03-13T16:00:40
50,20120630,45719981000.0,45719981000.0,,,,,,39087630000.0,29947065000.0,,,,,,,,,722360000.0,,5847717000.0,2211729000.0,172593000.0,,,214410000.0,207975000.0,,,,,,,,,186166000.0,,,,6846761000.0,93843000.0,,53712000.0,18632000.0,6886892000.0,1723516000.0,,5163376000.0,,,4844324000.0,100038000.0,319052000.0,825000.0,,,,,,,,,,,,,,,,,,,5164201000.0,4845149000.0,319052000.0,0.37,0.37,定期报告,未审计,20130821,CNY,合并期末,2020-03-13T16:00:40
51,20120331,22224833000.0,22224833000.0,,,,,,18455178000.0,13921476000.0,,,,,,,,,362291000.0,,3015183000.0,1108016000.0,46682000.0,,,-13978000.0,-11118000.0,,,,,,,,,1530000.0,,,,3755677000.0,19702000.0,,13706000.0,380000.0,3761673000.0,935699000.0,,2825974000.0,,,2661931000.0,,164043000.0,5275000.0,,,,,,,,,,,,,,,,,,,2831249000.0,2667206000.0,164043000.0,0.2,0.2,定期报告,未审计,20130427,CNY,合并期末,2020-03-13T16:00:40
52,20111231,90864746000.0,90864746000.0,,,,,,77466265000.0,60528666000.0,,,,,,,,,1375731000.0,,10509483000.0,4737219000.0,197699000.0,,,304963000.0,294280000.0,,,,,,,,,117467000.0,,,,13703444000.0,205021000.0,,57186000.0,19868000.0,13851279000.0,3339649000.0,,10511630000.0,,,9666806000.0,206264000.0,844824000.0,-7862000.0,,,,,,,,,,,,,,,,,,,10503768000.0,9658944000.0,844824000.0,0.73,0.73,定期报告,是,20130316,CNY,合并期末,2020-03-13T16:00:40
53,20110930,67173671000.0,67173671000.0,,,,,,56387087000.0,44285905000.0,,,,,,,,,1014698000.0,,7810615000.0,3082830000.0,99177000.0,,,55037000.0,54116000.0,,,,1115000.0,,,,,93862000.0,,,,10842736000.0,69638000.0,,25659000.0,1527000.0,10886715000.0,2612951000.0,,8273764000.0,,,7637621000.0,,636143000.0,-9436000.0,,,,,,,,,,,,,,,,,,,8264328000.0,7628185000.0,636143000.0,0.58,0.58,定期报告,未审计,20121024,CNY,合并期末,2020-03-13T16:00:40
54,20110630,43098234000.0,43098234000.0,,,,,,35976573000.0,28084174000.0,,,,,,,,,693160000.0,,5141428000.0,1950778000.0,18480000.0,,,35361000.0,34847000.0,,,,5000.0,,,,,88553000.0,,,,7157027000.0,46210000.0,,20551000.0,747000.0,7182686000.0,1767114000.0,,5415572000.0,,,4973888000.0,,441684000.0,-3420000.0,,,,,,,,,,,,,,,,,,,5412152000.0,4970468000.0,441684000.0,0.38,0.38,定期报告,未审计,20120822,CNY,合并期末,2020-03-13T16:00:40
55,20110331,20909106000.0,20909106000.0,,,,,,17665802000.0,13808219000.0,,,,,,,,,390166000.0,,2566042000.0,888492000.0,12319000.0,,,6065000.0,6065000.0,,,,,,,,,564000.0,,,,3249369000.0,21027000.0,,13007000.0,319000.0,3257389000.0,782958000.0,,2474431000.0,,,2300265000.0,,174166000.0,462000.0,,,,,,,,,,,,,,,,,,,2474839000.0,2300727000.0,174166000.0,0.17,0.17,定期报告,未审计,20120428,CNY,合并期末,2020-03-13T16:00:40
56,20101231,71268417000.0,71268417000.0,,,,,,61327328000.0,47449361000.0,,,,,,,,,1174810000.0,,9028321000.0,3326995000.0,108976000.0,,,-95919000.0,46290000.0,,,,4587000.0,,,,,238865000.0,,,,9849757000.0,451403000.0,,79555000.0,7328000.0,10221605000.0,2650876000.0,,7570729000.0,,,6908978000.0,,661751000.0,-16374000.0,,,,,,,,,,,,,,,,,,,7554355000.0,6892604000.0,661751000.0,0.52,0.52,定期报告,是,20120328,CNY,合并期末,2020-03-13T16:00:40
57,20100930,52564210000.0,52564210000.0,,,,,,43977261000.0,33759997000.0,,,,,,,,,929288000.0,,6874113000.0,2267715000.0,34292000.0,,,14051000.0,-11378000.0,,,,4622000.0,,,,,111856000.0,,,,8605622000.0,350487000.0,,67968000.0,635000.0,8888141000.0,2284668000.0,,6603473000.0,,,6064979000.0,,538494000.0,-12324000.0,,,,,,,,,,,,,,,,,,,6591149000.0,6052655000.0,538494000.0,0.46,0.46,定期报告,未审计,20111022,CNY,合并期末,2020-03-13T16:00:40
58,20100630,35560714000.0,35560714000.0,,,,,,29235405000.0,22313208000.0,,,,,,,,,691366000.0,,4621479000.0,1491598000.0,1439000.0,,,26448000.0,15705000.0,,,,7802000.0,,,,,116315000.0,,,,6359559000.0,317890000.0,,59159000.0,303000.0,6618290000.0,1686629000.0,,4931661000.0,,,4455778000.0,,475883000.0,-12324000.0,,,,,,,,,,,,,,,,,,,4919337000.0,4443454000.0,475883000.0,0.34,0.34,定期报告,未审计,20110817,CNY,合并期末,2020-03-13T16:00:40
59,20100331,15589691000.0,15589691000.0,,,,,,12774953000.0,9354916000.0,,,,,,,,,291738000.0,,2227237000.0,927267000.0,-27935000.0,,,7552000.0,7490000.0,,,,4587000.0,,,,,1730000.0,,,,2826877000.0,8039000.0,,8022000.0,34000.0,2826894000.0,667995000.0,,2158899000.0,,,1984423000.0,,174476000.0,,,,,,,,,,,,,,,,,,,,2158899000.0,1984423000.0,174476000.0,0.15,0.15,定期报告,未审计,20110428,CNY,合并期末,2020-03-13T16:00:40
60,20091231,53729503000.0,53729503000.0,,,,,,45091661000.0,34460109000.0,,,,,,,,,918900000.0,,7396177000.0,2739115000.0,-452479000.0,,,393059000.0,90647000.0,,,,-4587000.0,,,,,29839000.0,,,,9026314000.0,230103000.0,,55603000.0,14555000.0,9200814000.0,2107467000.0,,7093347000.0,,,6622169000.0,-10491000.0,471178000.0,4799000.0,,,,,,,,,,,,,,,,,,,7098146000.0,6626968000.0,471178000.0,0.5,0.5,定期报告,是,20110323,CNY,合并期末,2020-03-13T16:00:40
61,20090930,38246357000.0,38246357000.0,,,,,,31576747000.0,23961041000.0,,,,,,,,,687415000.0,,5515051000.0,1822126000.0,-339580000.0,,,216352000.0,47053000.0,,,,447000.0,,,,,-69306000.0,,,,6886409000.0,110074000.0,,32694000.0,5226000.0,6963789000.0,1706723000.0,,5257066000.0,,,4934036000.0,,323030000.0,9357000.0,,,,,,,,,,,,,,,,,,,5266423000.0,4943393000.0,323030000.0,0.37,0.37,定期报告,未审计,20101027,CNY,合并期末,2020-03-13T16:00:40
62,20090630,22949264000.0,22949264000.0,,,,,,18285187000.0,13745104000.0,,,,,,,,,443972000.0,,3447013000.0,1110837000.0,-385188000.0,,,180774000.0,11837000.0,,,,-1236000.0,,,,,-76551000.0,,,,4843615000.0,102789000.0,,21417000.0,3050000.0,4924987000.0,1206889000.0,,3718098000.0,,,3525043000.0,,193055000.0,9357000.0,,,,,,,,,,,,,,,,,,,3727455000.0,3534400000.0,193055000.0,0.27,0.27,定期报告,未审计,20100814,CNY,合并期末,2020-03-13T16:00:40
63,20090331,10049979000.0,10049979000.0,,,,,,8259789000.0,6445149000.0,,,,,,,,,185211000.0,,1529572000.0,573892000.0,-463379000.0,,,175171000.0,7490000.0,,,,-1405000.0,,,,,-10656000.0,,,,1963956000.0,43926000.0,,8619000.0,51000.0,1999263000.0,540258000.0,,1459005000.0,,,1390646000.0,,68359000.0,,,,,,,,,,,,,,,,,,,,1459005000.0,1390646000.0,68359000.0,0.1,0.1,定期报告,未审计,20100423,CNY,合并期末,2020-03-13T16:00:40
64,20081231,52282566000.0,52282566000.0,,,,,,43062177000.0,32321288000.0,,,,,,,,,1253126000.0,,7194774000.0,2590059000.0,-513085000.0,,,160113000.0,106854000.0,,,,-1406400000.0,,,,,216015000.0,,,,7974102000.0,375374000.0,,78272000.0,10644000.0,8271204000.0,1895064000.0,,6376140000.0,,,5606147000.0,-15744000.0,769993000.0,-3084000.0,,,,,,,,,,,,,,,,,,,6373056000.0,5603063000.0,769993000.0,0.43,0.43,定期报告,是,20100423,CNY,合并期末,2020-03-13T16:00:40
65,20080930,40533666000.0,40533666000.0,,,,,,31514410000.0,23651917000.0,,,,,,,,,911584000.0,,5432138000.0,1956614000.0,-430428000.0,,,264433000.0,,,,,-1104248000.0,,,,,-7415000.0,,,,8179441000.0,305959000.0,,23159000.0,1652000.0,8462241000.0,1935958000.0,,6526283000.0,,,5737113000.0,,789170000.0,,,,,,,,,,,,,,,,,,,,,,,0.44,0.44,定期报告,未审计,20091029,CNY,合并期末,2020-03-13T16:00:40
66,20080630,25808875000.0,25808875000.0,,,,,,19996486000.0,14599560000.0,,,,,,,,,586521000.0,,3727288000.0,1288133000.0,-205781000.0,,,164988000.0,135573000.0,,,,-916400000.0,,,,,765000.0,,,,5060977000.0,251257000.0,,16135000.0,167000.0,5296099000.0,1210745000.0,,4085354000.0,,,3547865000.0,,537489000.0,,,,,,,,,,,,,,,,,,,,,,,0.27,0.27,定期报告,未审计,20090815,CNY,合并期末,2020-03-13T16:00:40
67,20080331,10954651000.0,10954651000.0,,,,,,7860679000.0,5591335000.0,,,,,,,,,175525000.0,,1578560000.0,467675000.0,61275000.0,,,68440000.0,42758000.0,,,,-641600000.0,,,,,-13691000.0,,,,2520812000.0,31715000.0,,6769000.0,-3186000.0,2545758000.0,468528000.0,,2077230000.0,,,1929665000.0,,147565000.0,,,,,,,,,,,,,,,,,,,,,,,0.15,0.15,定期报告,未审计,20090428,CNY,合并期末,2020-03-13T16:00:40
68,20071231,36033676000.0,36033676000.0,,,,,,30113583000.0,19657331000.0,,,,,,,,,656732000.0,,6746979000.0,2245125000.0,725190000.0,,,185895000.0,103749000.0,,,,1698372000.0,,,,,82226000.0,,,,7804360000.0,143235000.0,,40383000.0,10597000.0,7907212000.0,1758067000.0,,6149145000.0,,,5786732000.0,,362413000.0,,,,,,,,,,,,,,,,,,,,,,,0.49,0.49,定期报告,是,20090330,CNY,合并期末,2020-03-13T16:00:40
69,20070930,27347429000.0,27347429000.0,,,,,,23282547000.0,15593558000.0,,,,,,,,,448947000.0,,5088478000.0,1622497000.0,491668000.0,,,52431000.0,,,,,1660206000.0,,,,,37399000.0,,,,5777519000.0,50859000.0,,12896000.0,1413000.0,5815482000.0,1416313000.0,,4399169000.0,,,4243568000.0,,155601000.0,,,,,,,,,,,,,,,,,,,,,,,0.36,0.36,定期报告,未审计,20081025,CNY,合并期末,2020-03-13T16:00:40
70,20070630,16929878000.0,16929878000.0,,,,,,14484592000.0,9592472000.0,,,,,,,,,280695000.0,,3176854000.0,1106078000.0,267369000.0,,,7525000.0,4958000.0,,,,600032000.0,,,,,61124000.0,,,,3052843000.0,50010000.0,,4805000.0,1413000.0,3098048000.0,656154000.0,,2441894000.0,,,2278083000.0,,163811000.0,,,,,,,,,,,,,,,,,,,,,,,0.19,0.19,定期报告,是,20080729,CNY,合并期末,2020-03-13T16:00:40
71,20070331,8072326000.0,8072326000.0,,,,,,6860084000.0,4604408000.0,,,,,,,,,124939000.0,,1520325000.0,408743000.0,201442000.0,,,17656000.0,,,,,77551000.0,,,,,227000.0,,,,1307449000.0,10330000.0,,1204000.0,9000.0,1316575000.0,248006000.0,,1068569000.0,,,1037542000.0,,31027000.0,,,,,,,,,,,,,,,,,,,,,,,0.09,0.09,定期报告,未审计,20080428,CNY,合并期末,2020-03-13T16:00:40
72,20061231,28346728000.0,28346728000.0,,,,,,24809507000.0,16847225000.0,,,,,,,,,434149000.0,,5529476000.0,1688772000.0,382514000.0,,,46293000.0,32637000.0,,,,1156000.0,,,,,-72629000.0,,,,3584670000.0,371192000.0,,56418000.0,26889000.0,3899444000.0,1013689000.0,,2885755000.0,,,2716758000.0,,168997000.0,,,,,,,,,,,,,,,,,,,,,,,0.34,0.34,定期报告,是,20080410,CNY,合并期末,2020-03-13T16:00:40
73,20051231,26081515000.0,26081515000.0,,,,,,22266089000.0,16350872000.0,,,,,,,,,291968000.0,,4255934000.0,1322120000.0,28649000.0,,,173000.0,-6821000.0,,,,176000.0,,,,,16546000.0,,,,3815775000.0,34051000.0,,31093000.0,13024000.0,3818733000.0,605538000.0,,3213195000.0,,,3066466000.0,,146729000.0,,,,,,,,,,,,,,,,,,,,,,,,,招股说明书/意向书,是,20080121,CNY,合并期末,2020-03-13T16:00:40
74,20041231,17878528000.0,17878528000.0,,,,,,15538991000.0,9988192000.0,,,,,,,,,189741000.0,,3815638000.0,1091296000.0,486800000.0,,,7422000.0,-3668000.0,,,,,,,,,-32676000.0,,,,2346959000.0,43557000.0,,45362000.0,10177000.0,2345154000.0,569769000.0,,1775385000.0,,,1647143000.0,,128242000.0,,,,,,,,,,,,,,,,,,,,,,,,,招股说明书/意向书,是,20080121,CNY,合并期末,2020-03-13T16:00:40
