588000,9,科创50ETF
512010,9,医药ETF
512880,9,证券ETF
159941,9,纳指ETF
510050,9,上证50ETF
159995,9,芯片ETF
513060,9,恒生医疗ETF
510300,9,沪深300ETF
159949,9,创业板50ETF
159919,9,创业板ETF
512690,9,酒ETF
515790,9,光伏ETF
159928,9,消费ETF
512660,9,军工ETF
515880,9,通信ETF
515030,9,新能源车ETF
512800,9,银行ETF
512980,9,传媒ETF
510880,9,红利ETF
159869,9,游戏ETF
159819,9,人工智能ETF
159870,9,化工ETF
159611,9,电力ETF
159509,9,纳指科技ETF
513100,9,纳指ETF
513500,9,标普ETF
164824,9,印度基金
513050,9,中概互联
513520,9,日经ETF
513030,9,德国ETF
513080,9,法国ETF
518880,9,黄金ETF
159980,9,有色ETF
159985,9,豆粕ETF
501018,9,南方原油
511010,9,国债ETF
511090,9,30年国债ETF
513130,9,恒生科技
510050,9,上证50ETF
512100,9,中证1000ETF
162411,9,华宝油气LOF