2020/09/23,0.983,0.989,0.975,0.984,134228100,131895352.00
2020/09/24,0.978,0.978,0.959,0.959,84563427,81678664.00
2020/09/25,0.962,0.968,0.953,0.958,40651350,39015092.00
2020/09/28,0.958,0.962,0.948,0.949,52155659,49754984.00
2020/09/29,0.951,0.969,0.951,0.964,38886639,37470124.00
2020/09/30,0.962,0.970,0.955,0.959,28121517,27089152.00
2020/10/09,0.974,0.990,0.974,0.987,68365459,67255944.00
2020/10/12,0.990,1.019,0.990,1.017,371961538,375876448.00
2020/10/13,1.016,1.027,1.014,1.023,265759335,271308512.00
2020/10/14,1.023,1.023,1.006,1.008,71651695,72440216.00
2020/10/15,1.008,1.015,1.005,1.005,54605295,55145700.00
2020/10/16,1.005,1.009,0.990,0.995,75459791,75235160.00
2020/10/19,1.007,1.011,0.992,0.994,57006396,57046348.00
2020/10/20,0.992,1.004,0.990,1.003,47756366,47584692.00
2020/10/21,1.001,1.001,0.977,0.982,91289984,90019128.00
2020/10/22,0.982,0.985,0.973,0.981,35205771,34524256.00
2020/10/23,0.982,0.990,0.968,0.971,52175418,50990152.00
2020/10/26,0.970,0.986,0.964,0.977,47369361,46291952.00
2020/10/27,0.973,0.983,0.971,0.981,28119035,27510680.00
2020/10/28,0.979,0.990,0.968,0.983,67678284,66177032.00
2020/10/29,0.979,0.983,0.969,0.980,48882264,47754804.00
2020/10/30,0.977,0.991,0.968,0.968,72992314,71570800.00
2020/11/02,0.969,0.978,0.956,0.970,70182982,67702296.00
2020/11/03,0.970,0.992,0.970,0.990,80164027,79060992.00
2020/11/04,0.989,0.994,0.983,0.987,34286079,33918332.00
2020/11/05,0.996,1.010,0.992,1.008,169521287,170422592.00
2020/11/06,1.010,1.015,1.001,1.010,122188855,123297304.00
2020/11/09,1.018,1.057,1.018,1.042,587646219,613273152.00
2020/11/10,1.040,1.040,1.020,1.023,82950717,85147368.00
2020/11/11,1.020,1.021,0.993,0.994,127548370,127934024.00
2020/11/12,0.996,1.006,0.994,0.998,50657055,50598424.00
2020/11/13,0.996,0.998,0.980,0.997,66401453,65709032.00
2020/11/16,0.997,1.000,0.984,0.994,61316898,60673112.00
2020/11/17,0.996,0.996,0.967,0.984,139454374,136097328.00
2020/11/18,0.980,0.988,0.977,0.981,45603034,44804260.00
2020/11/19,0.980,0.995,0.971,0.993,86322450,85360016.00
2020/11/20,0.990,0.999,0.989,0.992,32738400,32504080.00
2020/11/23,0.992,0.993,0.980,0.987,64048230,63080296.00
2020/11/24,0.986,0.994,0.984,0.986,43359880,42836492.00
2020/11/25,0.987,0.989,0.971,0.972,93733542,91661648.00
2020/11/26,0.971,0.976,0.963,0.966,87991419,85137200.00
2020/11/27,0.969,0.972,0.958,0.968,64261734,61823412.00
2020/11/30,0.967,0.976,0.958,0.969,53480106,51793924.00
2020/12/01,0.969,0.980,0.966,0.978,48141282,46947160.00
2020/12/02,0.977,0.988,0.977,0.984,63154391,62068832.00
2020/12/03,0.984,0.993,0.981,0.988,70196682,69429136.00
2020/12/04,0.987,0.993,0.983,0.990,45068948,44587192.00
2020/12/07,0.993,0.999,0.987,0.987,50098720,49730100.00
2020/12/08,0.986,0.990,0.982,0.983,29217557,28772688.00
2020/12/09,0.983,0.984,0.967,0.969,54532078,53194304.00
2020/12/10,0.970,0.973,0.958,0.966,56251137,54213236.00
2020/12/11,0.965,0.969,0.951,0.959,80638387,77256632.00
2020/12/14,0.960,0.960,0.945,0.957,63372098,60207212.00
2020/12/15,0.954,0.962,0.952,0.961,32802877,31423130.00
2020/12/16,0.961,0.962,0.950,0.952,46009354,43840568.00
2020/12/17,0.950,0.952,0.934,0.951,79015321,74523384.00
2020/12/18,0.952,0.954,0.943,0.945,40402626,38288472.00
2020/12/21,0.943,0.955,0.939,0.955,48291351,45913144.00
2020/12/22,0.953,0.954,0.928,0.931,101141805,95000680.00
2020/12/23,0.932,0.936,0.920,0.932,70992959,65852592.00
2020/12/24,0.932,0.935,0.916,0.919,65311639,60318704.00
2020/12/25,0.920,0.920,0.911,0.916,43094003,39441300.00
2020/12/28,0.913,0.914,0.900,0.902,55701749,50374336.00
2020/12/29,0.902,0.930,0.901,0.922,66471522,61180184.00
2020/12/30,0.922,0.932,0.917,0.929,52304151,48433408.00
2020/12/31,0.930,0.949,0.928,0.946,82073318,77416080.00
2021/01/04,0.942,0.964,0.942,0.961,106514897,101989064.00
2021/01/05,0.961,0.981,0.957,0.979,155580375,151556832.00
2021/01/06,0.982,0.984,0.966,0.967,76125185,74044632.00
2021/01/07,0.965,0.967,0.940,0.949,94137306,89524968.00
2021/01/08,0.947,0.979,0.947,0.971,112260732,108818064.00
2021/01/11,0.979,0.999,0.975,0.985,175870717,174138320.00
2021/01/12,0.981,0.994,0.978,0.993,88232637,87306488.00
2021/01/13,0.992,1.001,0.989,0.993,130691574,130102304.00
2021/01/14,0.993,1.017,0.986,1.003,233037520,234551488.00
2021/01/15,1.002,1.006,0.985,0.992,92696553,92279168.00
2021/01/18,0.990,1.016,0.985,1.009,192359517,193572640.00
2021/01/19,1.009,1.020,1.002,1.004,117054707,118453040.00
2021/01/20,1.004,1.010,0.998,1.006,80367241,80734360.00
2021/01/21,1.006,1.028,1.006,1.022,234889386,239716320.00
2021/01/22,1.021,1.024,1.006,1.015,98862589,100274832.00
2021/01/25,1.008,1.021,0.998,1.006,129204726,130718360.00
2021/01/26,1.006,1.014,0.990,0.990,92658359,92414656.00
2021/01/27,0.988,0.998,0.983,0.996,60138053,59667912.00
2021/01/28,0.985,0.989,0.957,0.960,105162410,102341728.00
2021/01/29,0.961,0.970,0.931,0.945,105370433,100062304.00
2021/02/01,0.945,0.958,0.944,0.952,48698010,46291624.00
2021/02/02,0.949,0.964,0.949,0.963,46766245,44881816.00
2021/02/03,0.960,0.966,0.935,0.936,67416149,64205700.00
2021/02/04,0.938,0.938,0.905,0.922,94386685,86520800.00
2021/02/05,0.921,0.924,0.900,0.901,100659488,91624048.00
2021/02/08,0.905,0.922,0.898,0.914,80158446,73080768.00
2021/02/09,0.917,0.934,0.912,0.933,70274621,65161300.00
2021/02/10,0.932,0.953,0.932,0.951,84916360,80334528.00
2021/02/18,0.958,0.973,0.958,0.961,108547108,104882392.00
2021/02/19,0.959,0.972,0.953,0.970,63230418,60881496.00
2021/02/22,0.969,0.973,0.952,0.952,84420562,81348896.00
2021/02/23,0.951,0.963,0.945,0.955,53453118,51108080.00
2021/02/24,0.959,0.964,0.934,0.943,73656144,69822280.00
2021/02/25,0.946,0.952,0.930,0.931,50886358,47589572.00
2021/02/26,0.927,0.929,0.916,0.923,45766817,42188536.00
2021/03/01,0.927,0.945,0.927,0.945,49532740,46502772.00
2021/03/02,0.946,0.950,0.934,0.942,44267186,41675496.00
2021/03/03,0.938,0.947,0.934,0.946,42170193,39723264.00
2021/03/04,0.944,0.944,0.921,0.925,63964826,59489980.00
2021/03/05,0.922,0.937,0.915,0.931,52911310,49116444.00
2021/03/08,0.940,0.943,0.910,0.911,68593283,63454148.00
2021/03/09,0.918,0.918,0.877,0.886,71292152,63890144.00
2021/03/10,0.894,0.901,0.870,0.871,76259081,67064444.00
2021/03/11,0.877,0.888,0.866,0.887,55990849,49227488.00
2021/03/12,0.889,0.889,0.869,0.875,50615730,44235744.00
2021/03/15,0.876,0.876,0.848,0.854,55298331,47353228.00
2021/03/16,0.859,0.862,0.844,0.858,43196853,36887292.00
2021/03/17,0.859,0.865,0.848,0.863,36728543,31592978.00
2021/03/18,0.863,0.866,0.860,0.861,38725909,33388896.00
2021/03/19,0.855,0.860,0.847,0.853,45346429,38746500.00
2021/03/22,0.853,0.870,0.850,0.870,46932492,40622076.00
2021/03/23,0.871,0.877,0.865,0.869,46054675,40071500.00
2021/03/24,0.871,0.872,0.859,0.861,34328748,29671276.00
2021/03/25,0.861,0.875,0.856,0.870,38680620,33644524.00
2021/03/26,0.874,0.890,0.870,0.887,60013939,52874280.00
2021/03/29,0.887,0.894,0.880,0.881,36497219,32385166.00
2021/03/30,0.883,0.886,0.878,0.881,37531733,33115684.00
2021/03/31,0.882,0.886,0.878,0.885,38627130,34090904.00
2021/04/01,0.885,0.894,0.882,0.893,43559149,38773952.00
2021/04/02,0.894,0.906,0.894,0.900,51334253,46255508.00
2021/04/06,0.900,0.909,0.900,0.906,40868277,36997668.00
2021/04/07,0.906,0.906,0.894,0.902,43389041,38991056.00
2021/04/08,0.903,0.908,0.896,0.901,35646551,32231204.00
2021/04/09,0.899,0.901,0.891,0.893,47402251,42388516.00
2021/04/12,0.887,0.897,0.871,0.872,52002699,45836156.00
2021/04/13,0.872,0.886,0.872,0.879,46796814,41198180.00
2021/04/14,0.880,0.891,0.880,0.890,35707228,31652486.00
2021/04/15,0.891,0.892,0.882,0.889,46928542,41586492.00
2021/04/16,0.889,0.900,0.888,0.899,46258264,41368176.00
2021/04/19,0.899,0.932,0.899,0.931,105582058,97518488.00
2021/04/20,0.928,0.935,0.926,0.927,63188439,58814856.00
2021/04/21,0.924,0.926,0.919,0.923,43427254,40059756.00
2021/04/22,0.922,0.932,0.922,0.928,66580239,61764240.00
2021/04/23,0.928,0.928,0.917,0.919,53106060,48950416.00
2021/04/26,0.919,0.929,0.912,0.914,90030798,82947192.00
2021/04/27,0.914,0.914,0.895,0.902,52645475,47441580.00
2021/04/28,0.900,0.904,0.894,0.904,35084011,31577714.00
2021/04/29,0.903,0.912,0.901,0.904,49432977,44693624.00
2021/04/30,0.901,0.901,0.881,0.889,75828006,67475824.00
2021/05/06,0.893,0.893,0.876,0.880,42486268,37492228.00
2021/05/07,0.881,0.883,0.863,0.865,63174633,55154744.00
2021/05/10,0.865,0.867,0.854,0.859,59348146,51059836.00
2021/05/11,0.860,0.872,0.849,0.870,62609225,53693892.00
2021/05/12,0.868,0.877,0.861,0.877,43451033,37905696.00
2021/05/13,0.873,0.880,0.868,0.873,54634239,47776384.00
2021/05/14,0.875,0.882,0.867,0.882,49976315,43761668.00
2021/05/17,0.880,0.898,0.880,0.889,80435015,71758496.00
2021/05/18,0.889,0.895,0.882,0.892,51475676,45782232.00
2021/05/19,0.891,0.898,0.888,0.893,49248827,44052608.00
2021/05/20,0.890,0.900,0.890,0.896,46689036,41882508.00
2021/05/21,0.899,0.902,0.890,0.890,41756426,37316232.00
2021/05/24,0.890,0.916,0.889,0.915,89516216,81059800.00
2021/05/25,0.915,0.936,0.914,0.934,97762607,90667032.00
2021/05/26,0.934,0.941,0.926,0.927,71127993,66336772.00
2021/05/27,0.932,0.946,0.927,0.941,85830463,80596672.00
2021/05/28,0.936,0.947,0.935,0.940,71236882,67161280.00
2021/05/31,0.943,0.954,0.943,0.951,72428751,68791512.00
2021/06/01,0.952,0.962,0.948,0.956,66178782,63269384.00
2021/06/02,0.950,0.958,0.933,0.935,57236563,53869308.00
2021/06/03,0.935,0.944,0.929,0.929,42973642,40315360.00
2021/06/04,0.925,0.939,0.925,0.934,43273762,40426564.00
2021/06/07,0.940,0.950,0.936,0.950,55261462,52220472.00
2021/06/08,0.955,0.960,0.946,0.949,57646368,54964372.00
2021/06/09,0.947,0.956,0.945,0.951,40763413,38709716.00
2021/06/10,0.951,0.980,0.950,0.979,123474830,119806328.00
2021/06/11,0.980,0.985,0.967,0.969,67513248,66018412.00
2021/06/15,0.970,0.973,0.960,0.966,63490173,61477204.00
2021/06/16,0.967,0.973,0.949,0.952,53176909,51171200.00
2021/06/17,0.945,0.982,0.945,0.979,70083931,67869992.00
2021/06/18,0.979,0.990,0.976,0.982,76016198,74771120.00
2021/06/21,0.982,0.993,0.971,0.985,74475523,73450224.00
2021/06/22,0.986,0.992,0.977,0.988,61026616,60176784.00
2021/06/23,0.984,1.004,0.980,0.997,116365074,115822656.00
2021/06/24,0.998,0.998,0.977,0.980,55275266,54274156.00
2021/06/25,0.977,0.984,0.971,0.979,43085579,42057672.00
2021/06/28,0.978,0.992,0.974,0.989,60797419,60010644.00
2021/06/29,0.988,0.992,0.979,0.979,57930309,57045584.00
2021/06/30,0.976,1.006,0.976,1.005,159114853,159027872.00
2021/07/01,1.004,1.009,0.988,0.989,75207283,75145368.00
2021/07/02,0.989,0.989,0.970,0.972,54747371,53521156.00
2021/07/05,0.970,0.994,0.970,0.990,61749789,60881024.00
2021/07/06,0.991,0.999,0.974,0.987,53120530,52415804.00
2021/07/07,0.986,0.993,0.970,0.991,58889483,57849196.00
2021/07/08,0.987,1.006,0.987,1.003,121962470,121932216.00
2021/07/09,1.000,1.000,0.979,0.991,62529777,61716536.00
2021/07/12,0.992,1.027,0.991,1.026,248300142,252295824.00
2021/07/13,1.025,1.040,1.020,1.030,146477471,151150144.00
2021/07/14,1.024,1.026,1.012,1.012,83178095,84735856.00
2021/07/15,1.006,1.021,1.006,1.017,84996700,86315016.00
2021/07/16,1.017,1.025,1.008,1.009,59968994,60962772.00
2021/07/19,1.006,1.021,0.998,1.020,62963502,63560756.00
2021/07/20,1.017,1.020,1.006,1.018,61846233,62715500.00
2021/07/21,1.018,1.050,1.018,1.042,161778786,168123376.00
2021/07/22,1.041,1.050,1.037,1.044,86806816,90607040.00
2021/07/23,1.045,1.049,1.027,1.030,67684365,69889728.00
2021/07/26,1.025,1.038,0.996,1.014,67857295,69098672.00
2021/07/27,1.011,1.047,1.009,1.010,104536823,107765296.00
2021/07/28,1.005,1.010,0.968,0.992,63676527,63099788.00
2021/07/29,0.997,1.025,0.997,1.020,69440259,70535408.00
2021/07/30,1.018,1.021,1.004,1.014,56545113,57262132.00
2021/08/02,1.011,1.029,1.009,1.027,63558096,64899336.00
2021/08/03,1.020,1.042,1.017,1.021,68975514,71242248.00
2021/08/04,1.021,1.038,1.017,1.035,75319829,77758344.00
2021/08/05,1.035,1.035,1.020,1.022,56934597,58440160.00
2021/08/06,1.020,1.025,1.010,1.018,47097416,47842284.00
2021/08/09,1.017,1.032,1.011,1.029,64401119,65940548.00
2021/08/10,1.019,1.036,1.019,1.036,67975411,69965832.00
2021/08/11,1.035,1.036,1.023,1.028,43343226,44519216.00
2021/08/12,1.028,1.042,1.024,1.028,59257886,61133904.00
2021/08/13,1.025,1.025,0.998,1.000,68300385,68661816.00
2021/08/16,0.997,1.009,0.992,1.001,49084146,49151912.00
2021/08/17,1.002,1.005,0.973,0.976,53284731,52706760.00
2021/08/18,0.970,0.981,0.968,0.977,42582429,41470476.00
2021/08/19,0.987,0.987,0.975,0.980,41903301,41110540.00
2021/08/20,0.977,0.994,0.971,0.982,41777222,40937432.00
2021/08/23,0.982,1.009,0.982,1.007,59084931,59093584.00
2021/08/24,1.008,1.012,1.000,1.005,48400517,48664192.00
2021/08/25,1.001,1.006,0.996,1.000,38164065,38096528.00
2021/08/26,1.000,1.000,0.977,0.977,48122528,47545640.00
2021/08/27,0.979,0.981,0.973,0.979,57743956,56423488.00
2021/08/30,0.980,0.994,0.976,0.981,47815252,47028328.00
2021/08/31,0.980,0.980,0.949,0.954,72881871,69906576.00
2021/09/01,0.951,0.964,0.943,0.959,51728207,49355120.00
2021/09/02,0.959,0.959,0.942,0.945,52484627,49709008.00
2021/09/03,0.942,0.950,0.936,0.944,52662319,49665992.00
2021/09/06,0.944,0.960,0.936,0.959,49204038,46783824.00
2021/09/07,0.958,0.966,0.952,0.964,50082168,48120844.00
2021/09/08,0.969,0.969,0.955,0.961,41508320,39866844.00
2021/09/09,0.957,0.962,0.951,0.956,39107044,37363584.00
2021/09/10,0.956,0.966,0.951,0.963,48557070,46524956.00
2021/09/13,0.960,0.961,0.947,0.951,49543240,47102340.00
2021/09/14,0.951,0.966,0.947,0.948,58762109,56398640.00
2021/09/15,0.949,0.949,0.938,0.940,47634842,44926232.00
2021/09/16,0.940,0.947,0.927,0.927,49910673,46679992.00
2021/09/17,0.928,0.931,0.915,0.929,42973518,39581576.00
2021/09/22,0.922,0.929,0.916,0.926,37446133,34532804.00
2021/09/23,0.927,0.942,0.927,0.937,49840119,46682124.00
2021/09/24,0.941,0.944,0.937,0.938,47650655,44821900.00
2021/09/27,0.944,0.951,0.929,0.934,112194936,105408608.00
2021/09/28,0.934,0.937,0.923,0.928,38771920,36097732.00
2021/09/29,0.928,0.928,0.909,0.912,50334998,46066456.00
2021/09/30,0.911,0.926,0.911,0.925,47500389,43738356.00
2021/10/08,0.927,0.943,0.927,0.936,38360825,35958920.00
2021/10/11,0.940,0.943,0.935,0.937,41129963,38656960.00
2021/10/12,0.937,0.937,0.912,0.918,54459419,50260124.00
2021/10/13,0.915,0.927,0.915,0.926,49597727,45580804.00
2021/10/14,0.927,0.933,0.923,0.931,43698341,40539240.00
2021/10/15,0.932,0.945,0.929,0.940,42846650,40242692.00
2021/10/18,0.939,0.939,0.921,0.927,41045918,38062820.00
2021/10/19,0.927,0.940,0.927,0.939,40027229,37415424.00
2021/10/20,0.943,0.950,0.938,0.939,44356802,41846892.00
2021/10/21,0.935,0.947,0.931,0.934,46731653,43784816.00
2021/10/22,0.934,0.946,0.934,0.941,46590133,43758112.00
2021/10/25,0.940,0.944,0.929,0.942,45866335,42850644.00
2021/10/26,0.943,0.945,0.936,0.941,72268181,68032904.00
2021/10/27,0.943,0.943,0.917,0.921,48310734,44523180.00
2021/10/28,0.918,0.927,0.915,0.919,50367442,46409236.00
2021/10/29,0.918,0.933,0.918,0.932,39992803,37091556.00
2021/11/01,0.932,0.949,0.931,0.947,55598224,52447488.00
2021/11/02,0.948,0.962,0.943,0.949,56616651,54077740.00
2021/11/03,0.954,0.961,0.952,0.960,46461614,44460524.00
2021/11/04,0.960,0.965,0.958,0.963,43623626,41988856.00
2021/11/05,0.964,0.979,0.964,0.972,50200970,48927012.00
2021/11/08,0.973,0.973,0.961,0.965,38306223,36993520.00
2021/11/09,0.965,0.986,0.964,0.985,51188851,49960696.00
2021/11/10,0.985,0.986,0.975,0.982,45161296,44269076.00
2021/11/11,0.982,0.992,0.976,0.986,48565528,47791264.00
2021/11/12,0.986,0.992,0.981,0.991,54777470,54073908.00
2021/11/15,0.991,1.002,0.991,0.993,44882932,44683164.00
2021/11/16,0.994,1.001,0.987,0.988,49913064,49662040.00
2021/11/17,0.988,0.999,0.986,0.997,43578949,43308828.00
2021/11/18,0.995,1.001,0.988,0.989,50091553,49790848.00
2021/11/19,0.989,0.999,0.989,0.997,47815515,47608840.00
2021/11/22,1.000,1.017,0.998,1.014,89433070,90201216.00
2021/11/23,1.014,1.015,1.006,1.008,57927712,58490108.00
2021/11/24,1.008,1.013,1.003,1.008,82681933,83448392.00
2021/11/25,1.005,1.013,1.005,1.006,43127165,43507828.00
2021/11/26,1.005,1.006,0.986,0.992,41416455,41124368.00
2021/11/29,0.981,0.994,0.978,0.992,45409065,44934992.00
2021/11/30,0.991,1.013,0.991,1.007,97461209,98047464.00
2021/12/01,1.008,1.013,1.000,1.007,48312553,48745556.00
2021/12/02,1.005,1.015,1.000,1.000,50445164,50863224.00
2021/12/03,1.000,1.015,1.000,1.009,56949419,57538772.00
2021/12/06,1.007,1.010,0.992,0.993,44872057,44955100.00
2021/12/07,0.995,1.000,0.980,0.985,55976929,55298968.00
2021/12/08,0.994,1.017,0.988,1.017,92333237,93323384.00
2021/12/09,1.018,1.027,1.015,1.021,91377341,93408784.00
2021/12/10,1.022,1.025,1.013,1.017,48812537,49699692.00
2021/12/13,1.018,1.023,1.016,1.020,43378162,44246040.00
2021/12/14,1.019,1.024,1.013,1.021,44041513,44991308.00
2021/12/15,1.020,1.025,1.016,1.017,55069548,56259348.00
2021/12/16,1.013,1.024,1.013,1.023,44281809,45192968.00
2021/12/17,1.022,1.022,1.003,1.003,42083563,42459552.00
2021/12/20,0.996,1.007,0.986,0.986,45866765,45649200.00
2021/12/21,0.986,1.003,0.986,1.003,42584223,42426932.00
2021/12/22,1.003,1.016,1.003,1.012,43279927,43805252.00
2021/12/23,1.007,1.014,1.006,1.007,37322291,37690160.00
2021/12/24,1.008,1.012,1.001,1.001,29752570,29884818.00
2021/12/27,1.000,1.008,0.999,1.004,30834259,30960972.00
2021/12/28,1.009,1.017,1.005,1.015,39827373,40340168.00
2021/12/29,1.015,1.015,1.004,1.009,35851618,36091996.00
2021/12/30,1.001,1.026,1.001,1.023,61257902,62608544.00
2021/12/31,1.023,1.026,1.016,1.025,43725535,44695004.00
2022/01/04,1.031,1.035,1.020,1.028,61093158,62755428.00
2022/01/05,1.027,1.028,1.003,1.008,43836663,44458556.00
2022/01/06,1.006,1.007,0.990,0.999,44388340,44315788.00
2022/01/07,0.998,1.009,0.983,0.984,45505833,45404548.00
2022/01/10,0.982,0.999,0.970,0.994,38012433,37392900.00
2022/01/11,0.990,0.997,0.977,0.978,31992718,31611990.00
2022/01/12,0.978,0.989,0.978,0.989,34233710,33713728.00
2022/01/13,0.991,0.998,0.980,0.981,39322239,38945064.00
2022/01/14,0.981,0.993,0.972,0.986,41477311,40825372.00
2022/01/17,0.995,1.034,0.995,1.034,107424074,109966496.00
2022/01/18,1.039,1.066,1.038,1.041,171493470,180520880.00
2022/01/19,1.036,1.044,1.030,1.038,70769730,73332072.00
2022/01/20,1.042,1.044,1.025,1.030,62741410,64615728.00
2022/01/21,1.030,1.031,1.010,1.012,50129908,51047300.00
2022/01/24,1.005,1.023,1.005,1.014,48758298,49555400.00
2022/01/25,1.015,1.018,0.975,0.976,91314664,90725712.00
2022/01/26,0.976,0.986,0.959,0.971,53606003,52101344.00
2022/01/27,0.976,0.976,0.931,0.931,64451501,61081356.00
2022/01/28,0.933,0.944,0.923,0.927,47084906,44000364.00
2022/02/07,0.936,0.942,0.913,0.918,44364323,40996636.00
2022/02/08,0.919,0.922,0.899,0.919,53016648,48034184.00
2022/02/09,0.920,0.940,0.916,0.939,49902403,46338556.00
2022/02/10,0.939,0.941,0.930,0.935,39658205,37071024.00
2022/02/11,0.935,0.938,0.917,0.924,47460521,43966596.00
2022/02/14,0.917,0.926,0.900,0.918,40048534,36724216.00
2022/02/15,0.917,0.932,0.915,0.932,37980602,35220980.00
2022/02/16,0.939,0.942,0.928,0.932,40637301,37941288.00
2022/02/17,0.935,0.936,0.922,0.927,37569105,34962612.00
2022/02/18,0.926,0.946,0.926,0.946,47853033,44929960.00
2022/02/21,0.950,0.975,0.950,0.974,81056158,78495760.00
2022/02/22,0.966,0.966,0.951,0.965,50166056,47950680.00
2022/02/23,0.968,0.982,0.960,0.979,48417834,47139624.00
2022/02/24,0.970,0.977,0.935,0.947,59628808,57257852.00
2022/02/25,0.955,0.964,0.948,0.952,66707515,63699532.00
2022/02/28,0.954,0.956,0.938,0.951,40705032,38496000.00
2022/03/01,0.950,0.954,0.946,0.953,38366705,36494704.00
2022/03/02,0.947,0.949,0.941,0.948,53430601,50493284.00
2022/03/03,0.948,0.951,0.929,0.930,46838603,43873432.00
2022/03/04,0.924,0.936,0.916,0.920,45505000,42139320.00
2022/03/07,0.918,0.919,0.881,0.887,67156721,60115560.00
2022/03/08,0.887,0.895,0.868,0.873,51113808,45106920.00
2022/03/09,0.876,0.880,0.828,0.867,43943524,37748752.00
2022/03/10,0.875,0.887,0.873,0.873,35968207,31637558.00
2022/03/11,0.862,0.883,0.852,0.882,43374703,37567504.00
2022/03/14,0.880,0.880,0.857,0.858,37761019,32816184.00
2022/03/15,0.859,0.860,0.820,0.821,50855284,42634484.00
2022/03/16,0.833,0.854,0.809,0.850,46602045,38527752.00
2022/03/17,0.857,0.878,0.857,0.868,48144509,41858428.00
2022/03/18,0.868,0.868,0.855,0.866,53308308,45924652.00
2022/03/21,0.865,0.869,0.852,0.862,52851005,45619340.00
2022/03/22,0.859,0.863,0.853,0.857,40571210,34802024.00
2022/03/23,0.862,0.865,0.853,0.859,39615405,34064056.00
2022/03/24,0.858,0.858,0.838,0.839,47218102,39746220.00
2022/03/25,0.839,0.848,0.829,0.830,48914301,40995804.00
2022/03/28,0.826,0.828,0.814,0.821,50061210,41031676.00
2022/03/29,0.823,0.824,0.804,0.808,52151814,42380544.00
2022/03/30,0.809,0.825,0.809,0.823,34943100,28582874.00
2022/03/31,0.820,0.821,0.813,0.817,33725905,27511520.00
2022/04/01,0.817,0.821,0.808,0.816,37568705,30670794.00
2022/04/06,0.816,0.819,0.805,0.809,42153302,34086176.00
2022/04/07,0.812,0.813,0.787,0.787,66352500,52924284.00
2022/04/08,0.786,0.789,0.769,0.777,64788102,50400492.00
2022/04/11,0.777,0.778,0.737,0.742,68399317,51461524.00
2022/04/12,0.735,0.754,0.728,0.753,76030043,56049360.00
2022/04/13,0.752,0.752,0.739,0.740,62554605,46664364.00
2022/04/14,0.745,0.752,0.738,0.748,51291517,38194520.00
2022/04/15,0.749,0.755,0.736,0.750,51351604,38339624.00
2022/04/18,0.748,0.765,0.744,0.762,64295100,48703064.00
2022/04/19,0.761,0.769,0.750,0.752,54904301,41504044.00
2022/04/20,0.752,0.761,0.744,0.745,58883802,44297032.00
2022/04/21,0.744,0.751,0.725,0.729,81354206,60215144.00
2022/04/22,0.728,0.728,0.712,0.714,52721636,37864528.00
2022/04/25,0.702,0.708,0.666,0.668,66836212,46073792.00
2022/04/26,0.674,0.674,0.640,0.641,86078140,57026364.00
2022/04/27,0.637,0.678,0.633,0.674,80587925,52710492.00
2022/04/28,0.672,0.678,0.660,0.667,74734512,49927396.00
2022/04/29,0.669,0.705,0.669,0.702,73589405,50359364.00
2022/05/05,0.700,0.701,0.687,0.691,87086703,60334856.00
2022/05/06,0.679,0.688,0.668,0.678,77442206,52416240.00
2022/05/09,0.677,0.681,0.667,0.671,77966977,52477164.00
2022/05/10,0.665,0.686,0.658,0.683,85452800,58022456.00
2022/05/11,0.684,0.713,0.682,0.696,64650800,45470388.00
2022/05/12,0.693,0.702,0.690,0.698,50628302,35224472.00
2022/05/13,0.704,0.705,0.686,0.693,50276000,34783600.00
2022/05/16,0.693,0.703,0.685,0.687,53079500,36699916.00
2022/05/17,0.684,0.697,0.683,0.696,52598207,36375888.00
2022/05/18,0.701,0.708,0.694,0.700,66889707,46805544.00
2022/05/19,0.690,0.700,0.685,0.700,56931400,39462412.00
2022/05/20,0.700,0.710,0.698,0.709,63244229,44531392.00
2022/05/23,0.711,0.717,0.707,0.717,55839909,39784352.00
2022/05/24,0.717,0.720,0.683,0.685,68507701,48161636.00
2022/05/25,0.684,0.692,0.681,0.689,40989400,28092654.00
2022/05/26,0.690,0.696,0.674,0.691,47572503,32725046.00
2022/05/27,0.693,0.703,0.683,0.689,52850702,36556648.00
2022/05/30,0.691,0.706,0.687,0.704,56498400,39486208.00
2022/05/31,0.703,0.720,0.696,0.718,59049823,41878432.00
2022/06/01,0.718,0.725,0.714,0.719,51472100,37070628.00
2022/06/02,0.717,0.738,0.715,0.737,60988804,44376984.00
2022/06/06,0.739,0.769,0.736,0.769,65529900,49490840.00
2022/06/07,0.771,0.774,0.751,0.758,51132300,38712272.00
2022/06/08,0.758,0.773,0.752,0.762,52562100,40036708.00
2022/06/09,0.763,0.765,0.736,0.740,52368005,39116416.00
2022/06/10,0.733,0.750,0.732,0.748,57273102,42565652.00
2022/06/13,0.742,0.749,0.736,0.743,52270304,38771332.00
2022/06/14,0.735,0.740,0.714,0.739,52818002,38238520.00
2022/06/15,0.745,0.757,0.736,0.748,70301604,52615632.00
2022/06/16,0.751,0.760,0.748,0.753,59637100,45000864.00
2022/06/17,0.752,0.752,0.732,0.751,74924919,55646560.00
2022/06/20,0.751,0.765,0.749,0.762,59789609,45347496.00
2022/06/21,0.760,0.765,0.750,0.758,68869614,52206732.00
2022/06/22,0.762,0.766,0.739,0.741,47466809,35618044.00
2022/06/23,0.740,0.755,0.736,0.755,55748503,41638068.00
2022/06/24,0.757,0.768,0.755,0.766,51414806,39185452.00
2022/06/27,0.766,0.778,0.766,0.773,55399334,42806032.00
2022/06/28,0.773,0.790,0.761,0.786,60778506,47106588.00
2022/06/29,0.785,0.802,0.780,0.781,64756845,51186112.00
2022/06/30,0.777,0.793,0.777,0.788,57923131,45529728.00
2022/07/01,0.781,0.791,0.779,0.784,46679928,36657836.00
2022/07/04,0.780,0.781,0.770,0.781,52713228,40916580.00
2022/07/05,0.785,0.786,0.760,0.770,52400619,40359328.00
2022/07/06,0.769,0.778,0.761,0.769,51427401,39625792.00
2022/07/07,0.769,0.769,0.756,0.762,42328712,32304878.00
2022/07/08,0.763,0.774,0.762,0.763,48486813,37211952.00
2022/07/11,0.760,0.760,0.740,0.746,57727690,43044008.00
2022/07/12,0.746,0.747,0.728,0.728,53784300,39494960.00
2022/07/13,0.728,0.731,0.721,0.726,57908902,42021340.00
2022/07/14,0.725,0.738,0.722,0.730,47208403,34560800.00
2022/07/15,0.728,0.739,0.722,0.723,50718701,37035872.00
2022/07/18,0.723,0.737,0.716,0.736,49486333,36039600.00
2022/07/19,0.733,0.747,0.732,0.747,55410638,41108616.00
2022/07/20,0.749,0.753,0.745,0.750,43806703,32834490.00
2022/07/21,0.746,0.759,0.746,0.753,55496034,41991420.00
2022/07/22,0.758,0.758,0.736,0.742,52220439,38885096.00
2022/07/25,0.743,0.745,0.731,0.736,46361606,34129588.00
2022/07/26,0.735,0.743,0.731,0.742,53966540,39824708.00
2022/07/27,0.740,0.748,0.739,0.745,62723005,46670916.00
2022/07/28,0.748,0.763,0.748,0.760,76607602,58113280.00
2022/07/29,0.760,0.761,0.746,0.748,52850900,39703940.00
2022/08/01,0.744,0.758,0.736,0.758,55664800,41723640.00
2022/08/02,0.753,0.753,0.726,0.732,64080023,47127448.00
2022/08/03,0.730,0.760,0.730,0.744,70147304,52508820.00
2022/08/04,0.750,0.756,0.745,0.752,52964004,39683392.00
2022/08/05,0.755,0.786,0.754,0.786,82831819,64049372.00
2022/08/08,0.787,0.791,0.776,0.783,50743877,39588784.00
2022/08/09,0.784,0.784,0.770,0.780,59124504,45808792.00
2022/08/10,0.772,0.779,0.767,0.769,54976068,42458200.00
2022/08/11,0.770,0.784,0.770,0.784,61126004,47583124.00
2022/08/12,0.787,0.789,0.771,0.774,56906501,44106876.00
2022/08/15,0.767,0.772,0.756,0.757,88764937,67331808.00
2022/08/16,0.759,0.761,0.750,0.753,74455233,56135408.00
2022/08/17,0.755,0.759,0.746,0.759,60147108,45247588.00
2022/08/18,0.754,0.756,0.750,0.755,48460006,36521804.00
2022/08/19,0.755,0.764,0.739,0.740,79264208,59398936.00
2022/08/22,0.737,0.742,0.729,0.742,43094414,31823134.00
2022/08/23,0.741,0.743,0.737,0.740,43391964,32103004.00
2022/08/24,0.740,0.740,0.709,0.711,84607399,60867048.00
2022/08/25,0.714,0.715,0.696,0.705,72078754,50629896.00
2022/08/26,0.705,0.709,0.695,0.698,75573731,53034024.00
2022/08/29,0.691,0.698,0.685,0.696,59090700,40951096.00
2022/08/30,0.697,0.705,0.695,0.701,46431400,32430344.00
2022/08/31,0.698,0.702,0.686,0.693,72542402,50250288.00
2022/09/01,0.693,0.702,0.691,0.692,60786802,42337392.00
2022/09/02,0.694,0.701,0.692,0.698,50209403,34972888.00
2022/09/05,0.691,0.695,0.682,0.687,53153401,36464028.00
2022/09/06,0.688,0.690,0.682,0.690,52229905,35850700.00
2022/09/07,0.689,0.700,0.687,0.695,54678701,37989736.00
2022/09/08,0.697,0.697,0.685,0.685,47980002,33051818.00
2022/09/09,0.684,0.690,0.681,0.690,57442202,39406312.00
2022/09/13,0.691,0.698,0.690,0.692,45583600,31590610.00
2022/09/14,0.685,0.688,0.680,0.687,49462200,33829720.00
2022/09/15,0.688,0.690,0.666,0.672,69196000,46811516.00
2022/09/16,0.672,0.683,0.670,0.670,64444661,43608140.00
2022/09/19,0.672,0.672,0.655,0.658,57830104,38263472.00
2022/09/20,0.658,0.664,0.655,0.659,52606509,34692036.00
2022/09/21,0.659,0.661,0.645,0.656,48079000,31406942.00
2022/09/22,0.652,0.664,0.651,0.655,45105401,29704860.00
2022/09/23,0.651,0.656,0.637,0.641,60267009,38949724.00
2022/09/26,0.639,0.645,0.634,0.635,48854202,31230296.00
2022/09/27,0.634,0.649,0.634,0.648,55270501,35429156.00
2022/09/28,0.646,0.648,0.636,0.636,49996201,32118814.00
2022/09/29,0.642,0.646,0.631,0.635,50186812,32059408.00
2022/09/30,0.636,0.638,0.626,0.627,49073418,30998870.00
2022/10/10,0.626,0.627,0.595,0.597,71885373,43461904.00
2022/10/11,0.600,0.601,0.590,0.597,53930507,32107330.00
2022/10/12,0.597,0.615,0.588,0.614,69756105,41646884.00
2022/10/13,0.612,0.632,0.606,0.624,71453808,44626456.00
2022/10/14,0.632,0.641,0.626,0.639,65961502,41909116.00
2022/10/17,0.632,0.654,0.632,0.653,64838506,42143508.00
2022/10/18,0.656,0.658,0.646,0.650,61197304,39768888.00
2022/10/19,0.648,0.650,0.642,0.643,58962818,38104476.00
2022/10/20,0.642,0.659,0.636,0.650,67237201,43521660.00
2022/10/21,0.651,0.653,0.639,0.650,61845737,39971528.00
2022/10/24,0.651,0.665,0.642,0.648,57966707,37822188.00
2022/10/25,0.643,0.647,0.630,0.638,62577402,39945224.00
2022/10/26,0.640,0.663,0.632,0.659,75487513,49392752.00
2022/10/27,0.663,0.675,0.660,0.665,71874330,47965832.00
2022/10/28,0.666,0.670,0.642,0.646,69050900,45286080.00
2022/10/31,0.639,0.670,0.638,0.664,67037410,44304004.00
2022/11/01,0.663,0.680,0.661,0.678,68771401,46161712.00
2022/11/02,0.680,0.690,0.676,0.688,69008501,47183640.00
2022/11/03,0.688,0.692,0.679,0.687,60164501,41205440.00
2022/11/04,0.687,0.697,0.682,0.695,63490110,43924036.00
2022/11/07,0.693,0.703,0.687,0.691,65759005,45530612.00
2022/11/08,0.691,0.692,0.681,0.690,60496000,41539500.00
2022/11/09,0.688,0.692,0.680,0.682,49432304,33892708.00
2022/11/10,0.680,0.687,0.673,0.677,51944704,35262932.00
2022/11/11,0.690,0.698,0.680,0.685,58996125,40499928.00
2022/11/14,0.687,0.695,0.679,0.684,53171316,36428320.00
2022/11/15,0.683,0.714,0.681,0.713,99977807,70420352.00
2022/11/16,0.713,0.721,0.706,0.710,54112506,38522696.00
2022/11/17,0.712,0.726,0.700,0.726,69864114,49638948.00
2022/11/18,0.727,0.734,0.710,0.714,60400603,43767260.00
2022/11/21,0.710,0.715,0.698,0.711,59502602,41926076.00
2022/11/22,0.712,0.713,0.697,0.699,49304401,34748560.00
2022/11/23,0.697,0.704,0.686,0.697,58071204,40241792.00
2022/11/24,0.693,0.700,0.689,0.690,49579808,34324604.00
2022/11/25,0.689,0.694,0.682,0.683,46434725,31856806.00
2022/11/28,0.676,0.680,0.670,0.674,51463706,34677320.00
2022/11/29,0.674,0.691,0.673,0.690,57550100,39268424.00
2022/11/30,0.690,0.690,0.683,0.687,38962504,26741956.00
2022/12/01,0.694,0.704,0.693,0.700,54485307,38154692.00
2022/12/02,0.699,0.712,0.697,0.702,56329900,39793208.00
2022/12/05,0.706,0.710,0.703,0.709,53735601,38002464.00
2022/12/06,0.708,0.721,0.706,0.715,58270201,41770916.00
2022/12/07,0.712,0.714,0.707,0.712,49920130,35424356.00
2022/12/08,0.712,0.712,0.701,0.702,43928409,30873896.00
2022/12/09,0.705,0.707,0.697,0.703,51215722,35929888.00
2022/12/12,0.703,0.721,0.700,0.717,66367831,47353244.00
2022/12/13,0.717,0.719,0.700,0.702,51270405,36250472.00
2022/12/14,0.710,0.712,0.701,0.702,46299400,32720640.00
2022/12/15,0.707,0.712,0.697,0.709,44004101,31134516.00
2022/12/16,0.707,0.707,0.693,0.694,40367900,28140190.00
2022/12/19,0.694,0.698,0.679,0.682,48190903,33105646.00
2022/12/20,0.682,0.688,0.668,0.671,50235902,33907084.00
2022/12/21,0.674,0.675,0.662,0.664,50788912,33955360.00
2022/12/22,0.675,0.676,0.663,0.665,38287201,25659200.00
2022/12/23,0.664,0.674,0.663,0.667,46380614,30948806.00
2022/12/26,0.673,0.678,0.667,0.675,38925200,26245414.00
2022/12/27,0.684,0.684,0.671,0.678,35272714,23832480.00
2022/12/28,0.676,0.677,0.666,0.668,35804502,23960644.00
2022/12/29,0.664,0.678,0.664,0.672,33874714,22752372.00
2022/12/30,0.677,0.678,0.671,0.673,37881201,25516978.00
2023/01/03,0.677,0.698,0.670,0.695,81196106,55770780.00
2023/01/04,0.695,0.702,0.692,0.698,45958901,32034286.00
2023/01/05,0.700,0.711,0.698,0.710,51946700,36609664.00
2023/01/06,0.707,0.710,0.703,0.706,39593915,27978436.00
2023/01/09,0.707,0.711,0.701,0.703,41560120,29340038.00
2023/01/10,0.705,0.709,0.700,0.706,39168906,27584534.00
2023/01/11,0.708,0.708,0.691,0.693,47768300,33305696.00
2023/01/12,0.694,0.699,0.689,0.695,47114538,32662252.00
2023/01/13,0.694,0.698,0.691,0.697,34180105,23718764.00
2023/01/16,0.695,0.724,0.693,0.721,64286194,46043352.00
2023/01/17,0.721,0.730,0.719,0.725,33448102,24269866.00
2023/01/18,0.725,0.737,0.723,0.733,42961108,31445690.00
2023/01/19,0.732,0.757,0.730,0.756,61669000,46148060.00
2023/01/20,0.758,0.770,0.756,0.762,85502519,65364852.00
2023/01/30,0.778,0.783,0.768,0.771,80728705,62511800.00
2023/01/31,0.770,0.771,0.750,0.755,66429703,50289760.00
2023/02/01,0.755,0.771,0.753,0.771,73374765,55964924.00
2023/02/02,0.778,0.783,0.770,0.775,103150920,80123048.00
2023/02/03,0.773,0.782,0.761,0.781,113311306,87226976.00
2023/02/06,0.779,0.791,0.773,0.782,138799065,108376592.00
2023/02/07,0.779,0.785,0.773,0.782,94233467,73446224.00
2023/02/08,0.784,0.789,0.777,0.779,76019309,59432044.00
2023/02/09,0.770,0.808,0.770,0.807,168116516,133419832.00
2023/02/10,0.810,0.812,0.790,0.796,144776207,116099856.00
2023/02/13,0.792,0.810,0.790,0.810,112471100,90102560.00
2023/02/14,0.812,0.815,0.797,0.805,98079301,78867904.00
2023/02/15,0.806,0.827,0.799,0.826,170829110,139464128.00
2023/02/16,0.826,0.839,0.801,0.811,185232121,152671424.00
2023/02/17,0.808,0.809,0.776,0.780,176155609,139341920.00
2023/02/20,0.775,0.808,0.775,0.807,184405005,146078688.00
2023/02/21,0.808,0.816,0.796,0.803,155003606,124973312.00
2023/02/22,0.797,0.811,0.791,0.807,197955809,158811552.00
2023/02/23,0.804,0.806,0.789,0.795,99290902,79086272.00
2023/02/24,0.793,0.805,0.790,0.800,113829644,90975576.00
2023/02/27,0.793,0.799,0.784,0.787,87976830,69522808.00
2023/02/28,0.798,0.810,0.790,0.803,136738200,109514104.00
2023/03/01,0.802,0.836,0.800,0.834,210809733,173404304.00
2023/03/02,0.836,0.841,0.829,0.835,246867012,206099920.00
2023/03/03,0.828,0.829,0.811,0.822,178936107,146822272.00
2023/03/06,0.817,0.826,0.817,0.823,103129601,84714720.00
2023/03/07,0.820,0.826,0.800,0.802,100600504,81643520.00
2023/03/08,0.801,0.812,0.799,0.811,93714006,75412184.00
2023/03/09,0.808,0.817,0.802,0.815,99909319,80945696.00
2023/03/10,0.807,0.815,0.801,0.803,110050476,88910160.00
2023/03/13,0.800,0.829,0.796,0.828,113245810,92425792.00
2023/03/14,0.825,0.833,0.809,0.825,96954409,79680264.00
2023/03/15,0.828,0.836,0.819,0.820,69521417,57523716.00
2023/03/16,0.815,0.826,0.809,0.811,96213403,78588312.00
2023/03/17,0.818,0.851,0.818,0.846,186194686,155936528.00
2023/03/20,0.851,0.868,0.846,0.848,220884532,189128112.00
2023/03/21,0.841,0.857,0.838,0.854,95155303,80756488.00
2023/03/22,0.850,0.877,0.846,0.875,224896285,194141216.00
2023/03/23,0.872,0.920,0.870,0.920,261596920,235044176.00
2023/03/24,0.920,0.942,0.907,0.942,382729066,354804480.00
2023/03/27,0.942,0.953,0.917,0.936,371337996,347560160.00
2023/03/28,0.931,0.932,0.906,0.914,340694925,312940256.00
2023/03/29,0.904,0.938,0.896,0.921,311530536,286199616.00
2023/03/30,0.917,0.926,0.900,0.910,288115864,262997424.00
2023/03/31,0.908,0.936,0.896,0.935,309433914,282929088.00
2023/04/03,0.940,0.980,0.939,0.979,306598899,294059264.00
2023/04/04,0.979,1.017,0.975,1.000,342739688,341090464.00
2023/04/06,0.977,1.017,0.977,0.999,344659841,345469344.00
2023/04/07,1.000,1.019,0.993,1.015,217635993,219319920.00
2023/04/10,1.027,1.032,0.960,0.964,295980582,294499232.00
2023/04/11,0.963,0.981,0.950,0.971,225331953,218085888.00
2023/04/12,0.970,1.007,0.966,1.002,277159604,274698048.00
2023/04/13,0.995,0.995,0.955,0.958,250733379,244298384.00
2023/04/14,0.959,0.968,0.934,0.964,188248899,179600944.00
2023/04/17,0.958,0.962,0.943,0.956,195655244,186244048.00
2023/04/18,0.953,0.966,0.939,0.961,242310592,230738480.00
2023/04/19,0.961,0.988,0.959,0.964,293004551,285294432.00
2023/04/20,0.960,0.996,0.960,0.996,384239729,376171424.00
2023/04/21,0.995,0.995,0.933,0.935,347536484,332722624.00
2023/04/24,0.930,0.939,0.919,0.926,240255874,223222992.00
2023/04/25,0.920,0.935,0.905,0.921,231076846,212699744.00
2023/04/26,0.917,0.920,0.873,0.880,346574701,309136992.00
2023/04/27,0.870,0.891,0.861,0.870,242097616,212030272.00
2023/04/28,0.863,0.893,0.861,0.891,279802603,246610480.00
2023/05/04,0.888,0.889,0.863,0.876,189910818,166174640.00
2023/05/05,0.876,0.880,0.852,0.860,345139315,297960640.00
2023/05/08,0.867,0.883,0.857,0.882,338235649,295858304.00
2023/05/09,0.880,0.890,0.872,0.872,334524845,294616288.00
2023/05/10,0.869,0.882,0.858,0.867,286549330,249299808.00
2023/05/11,0.869,0.874,0.853,0.855,175159284,150862256.00
2023/05/12,0.853,0.861,0.845,0.847,228174203,194669472.00
2023/05/15,0.846,0.853,0.828,0.852,199251708,167562128.00
2023/05/16,0.855,0.855,0.833,0.834,182480503,153659968.00
2023/05/17,0.831,0.847,0.827,0.840,178924393,150080912.00
2023/05/18,0.844,0.867,0.838,0.862,409116286,350966336.00
2023/05/19,0.868,0.876,0.861,0.868,298430822,259622928.00
2023/05/22,0.868,0.870,0.851,0.862,228030041,196099408.00
2023/05/23,0.857,0.861,0.847,0.847,177914004,151765840.00
2023/05/24,0.845,0.857,0.835,0.840,282360813,238587488.00
2023/05/25,0.844,0.860,0.829,0.849,488305602,411723136.00
2023/05/26,0.850,0.871,0.846,0.868,495203011,426228864.00
2023/05/29,0.876,0.883,0.860,0.861,360111200,313182176.00
2023/05/30,0.857,0.892,0.851,0.890,443686854,388786400.00
2023/05/31,0.890,0.906,0.886,0.905,502517101,450814720.00
2023/06/01,0.897,0.933,0.894,0.917,522067784,478598656.00
2023/06/02,0.922,0.924,0.910,0.916,306640182,281125760.00
2023/06/05,0.915,0.925,0.912,0.918,225298193,206716192.00
2023/06/06,0.917,0.918,0.884,0.889,400436723,361378144.00
2023/06/07,0.888,0.901,0.881,0.894,280213155,250359888.00
2023/06/08,0.890,0.892,0.871,0.884,264734546,233495680.00
2023/06/09,0.883,0.896,0.872,0.896,302921599,267643664.00
2023/06/12,0.898,0.915,0.896,0.907,294904367,267251552.00
2023/06/13,0.904,0.945,0.895,0.941,382292932,354315552.00
2023/06/14,0.938,0.954,0.926,0.945,331311430,311536064.00
2023/06/15,0.950,0.955,0.935,0.940,308490661,290664992.00
2023/06/16,0.933,0.978,0.930,0.976,474563383,453803456.00
2023/06/19,0.977,1.014,0.976,1.013,405218718,403261152.00
2023/06/20,1.008,1.034,0.998,1.032,445066816,451556512.00
2023/06/21,1.021,1.022,0.980,0.980,469211015,468926080.00
2023/06/26,0.962,0.974,0.925,0.929,333619446,316601856.00
2023/06/27,0.928,0.940,0.917,0.931,405903950,376821760.00
2023/06/28,0.924,0.925,0.880,0.896,384895757,344687456.00
2023/06/29,0.892,0.906,0.888,0.904,273530279,245577136.00
2023/06/30,0.894,0.914,0.892,0.908,248549076,224198336.00
2023/07/03,0.908,0.913,0.884,0.909,305700134,275137376.00
2023/07/04,0.900,0.939,0.900,0.932,288936755,266608192.00
2023/07/05,0.926,0.933,0.910,0.913,215036217,198220224.00
2023/07/06,0.905,0.935,0.903,0.919,308666546,285065088.00
2023/07/07,0.913,0.917,0.886,0.907,264157867,238369408.00
2023/07/10,0.906,0.908,0.895,0.900,190374511,171459856.00
2023/07/11,0.896,0.923,0.896,0.920,242531206,221656272.00
2023/07/12,0.914,0.920,0.890,0.892,322188884,290839936.00
2023/07/13,0.897,0.913,0.891,0.910,308465396,277860928.00
2023/07/14,0.912,0.930,0.912,0.918,259249283,238717984.00
2023/07/17,0.915,0.929,0.911,0.920,213526202,196475072.00
2023/07/18,0.921,0.924,0.905,0.905,215976441,197314560.00
2023/07/19,0.914,0.921,0.900,0.904,163705910,149033696.00
2023/07/20,0.904,0.906,0.868,0.869,334935104,296521312.00
2023/07/21,0.865,0.872,0.855,0.863,220185524,190217840.00
2023/07/24,0.858,0.882,0.856,0.864,216073519,187524096.00
2023/07/25,0.876,0.887,0.866,0.883,258623219,227062384.00
2023/07/26,0.880,0.881,0.861,0.863,236120950,204599840.00
2023/07/27,0.864,0.869,0.854,0.859,221326700,190736112.00
2023/07/28,0.852,0.866,0.850,0.864,233346541,200487376.00
2023/07/31,0.864,0.879,0.860,0.871,256745647,223943024.00
2023/08/01,0.867,0.880,0.861,0.876,282916138,246480368.00
2023/08/02,0.871,0.879,0.868,0.875,241386014,210995152.00
2023/08/03,0.870,0.880,0.866,0.874,179370155,156506720.00
2023/08/04,0.877,0.899,0.875,0.896,354261436,314942848.00
2023/08/07,0.896,0.911,0.892,0.898,380627423,342730240.00
2023/08/08,0.896,0.900,0.888,0.889,359474314,321554336.00
2023/08/09,0.885,0.891,0.867,0.870,287676682,252333840.00
2023/08/10,0.865,0.872,0.862,0.867,166354786,144164368.00
2023/08/11,0.868,0.873,0.846,0.846,229993511,197288752.00
2023/08/14,0.837,0.857,0.837,0.857,248213803,210106640.00
2023/08/15,0.859,0.862,0.835,0.843,204574000,173239440.00
2023/08/16,0.836,0.840,0.812,0.813,251183511,206847632.00
2023/08/17,0.809,0.827,0.804,0.821,194902151,159300128.00
2023/08/18,0.821,0.827,0.799,0.799,167782953,136163696.00
2023/08/21,0.798,0.814,0.796,0.800,188436504,151615680.00
2023/08/22,0.806,0.823,0.797,0.823,285180000,230245024.00
2023/08/23,0.817,0.817,0.792,0.793,393270100,315602304.00
2023/08/24,0.803,0.808,0.792,0.796,261498416,208984096.00
2023/08/25,0.782,0.782,0.752,0.760,359629611,275665408.00
2023/08/28,0.803,0.807,0.766,0.768,612243307,478103200.00
2023/08/29,0.767,0.801,0.764,0.797,303961635,239073952.00
2023/08/30,0.799,0.820,0.799,0.814,296999966,240398320.00
2023/08/31,0.812,0.821,0.805,0.814,239165959,194734224.00
2023/09/01,0.814,0.815,0.800,0.806,139667004,112588352.00
2023/09/04,0.809,0.813,0.802,0.813,295862286,238508976.00
2023/09/05,0.815,0.815,0.799,0.801,178411921,143841568.00
2023/09/06,0.798,0.805,0.788,0.804,169440535,135182784.00
2023/09/07,0.801,0.801,0.782,0.782,695438624,548008512.00
2023/09/08,0.780,0.785,0.774,0.780,164399805,128313576.00
2023/09/11,0.779,0.808,0.777,0.795,214616097,169942768.00
2023/09/12,0.794,0.802,0.792,0.794,153679104,122407328.00
2023/09/13,0.792,0.792,0.768,0.775,241275806,187359488.00
2023/09/14,0.775,0.778,0.763,0.768,141205470,108773256.00
2023/09/15,0.768,0.770,0.755,0.759,172602204,131394576.00
2023/09/18,0.756,0.767,0.753,0.757,147550632,112069664.00
2023/09/19,0.757,0.758,0.743,0.745,157554804,117752560.00
2023/09/20,0.747,0.753,0.740,0.741,161098919,120248520.00
2023/09/21,0.738,0.749,0.737,0.739,142778910,106047280.00
2023/09/22,0.737,0.777,0.737,0.777,416647724,317609056.00
2023/09/25,0.779,0.779,0.760,0.762,198428035,152153360.00
2023/09/26,0.762,0.785,0.762,0.773,271908200,211024320.00
2023/09/27,0.767,0.778,0.766,0.774,262067413,202790608.00
2023/09/28,0.775,0.782,0.772,0.777,212729661,165138688.00
2023/10/09,0.775,0.784,0.770,0.780,198938269,154729712.00
2023/10/10,0.781,0.785,0.774,0.779,175105978,136503776.00
2023/10/11,0.780,0.801,0.778,0.794,255078716,201748240.00
2023/10/12,0.797,0.798,0.784,0.789,194188057,153051888.00
2023/10/13,0.783,0.785,0.771,0.773,226063509,175848672.00
2023/10/16,0.772,0.773,0.756,0.760,206265847,157574992.00
2023/10/17,0.760,0.764,0.752,0.761,139568533,105814112.00
2023/10/18,0.753,0.756,0.735,0.746,212737060,158099488.00
2023/10/19,0.740,0.758,0.739,0.743,174210878,130740592.00
2023/10/20,0.739,0.743,0.718,0.718,309740486,225050288.00
2023/10/23,0.718,0.724,0.702,0.709,192675060,137091808.00
2023/10/24,0.712,0.720,0.702,0.710,198964148,140907584.00
2023/10/25,0.714,0.725,0.711,0.715,220229954,158167568.00
2023/10/26,0.709,0.716,0.704,0.716,174581320,123796400.00
2023/10/27,0.711,0.724,0.708,0.721,237675509,170334912.00
2023/10/30,0.717,0.741,0.717,0.737,306642231,224250560.00
2023/10/31,0.737,0.739,0.725,0.731,211989917,154800816.00
2023/11/01,0.730,0.737,0.726,0.727,278542728,203693328.00
2023/11/02,0.727,0.734,0.719,0.720,171602597,124780736.00
2023/11/03,0.723,0.741,0.722,0.738,262970630,193326368.00
2023/11/06,0.744,0.763,0.742,0.760,354645650,267598768.00
2023/11/07,0.760,0.779,0.756,0.773,387020043,297276000.00
2023/11/08,0.772,0.787,0.770,0.779,309496037,240994064.00
2023/11/09,0.777,0.786,0.771,0.778,256604390,199736928.00
2023/11/10,0.770,0.779,0.769,0.771,221692903,171351536.00
2023/11/13,0.777,0.794,0.777,0.782,244861033,192250224.00
2023/11/14,0.782,0.794,0.782,0.791,202712000,159946928.00
2023/11/15,0.805,0.805,0.789,0.792,236606993,188165424.00
2023/11/16,0.792,0.795,0.780,0.780,201020140,158314848.00
2023/11/17,0.777,0.790,0.777,0.789,198550097,155820448.00
2023/11/20,0.789,0.797,0.778,0.792,176315485,138904608.00
2023/11/21,0.791,0.796,0.778,0.781,236364212,185926128.00
2023/11/22,0.779,0.781,0.767,0.767,190943302,147636016.00
2023/11/23,0.766,0.778,0.757,0.776,167616804,128758840.00
2023/11/24,0.775,0.777,0.755,0.759,229178000,174602864.00
2023/11/27,0.755,0.763,0.753,0.760,140744300,106610328.00
2023/11/28,0.760,0.760,0.751,0.757,142938555,107999384.00
2023/11/29,0.756,0.761,0.751,0.752,123964921,93678760.00
2023/11/30,0.753,0.756,0.745,0.751,146314061,109653808.00
2023/12/01,0.751,0.775,0.747,0.773,319437810,243636528.00
2023/12/04,0.775,0.784,0.771,0.771,271623707,211306048.00
2023/12/05,0.765,0.768,0.746,0.747,295813589,223806368.00
2023/12/06,0.743,0.753,0.739,0.745,224982039,167708960.00
2023/12/07,0.749,0.760,0.744,0.754,233985924,175900640.00
2023/12/08,0.756,0.784,0.756,0.779,479234700,370613824.00
2023/12/11,0.772,0.797,0.769,0.796,453253902,355617568.00
2023/12/12,0.795,0.798,0.783,0.790,280905305,221924976.00
2023/12/13,0.790,0.794,0.778,0.779,332617974,261333536.00
2023/12/14,0.783,0.791,0.774,0.777,261407481,204627072.00
2023/12/15,0.779,0.781,0.763,0.766,328691803,252898336.00
2023/12/18,0.762,0.768,0.754,0.757,250186636,190575376.00
2023/12/19,0.757,0.767,0.751,0.763,226088600,171603920.00
2023/12/20,0.764,0.764,0.738,0.738,359177169,268597664.00
2023/12/21,0.734,0.758,0.733,0.749,326424202,243408352.00
2023/12/22,0.748,0.750,0.729,0.733,405598077,299621088.00
2023/12/25,0.733,0.741,0.725,0.736,179798338,132133832.00
2023/12/26,0.734,0.735,0.713,0.720,222360230,160310704.00
2023/12/27,0.721,0.729,0.720,0.723,223746401,162102176.00
2023/12/28,0.723,0.744,0.718,0.740,324427211,238242768.00
2023/12/29,0.740,0.753,0.739,0.749,285249001,213523120.00
2024/01/02,0.752,0.752,0.734,0.735,246480179,182299824.00
2024/01/03,0.731,0.731,0.709,0.715,380469489,273458720.00
2024/01/04,0.713,0.714,0.701,0.706,300298900,211847344.00
2024/01/05,0.706,0.707,0.686,0.690,290715100,202576112.00
2024/01/08,0.688,0.688,0.671,0.672,244749920,165950464.00
2024/01/09,0.675,0.682,0.664,0.671,327568979,220798144.00
2024/01/10,0.670,0.671,0.653,0.659,288009503,190612576.00
2024/01/11,0.659,0.679,0.657,0.676,393057478,263870784.00
2024/01/12,0.674,0.675,0.663,0.665,219352102,146628576.00
2024/01/15,0.660,0.669,0.657,0.660,210892301,139567584.00
2024/01/16,0.658,0.659,0.646,0.655,325602326,212285072.00
2024/01/17,0.655,0.660,0.644,0.644,253764655,165930400.00
2024/01/18,0.642,0.663,0.635,0.662,411864845,266149904.00
2024/01/19,0.658,0.666,0.655,0.655,343370049,226694800.00
2024/01/22,0.660,0.664,0.627,0.633,546365702,353800512.00
2024/01/23,0.633,0.655,0.627,0.650,392730590,252684096.00
2024/01/24,0.654,0.656,0.629,0.655,588404800,377716576.00
2024/01/25,0.650,0.671,0.644,0.670,553308743,365817888.00
2024/01/26,0.667,0.670,0.655,0.657,354051183,234435264.00
2024/01/29,0.656,0.659,0.633,0.635,372739512,239004368.00
2024/01/30,0.628,0.642,0.620,0.621,319034424,201362176.00
2024/01/31,0.616,0.620,0.596,0.597,352988522,214334400.00
2024/02/01,0.592,0.623,0.588,0.608,389845859,236724016.00
2024/02/02,0.607,0.617,0.567,0.583,428233661,254346992.00
2024/02/05,0.581,0.593,0.549,0.572,477979768,274212384.00
2024/02/06,0.565,0.619,0.562,0.618,467045677,278540384.00
2024/02/07,0.618,0.636,0.613,0.630,390934461,245810624.00
2024/02/08,0.634,0.663,0.634,0.651,394753324,257261696.00
2024/02/19,0.690,0.692,0.666,0.692,1087894873,737497664.00
2024/02/20,0.689,0.689,0.673,0.683,665057389,452489344.00
2024/02/21,0.672,0.694,0.670,0.679,630653871,430050976.00
2024/02/22,0.690,0.706,0.690,0.699,756309177,527277184.00
2024/02/23,0.708,0.709,0.692,0.701,544525659,380243264.00
2024/02/26,0.698,0.716,0.695,0.707,578975683,409518208.00
2024/02/27,0.701,0.748,0.698,0.747,863459369,624994112.00
2024/02/28,0.748,0.763,0.711,0.712,1120722018,829720128.00
2024/02/29,0.708,0.744,0.707,0.744,913574895,668705152.00
2024/03/01,0.743,0.777,0.741,0.774,896667453,682870080.00
2024/03/04,0.784,0.790,0.764,0.782,1141883141,889841024.00
2024/03/05,0.773,0.800,0.769,0.781,1165753918,915386688.00
2024/03/06,0.772,0.780,0.758,0.773,1029338152,792482560.00
2024/03/07,0.774,0.781,0.750,0.752,1008042021,768975808.00
2024/03/08,0.755,0.770,0.745,0.766,889529666,672926656.00
2024/03/11,0.752,0.775,0.748,0.774,856762017,652386368.00
2024/03/12,0.775,0.782,0.763,0.772,679419535,524585408.00
2024/03/13,0.782,0.788,0.772,0.775,766689766,598187200.00
2024/03/14,0.766,0.776,0.756,0.766,708786059,543113216.00
2024/03/15,0.763,0.779,0.755,0.779,850488997,652069952.00
2024/03/18,0.779,0.797,0.779,0.796,750634710,592250624.00
2024/03/19,0.792,0.798,0.785,0.786,621476656,491208000.00
2024/03/20,0.783,0.793,0.780,0.792,584034789,460376256.00
2024/03/21,0.798,0.804,0.787,0.787,705150279,560561856.00
2024/03/22,0.786,0.790,0.771,0.781,657094740,512541536.00
2024/03/25,0.780,0.788,0.763,0.765,563044917,437553600.00
2024/03/26,0.760,0.773,0.741,0.745,717718003,542522816.00
2024/03/27,0.744,0.746,0.717,0.717,642009011,468322496.00
2024/03/28,0.720,0.754,0.718,0.746,819556647,606002048.00
2024/03/29,0.743,0.743,0.726,0.738,526431258,386156896.00
2024/04/01,0.743,0.758,0.739,0.758,583071172,438272064.00
2024/04/02,0.754,0.756,0.736,0.742,617684226,460009184.00
2024/04/03,0.739,0.740,0.719,0.724,580922796,421664384.00
2024/04/08,0.720,0.730,0.718,0.719,428494479,309673728.00
2024/04/09,0.717,0.721,0.708,0.720,419464401,299846816.00
2024/04/10,0.719,0.719,0.696,0.701,523322532,368041984.00
2024/04/11,0.701,0.722,0.701,0.711,611763533,436894176.00
2024/04/12,0.715,0.728,0.715,0.715,533457324,384442464.00
2024/04/15,0.711,0.725,0.709,0.719,439878663,315954432.00
2024/04/16,0.715,0.719,0.696,0.699,517890605,365752896.00
2024/04/17,0.707,0.727,0.703,0.726,602567226,432762304.00
2024/04/18,0.720,0.732,0.711,0.721,412135379,297390592.00
2024/04/19,0.713,0.716,0.693,0.700,651949039,457511584.00
2024/04/22,0.681,0.697,0.669,0.693,475238585,326630336.00
2024/04/23,0.696,0.701,0.686,0.691,345493206,239186512.00
2024/04/24,0.696,0.718,0.693,0.716,630084094,446481152.00
2024/04/25,0.710,0.718,0.706,0.710,342482415,243345696.00
2024/04/26,0.716,0.742,0.716,0.738,770696756,565628096.00
2024/04/29,0.746,0.767,0.746,0.761,695676581,527868160.00
2024/04/30,0.764,0.768,0.753,0.758,583402624,443643072.00
2024/05/06,0.776,0.778,0.761,0.763,621565150,477248096.00
2024/05/07,0.763,0.772,0.750,0.753,516269564,391983008.00
2024/05/08,0.749,0.750,0.737,0.738,406574819,301314624.00
2024/05/09,0.739,0.748,0.736,0.747,452099037,335409408.00
2024/05/10,0.746,0.747,0.734,0.738,402254804,296929632.00
2024/05/13,0.733,0.741,0.727,0.734,305288765,224177936.00
2024/05/14,0.739,0.742,0.725,0.733,449182497,328994912.00
2024/05/15,0.731,0.735,0.723,0.723,378103897,275424704.00
2024/05/16,0.731,0.737,0.726,0.727,515790200,377133120.00
2024/05/17,0.725,0.735,0.720,0.735,459712003,334818912.00
2024/05/20,0.734,0.749,0.730,0.746,619153586,460064384.00
2024/05/21,0.746,0.748,0.739,0.741,319997197,237722928.00
2024/05/22,0.742,0.744,0.734,0.743,368565187,272517920.00
2024/05/23,0.747,0.748,0.727,0.728,559063100,409819872.00
2024/05/24,0.726,0.736,0.708,0.709,499302700,359951584.00
2024/05/27,0.710,0.719,0.702,0.719,522952312,371329952.00
2024/05/28,0.716,0.721,0.707,0.707,359139601,255864864.00
2024/05/29,0.711,0.715,0.703,0.707,299836341,212577888.00
2024/05/30,0.701,0.713,0.696,0.709,366518902,258640240.00
2024/05/31,0.709,0.721,0.705,0.712,348313719,248912448.00
2024/06/03,0.714,0.728,0.712,0.724,467222984,337248768.00
2024/06/04,0.723,0.728,0.718,0.727,338344577,244808416.00
2024/06/05,0.726,0.734,0.724,0.724,370615700,270264992.00
2024/06/06,0.729,0.733,0.718,0.720,424742331,308559168.00
2024/06/07,0.720,0.723,0.705,0.710,361240448,257400480.00
2024/06/11,0.707,0.721,0.705,0.720,355827170,254263792.00
2024/06/12,0.721,0.730,0.720,0.725,325389738,236134832.00
2024/06/13,0.726,0.735,0.722,0.730,390056802,284639680.00
2024/06/14,0.727,0.752,0.726,0.746,566714368,419879936.00
2024/06/17,0.744,0.752,0.743,0.746,359269705,268824512.00
2024/06/18,0.746,0.766,0.744,0.759,454629337,345261024.00
2024/06/19,0.763,0.765,0.751,0.752,309674477,234110688.00
2024/06/20,0.752,0.753,0.739,0.739,365187109,272083456.00
2024/06/21,0.733,0.745,0.727,0.744,283245056,208772048.00
2024/06/24,0.738,0.743,0.721,0.722,418888094,306736608.00
2024/06/25,0.720,0.721,0.698,0.703,391559703,277869440.00
2024/06/26,0.707,0.733,0.706,0.730,435972820,312831616.00
2024/06/27,0.726,0.729,0.715,0.716,282370807,203999968.00
2024/06/28,0.715,0.729,0.713,0.716,355867712,256882128.00
