date,code,open,high,low,close,preclose,volume,amount,adjustflag,turn,tradestatus,pctChg,isST
2022-08-12,sh.688041,70.0000,73.8000,60.1000,60.1000,36.0000,119133625,7864877720.0000,3,59.684500,1,66.944400,0
2022-08-15,sh.688041,57.0000,61.1900,56.7000,56.8200,60.1000,59475630,3509521337.9600,3,29.796500,1,-5.457600,0
2022-08-16,sh.688041,56.0000,61.6600,55.0100,60.6900,56.8200,45226222,2650930792.0600,3,22.657800,1,6.811000,0
2022-08-17,sh.688041,60.3500,61.8600,56.8000,57.6400,60.6900,30965039,1814533092.2700,3,15.513100,1,-5.025500,0
2022-08-18,sh.688041,57.0200,58.7900,55.5000,57.6500,57.6400,20379982,1172481798.5000,3,10.210100,1,0.017300,0
2022-08-19,sh.688041,58.0100,59.1000,54.0200,54.2600,57.6500,19856238,1121274064.8900,3,9.947700,1,-5.880300,0
2022-08-22,sh.688041,54.0000,56.9600,53.9500,56.3500,54.2600,17120114,961875912.2100,3,8.577000,1,3.851800,0
2022-08-23,sh.688041,55.9300,60.8300,55.8000,59.8700,56.3500,21665593,1282497748.0600,3,10.854200,1,6.246700,0
2022-08-24,sh.688041,59.3000,60.9600,57.2300,58.7500,59.8700,12285793,719144880.2000,3,6.155000,1,-1.870700,0
2022-08-25,sh.688041,59.0100,59.3000,54.3500,55.3000,58.7500,13214891,738634613.7500,3,6.620500,1,-5.872300,0
2022-08-26,sh.688041,54.8100,55.9400,50.0000,50.2000,55.3000,21365287,1117262543.3600,3,10.703700,1,-9.222400,0
2022-08-29,sh.688041,49.0400,51.2700,48.6900,49.0900,50.2000,11626638,577106090.0800,3,5.824800,1,-2.211200,0
2022-08-30,sh.688041,49.0200,52.7700,48.9200,51.7400,49.0900,16427156,845275466.9000,3,8.229800,1,5.398200,0
2022-08-31,sh.688041,52.0000,53.7600,50.0000,50.1800,51.7400,12120606,626793711.3300,3,6.072300,1,-3.015100,0
2022-09-01,sh.688041,57.1000,59.8000,53.8500,54.4700,50.1800,44421194,2548811140.0500,3,22.254500,1,8.549200,0
2022-09-02,sh.688041,54.9100,59.8000,54.9100,56.1000,54.4700,26976389,1543447778.8700,3,13.514800,1,2.992500,0
2022-09-05,sh.688041,55.1000,55.6200,51.2700,52.1700,56.1000,20327715,1082191561.7800,3,10.183900,1,-7.005300,0
2022-09-06,sh.688041,52.9500,53.5800,51.3400,53.3000,52.1700,12381516,649731419.8500,3,6.203000,1,2.166000,0
2022-09-07,sh.688041,53.6000,57.2900,53.3000,54.8700,53.3000,14913190,826665169.0200,3,7.471300,1,2.945600,0
2022-09-08,sh.688041,54.8600,57.2000,54.5100,56.6200,54.8700,12792981,721847521.7800,3,6.409100,1,3.189400,0
2022-09-09,sh.688041,57.0100,57.4800,54.9200,55.8000,56.6200,6704055,375469781.7000,3,3.358600,1,-1.448300,0
2022-09-13,sh.688041,56.1900,58.2200,55.5800,55.8100,55.8000,7799766,441953878.4000,3,3.907600,1,0.017900,0
2022-09-14,sh.688041,55.0000,59.4900,54.3300,59.2100,55.8100,14025063,807139020.0900,3,7.026400,1,6.092100,0
2022-09-15,sh.688041,58.5100,61.4000,55.8000,56.2000,59.2100,16768023,978247437.8500,3,8.400600,1,-5.083600,0
2022-09-16,sh.688041,55.8900,65.2000,55.6700,62.6000,56.2000,27395163,1703335363.5200,3,13.724600,1,11.387900,0
2022-09-19,sh.688041,62.6000,68.0300,62.0800,62.8700,62.6000,21933351,1416638945.3900,3,10.988300,1,0.431300,0
2022-09-20,sh.688041,63.5000,64.8800,61.0100,62.7100,62.8700,11899013,747926762.3800,3,5.961300,1,-0.254500,0
2022-09-21,sh.688041,62.5000,63.0000,60.0600,60.8100,62.7100,10193140,626149854.3200,3,5.106600,1,-3.029800,0
2022-09-22,sh.688041,60.5800,65.5900,60.4000,63.3400,60.8100,11563234,732528779.3800,3,5.793000,1,4.160500,0
2022-09-23,sh.688041,62.7900,64.3400,60.8000,61.1200,63.3400,10718889,665991853.9100,3,5.370000,1,-3.504900,0
2022-09-26,sh.688041,60.3100,62.3600,59.3300,60.3000,61.1200,9431701,571944927.3100,3,4.725200,1,-1.341600,0
2022-09-27,sh.688041,60.3000,61.7500,58.1100,61.7500,60.3000,10398608,623078361.8100,3,5.209600,1,2.404600,0
2022-09-28,sh.688041,60.8000,61.0500,57.3700,58.1900,61.7500,10687492,629618802.3600,3,5.354300,1,-5.765200,0
2022-09-29,sh.688041,58.9200,61.5800,58.0000,60.9000,58.1900,10062079,606463548.4100,3,5.041000,1,4.657200,0
2022-09-30,sh.688041,60.7800,61.9800,58.8100,58.8200,60.9000,7163333,430264402.9300,3,3.588700,1,-3.415400,0
2022-10-10,sh.688041,55.9000,55.9000,47.0600,47.0600,58.8200,17192303,820001057.2000,3,8.613100,1,-19.993200,0
2022-10-11,sh.688041,45.9700,46.4500,37.7300,38.0000,47.0600,42514760,1682176637.8000,3,21.299400,1,-19.252000,0
2022-10-12,sh.688041,37.1900,39.0300,36.2200,38.5500,38.0000,34500124,1298749951.0700,3,17.284100,1,1.447400,0
2022-10-13,sh.688041,37.8000,40.6400,37.4500,38.8000,38.5500,27786701,1084160627.3300,3,13.920800,1,0.648500,0
2022-10-14,sh.688041,39.2000,39.4600,37.4900,38.9200,38.8000,26473453,1023812554.5200,3,13.262900,1,0.309300,0
2022-10-17,sh.688041,38.1100,41.2000,38.0300,40.5800,38.9200,31442274,1243877315.0200,3,15.752200,1,4.265200,0
2022-10-18,sh.688041,40.1500,40.4900,39.3500,39.7600,40.5800,17666665,703154618.1700,3,8.850800,1,-2.020700,0
2022-10-19,sh.688041,39.4900,40.1700,37.6000,37.8000,39.7600,21493781,827730571.4600,3,10.768100,1,-4.929600,0
2022-10-20,sh.688041,37.4000,41.8600,37.2000,39.7000,37.8000,38089292,1504568225.4500,3,19.082300,1,5.026500,0
2022-10-21,sh.688041,39.0000,39.0000,37.8000,38.3500,39.7000,20923505,802884396.8400,3,10.482400,1,-3.400500,0
2022-10-24,sh.688041,38.3500,39.9900,38.2900,38.8000,38.3500,20343718,797056345.7500,3,10.191900,1,1.173400,0
2022-10-25,sh.688041,38.5900,39.7600,37.7600,38.8900,38.8000,16350062,636333812.4000,3,8.191200,1,0.232000,0
2022-10-26,sh.688041,39.1100,40.3000,38.1000,39.9400,38.8900,23138719,914894684.2600,3,11.592200,1,2.699900,0
2022-10-27,sh.688041,40.4500,40.5000,38.6800,39.4000,39.9400,25173627,992040058.1300,3,12.611700,1,-1.352000,0
2022-10-28,sh.688041,39.2600,40.3700,38.8000,38.9500,39.4000,21378750,849788380.5700,3,10.710500,1,-1.142100,0
2022-10-31,sh.688041,39.1800,46.2900,39.1100,44.6800,38.9500,40248329,1706268667.6500,3,20.163900,1,14.711200,0
2022-11-01,sh.688041,44.0000,46.1500,43.8900,45.0700,44.6800,23373920,1047777883.5000,3,11.710000,1,0.872900,0
2022-11-02,sh.688041,45.0900,46.2000,44.2100,44.5800,45.0700,18341068,829035558.2200,3,9.188600,1,-1.087200,0
2022-11-03,sh.688041,44.5700,45.4700,43.6100,44.9100,44.5800,18195328,812521014.9100,3,9.115600,1,0.740200,0
2022-11-04,sh.688041,44.1100,44.8700,43.1000,44.3400,44.9100,19257466,846804671.8700,3,9.647700,1,-1.269200,0
2022-11-07,sh.688041,44.0000,44.2500,42.5800,43.5900,44.3400,19138619,832188380.2000,3,9.588200,1,-1.691500,0
2022-11-08,sh.688041,43.5800,48.1300,43.5800,47.0300,43.5900,31993667,1472975056.2600,3,16.028400,1,7.891700,0
2022-11-09,sh.688041,47.0000,50.3700,46.9700,49.3900,47.0300,25901582,1272265031.7400,3,12.976400,1,5.018100,0
2022-11-10,sh.688041,48.7000,49.3000,46.0900,46.2500,49.3900,19736091,933546959.8500,3,9.887500,1,-6.357600,0
2022-11-11,sh.688041,47.8800,47.9000,46.0100,46.6000,46.2500,14390587,672521788.9500,3,7.209500,1,0.756800,0
2022-11-14,sh.688041,46.6800,46.8000,44.5400,45.6000,46.6000,11937612,540066210.7800,3,5.980600,1,-2.145900,0
2022-11-15,sh.688041,45.6000,48.5500,45.1300,47.5600,45.6000,13827590,657139741.8300,3,6.927400,1,4.298200,0
2022-11-16,sh.688041,47.9500,47.9500,45.5600,45.7700,47.5600,11987054,557343153.4400,3,6.005400,1,-3.763700,0
2022-11-17,sh.688041,45.4600,47.3800,44.7000,46.8900,45.7700,11383354,523903869.5100,3,5.702900,1,2.447000,0
2022-11-18,sh.688041,46.5100,47.3800,45.4200,45.7500,46.8900,9000789,417400502.4000,3,4.509300,1,-2.431200,0
2022-11-21,sh.688041,45.1100,46.3900,45.1100,45.7400,45.7500,6045714,276224992.5500,3,3.028800,1,-0.021900,0
2022-11-22,sh.688041,45.6800,46.9800,45.0000,45.5300,45.7400,9095430,419672223.9100,3,4.556700,1,-0.459100,0
2022-11-23,sh.688041,45.5800,45.9100,41.9900,43.6000,45.5300,14601665,635739253.7500,3,7.315300,1,-4.239000,0
2022-11-24,sh.688041,43.5600,44.6700,43.4200,43.9800,43.6000,7556608,333019782.7000,3,3.785800,1,0.871600,0
2022-11-25,sh.688041,43.6000,45.1500,43.0200,43.4600,43.9800,7923905,347969583.7700,3,3.969800,1,-1.182400,0
2022-11-28,sh.688041,42.7000,43.5900,41.6600,41.9100,43.4600,9961786,420936703.8800,3,4.990700,1,-3.566500,0
2022-11-29,sh.688041,41.8500,42.7200,41.5800,42.1200,41.9100,8446791,356285617.4500,3,4.231700,1,0.501100,0
2022-11-30,sh.688041,42.1800,42.3000,41.0600,41.4400,42.1200,8475504,352186873.6900,3,4.246100,1,-1.614400,0
2022-12-01,sh.688041,42.0900,43.5000,41.9600,42.7100,41.4400,10637205,454048684.7800,3,5.329100,1,3.064700,0
2022-12-02,sh.688041,42.4000,44.5000,42.3100,43.2500,42.7100,9510821,413982126.7500,3,4.764800,1,1.264300,0
2022-12-05,sh.688041,43.8800,44.1700,42.9200,43.6500,43.2500,6706085,291481628.6900,3,3.359700,1,0.924900,0
2022-12-06,sh.688041,43.1500,46.5000,43.1500,45.0700,43.6500,13244351,595768887.7800,3,6.635300,1,3.253200,0
2022-12-07,sh.688041,45.0000,45.7400,44.5800,45.2000,45.0700,6987422,315216789.4000,3,3.500600,1,0.288400,0
2022-12-08,sh.688041,45.0000,46.1500,44.6000,45.2800,45.2000,7556530,343351316.4200,3,3.785700,1,0.177000,0
2022-12-09,sh.688041,45.1400,46.7700,45.0400,45.7500,45.2800,12336370,565127073.8200,3,6.180400,1,1.038000,0
2022-12-12,sh.688041,45.3600,47.3500,44.9500,46.2100,45.7500,8902193,411998516.4800,3,4.459900,1,1.005500,0
2022-12-13,sh.688041,46.0300,46.3300,44.8000,44.8900,46.2100,6796636,307762781.3400,3,3.405000,1,-2.856500,0
2022-12-14,sh.688041,46.4200,46.6500,44.6000,44.6100,44.8900,6806794,309861997.2500,3,3.410100,1,-0.623700,0
2022-12-15,sh.688041,44.2600,45.6300,44.1200,44.2400,44.6100,6114217,273874555.5400,3,3.063100,1,-0.829400,0
2022-12-16,sh.688041,44.2600,44.2600,42.8500,43.1100,44.2400,6226726,269181067.5000,3,3.119500,1,-2.554200,0
2022-12-19,sh.688041,43.0500,43.2800,41.6000,41.8400,43.1100,4817118,203037724.5600,3,2.413300,1,-2.946000,0
2022-12-20,sh.688041,41.9600,42.4200,41.4300,41.8300,41.8400,3675107,153829833.1800,3,1.841200,1,-0.023900,0
2022-12-21,sh.688041,41.8300,41.8400,40.2000,40.5100,41.8300,4578371,186957447.1800,3,2.293700,1,-3.155600,0
2022-12-22,sh.688041,40.8000,40.9600,39.7000,39.7600,40.5100,3739417,150310931.8400,3,1.873400,1,-1.851400,0
2022-12-23,sh.688041,39.6000,40.3800,39.2500,40.0800,39.7600,4174819,166147176.8800,3,2.091500,1,0.804800,0
2022-12-26,sh.688041,40.0800,41.5600,40.0600,41.2000,40.0800,4632977,189889441.6300,3,2.321100,1,2.794400,0
2022-12-27,sh.688041,41.2200,41.7000,40.5500,41.3300,41.2000,4279635,176270018.0700,3,2.144000,1,0.315500,0
2022-12-28,sh.688041,41.3000,41.3000,40.3200,40.4800,41.3300,2904206,118129880.9200,3,1.455000,1,-2.056600,0
2022-12-29,sh.688041,40.6000,41.1300,40.0800,40.6000,40.4800,3400797,138240049.3700,3,1.703800,1,0.296400,0
2022-12-30,sh.688041,40.8400,41.1800,40.0800,40.1200,40.6000,3035871,122961862.5400,3,1.520900,1,-1.182300,0
2023-01-03,sh.688041,40.8000,42.4500,40.2300,42.0200,40.1200,10156035,421831597.5400,3,5.088000,1,4.735800,0
2023-01-04,sh.688041,42.1500,42.8800,41.0000,41.0500,42.0200,7127159,297475705.9600,3,3.570600,1,-2.308400,0
2023-01-05,sh.688041,41.0100,41.6600,40.4000,41.4700,41.0500,7097100,291855194.2600,3,3.555600,1,1.023100,0
2023-01-06,sh.688041,41.2900,43.4300,41.0100,42.3700,41.4700,10236740,435087444.7500,3,5.128500,1,2.170200,0
2023-01-09,sh.688041,42.3800,42.9600,41.2400,41.9900,42.3700,5645296,237664185.1600,3,2.828200,1,-0.896900,0
2023-01-10,sh.688041,42.3300,43.2800,42.0300,42.2100,41.9900,4760041,202012941.0200,3,2.384700,1,0.523900,0
2023-01-11,sh.688041,42.1600,43.0400,41.4300,41.4900,42.2100,5411156,228692134.1300,3,2.710900,1,-1.705800,0
2023-01-12,sh.688041,41.5300,41.5900,40.6300,40.7100,41.4900,5112671,209172777.7800,3,2.561400,1,-1.880000,0
2023-01-13,sh.688041,40.8600,41.1700,40.2000,40.6200,40.7100,4229160,171605164.2400,3,2.118800,1,-0.221100,0
2023-01-16,sh.688041,40.4000,41.8800,40.3000,41.6100,40.6200,6798306,281434530.2200,3,3.405900,1,2.437200,0
2023-01-17,sh.688041,42.4800,42.8000,40.3000,41.8000,41.6100,9272945,387756030.3200,3,4.645600,1,0.456600,0
2023-01-18,sh.688041,41.9000,42.5000,41.1300,41.9900,41.8000,7488689,312223391.4900,3,3.751700,1,0.454500,0
2023-01-19,sh.688041,41.7500,45.4400,41.7400,44.9000,41.9900,15061008,664804399.6100,3,7.545400,1,6.930200,0
2023-01-20,sh.688041,44.6400,45.4000,44.4100,44.9800,44.9000,7104606,318697189.1200,3,3.559300,1,0.178200,0
2023-01-30,sh.688041,45.3000,45.6000,43.9800,44.2000,44.9800,7953849,354714529.6500,3,3.984800,1,-1.734100,0
2023-01-31,sh.688041,44.1000,44.4700,42.6300,43.0100,44.2000,8731889,377221706.6500,3,4.374600,1,-2.692300,0
2023-02-01,sh.688041,43.1100,43.8800,42.8600,43.8000,43.0100,6521100,283660202.8100,3,3.267000,1,1.836800,0
2023-02-02,sh.688041,44.2200,46.8000,44.1100,45.7800,43.8000,15271859,696230605.8700,3,7.651000,1,4.520500,0
2023-02-03,sh.688041,45.4700,47.7000,44.7500,47.6800,45.7800,13827056,637991678.8500,3,6.927200,1,4.150300,0
2023-02-06,sh.688041,47.7700,50.0200,46.3800,49.1000,47.6800,22382702,1083392536.8100,3,11.213500,1,2.978200,0
2023-02-07,sh.688041,48.4000,51.5100,48.1900,49.6600,49.1000,16643405,827818556.6200,3,8.338100,1,1.140500,0
2023-02-08,sh.688041,49.9900,50.7800,47.1000,47.2300,49.6600,12611675,611252728.6300,3,6.318300,1,-4.893300,0
2023-02-09,sh.688041,46.9900,55.3000,46.4600,53.5100,47.2300,25652346,1315383500.0500,3,12.851500,1,13.296600,0
2023-02-10,sh.688041,53.0000,53.5000,50.4400,50.5900,53.5100,19174837,994449208.7800,3,9.606400,1,-5.456900,0
2023-02-13,sh.688041,51.0000,54.7200,50.3000,52.5200,50.5900,22827718,1199039591.9900,3,10.778500,1,3.815000,0
2023-02-14,sh.688041,53.8300,55.3600,52.4900,53.1700,52.5200,19995512,1074217964.9300,3,9.441200,1,1.237600,0
2023-02-15,sh.688041,53.1600,57.0100,51.3700,56.2100,53.1700,25229176,1370536043.1500,3,11.912400,1,5.717500,0
2023-02-16,sh.688041,55.0300,56.6800,50.9100,51.5000,56.2100,25265968,1353213407.4200,3,11.929700,1,-8.379300,0
2023-02-17,sh.688041,51.2000,51.9600,48.0000,48.4300,51.5000,18698443,925281356.4300,3,8.828800,1,-5.961200,0
2023-02-20,sh.688041,48.5100,52.4800,48.0300,51.9000,48.4300,19512588,982466662.1000,3,9.213200,1,7.165000,0
2023-02-21,sh.688041,51.1800,52.1900,49.0100,49.9900,51.9000,15347519,773253646.1000,3,7.246600,1,-3.680200,0
2023-02-22,sh.688041,49.5000,50.9700,49.0100,50.1700,49.9900,10058181,502752894.2800,3,4.749100,1,0.360100,0
2023-02-23,sh.688041,50.3200,51.4300,49.6000,50.1800,50.1700,10337473,521682392.1600,3,4.881000,1,0.019900,0
2023-02-24,sh.688041,51.0000,55.1800,51.0000,52.0300,50.1800,26321697,1393592158.6900,3,12.428200,1,3.686700,0
2023-02-27,sh.688041,52.0300,52.6900,49.6000,50.4800,52.0300,17493609,891091817.2800,3,8.259900,1,-2.979100,0
2023-02-28,sh.688041,51.6000,53.3500,50.3000,51.8800,50.4800,16999869,880179862.6600,3,8.026800,1,2.773400,0
2023-03-01,sh.688041,51.4000,54.4000,51.4000,53.5000,51.8800,19242737,1020834095.5400,3,9.085800,1,3.122600,0
2023-03-02,sh.688041,52.9800,54.3500,52.5100,53.0300,53.5000,14756757,787166648.5500,3,6.967600,1,-0.878500,0
2023-03-03,sh.688041,54.0900,56.6600,50.8800,55.3100,53.0300,35490448,1920405992.7500,3,16.757400,1,4.299500,0
2023-03-06,sh.688041,54.9000,56.9900,54.2200,55.3900,55.3100,25829321,1436859898.0400,3,12.195700,1,0.144600,0
2023-03-07,sh.688041,54.7500,55.2800,52.1800,52.2600,55.3900,17592305,937887724.5700,3,8.306500,1,-5.650800,0
2023-03-08,sh.688041,52.3100,53.7900,52.2500,53.1600,52.2600,11641059,616719758.9900,3,5.496500,1,1.722200,0
2023-03-09,sh.688041,52.8800,53.9400,51.7300,52.8900,53.1600,12756681,676259881.1100,3,6.023300,1,-0.507900,0
2023-03-10,sh.688041,52.5000,53.8200,52.3500,52.3500,52.8900,12375061,657116016.5500,3,5.843100,1,-1.021000,0
2023-03-13,sh.688041,51.9900,53.8000,51.8000,53.5500,52.3500,11540251,612110006.2700,3,5.448900,1,2.292300,0
2023-03-14,sh.688041,52.9700,56.0000,52.8300,55.0000,53.5500,18935935,1034213160.4400,3,8.940900,1,2.707700,0
2023-03-15,sh.688041,55.4100,55.7800,53.5000,53.6300,55.0000,12214280,666505061.0000,3,5.767200,1,-2.490900,0
2023-03-16,sh.688041,52.8700,54.1700,52.5000,53.0300,53.6300,8866895,472129964.4400,3,4.186600,1,-1.118800,0
2023-03-17,sh.688041,53.9000,59.5800,53.7200,57.5000,53.0300,28810286,1631353525.3600,3,13.603200,1,8.429200,0
2023-03-20,sh.688041,57.7800,62.4000,56.9200,60.4200,57.5000,26259928,1571529729.6900,3,12.399100,1,5.078300,0
2023-03-21,sh.688041,60.1100,63.3800,58.9900,61.6000,60.4200,22530673,1374975909.3500,3,10.638200,1,1.953000,0
2023-03-22,sh.688041,61.1800,66.9000,60.0000,65.9300,61.6000,26010186,1671458283.6400,3,12.281100,1,7.029200,0
2023-03-23,sh.688041,64.6000,70.4400,63.8000,66.2000,65.9300,30018975,1995807882.5200,3,14.173900,1,0.409500,0
2023-03-24,sh.688041,66.8700,68.1800,63.8000,66.2500,66.2000,25566062,1685270179.9500,3,12.071400,1,0.075500,0
2023-03-27,sh.688041,65.2000,67.5000,60.6000,63.2600,66.2500,35621836,2273438260.1800,3,16.819400,1,-4.513200,0
2023-03-28,sh.688041,64.1500,66.5500,62.5000,64.9000,63.2600,29420458,1900111822.8700,3,13.891300,1,2.592500,0
2023-03-29,sh.688041,64.0300,77.8800,64.0000,74.5000,64.9000,57175949,4082687604.5500,3,26.996600,1,14.792000,0
2023-03-30,sh.688041,75.1600,81.5000,74.1300,76.5000,74.5000,53166112,4080936271.6500,3,25.103200,1,2.684600,0
2023-03-31,sh.688041,75.0000,77.7700,71.8000,77.1700,76.5000,40805292,3052062314.3200,3,19.266900,1,0.875800,0
2023-04-03,sh.688041,77.4000,87.2700,76.3000,84.8000,77.1700,43563012,3543190872.1700,3,20.569000,1,9.887300,0
2023-04-04,sh.688041,82.2000,90.9000,80.8000,85.8800,84.8000,36598984,3127354049.5700,3,17.280800,1,1.273600,0
2023-04-06,sh.688041,83.3800,87.5800,80.9900,81.2300,85.8800,33733505,2835303090.8500,3,15.927800,1,-5.414500,0
2023-04-07,sh.688041,82.0700,83.4700,79.7000,81.6500,81.2300,24152646,1974814997.7500,3,11.404100,1,0.517100,0
2023-04-10,sh.688041,80.5000,81.6300,73.6200,74.8000,81.6500,36819589,2849644674.1700,3,17.385000,1,-8.389500,0
2023-04-11,sh.688041,75.6100,77.0200,71.9500,76.0000,74.8000,28457504,2138543412.2700,3,13.436700,1,1.604300,0
2023-04-12,sh.688041,75.3900,84.5000,73.7800,82.6900,76.0000,39422530,3141038543.0700,3,18.614000,1,8.802600,0
2023-04-13,sh.688041,81.0000,83.9500,75.1800,76.2200,82.6900,30601158,2421505705.8600,3,14.448800,1,-7.824400,0
2023-04-14,sh.688041,78.1200,78.4500,73.1000,77.0400,76.2200,25692358,1958140560.4500,3,12.131100,1,1.075800,0
2023-04-17,sh.688041,76.5000,81.5000,75.2000,80.1300,77.0400,23928710,1883998037.5200,3,11.298300,1,4.010900,0
2023-04-18,sh.688041,79.0000,84.5000,76.1500,82.6000,80.1300,30598442,2491393152.5200,3,14.447600,1,3.082500,0
2023-04-19,sh.688041,82.0000,99.0000,82.0000,90.5500,82.6000,47687417,4295783186.9900,3,22.516400,1,9.624700,0
2023-04-20,sh.688041,93.8000,98.5000,91.4800,97.3000,90.5500,38232090,3637961448.1900,3,18.051900,1,7.454400,0
2023-04-21,sh.688041,95.1500,95.1500,88.1800,91.3900,97.3000,30396102,2793013279.8000,3,14.352000,1,-6.074000,0
2023-04-24,sh.688041,91.3900,91.7400,84.5700,89.2700,91.3900,26143439,2309277255.2600,3,12.344000,1,-2.319700,0
2023-04-25,sh.688041,89.0000,102.0000,86.7100,98.7500,89.2700,38669637,3722020982.2500,3,18.258500,1,10.619500,0
2023-04-26,sh.688041,97.0000,101.2900,88.7000,92.4900,98.7500,34412708,3237544594.5200,3,16.248500,1,-6.339200,0
2023-04-27,sh.688041,90.0800,95.0000,84.3500,87.3000,92.4900,30543673,2699243787.7400,3,14.421700,1,-5.611400,0
2023-04-28,sh.688041,87.0100,95.0000,86.5000,94.1500,87.3000,27101882,2487725121.0600,3,12.796600,1,7.846500,0
2023-05-04,sh.688041,92.6600,94.9700,88.9100,92.1500,94.1500,17355077,1588386780.0400,3,8.194500,1,-2.124300,0
2023-05-05,sh.688041,92.0800,98.9900,89.3000,92.2400,92.1500,23336494,2199261280.1300,3,11.018700,1,0.097700,0
2023-05-08,sh.688041,91.8000,94.2000,85.8400,88.6600,92.2400,17965549,1611961200.0000,3,8.482700,1,-3.881200,0
2023-05-09,sh.688041,88.6700,93.0000,85.8800,88.9000,88.6600,17379548,1560431220.8100,3,8.206000,1,0.270700,0
2023-05-10,sh.688041,87.2800,89.8600,76.8000,77.4900,88.9000,33203166,2692848159.8600,3,15.677400,1,-12.834600,0
2023-05-11,sh.688041,77.7700,78.9500,75.5000,75.9500,77.4900,17526488,1347356317.0100,3,8.275400,1,-1.987400,0
2023-05-12,sh.688041,75.9500,78.1800,74.4200,74.4200,75.9500,13121997,1000634745.4200,3,6.195800,1,-2.014500,0
2023-05-15,sh.688041,75.0000,76.9800,72.5000,76.5000,74.4200,15471458,1159290500.7000,3,7.305100,1,2.794900,0
2023-05-16,sh.688041,76.0000,77.3900,74.0800,74.1700,76.5000,14143355,1065248198.2800,3,6.678000,1,-3.045800,0
2023-05-17,sh.688041,73.8800,78.3900,73.6800,76.8300,74.1700,15484682,1187395278.2300,3,7.311300,1,3.586400,0
2023-05-18,sh.688041,78.0000,83.4100,77.8300,81.3300,76.8300,21377588,1729219271.7500,3,10.093800,1,5.857100,0
2023-05-19,sh.688041,82.1900,87.6800,80.9000,80.9000,81.3300,19324060,1632959302.7500,3,9.124200,1,-0.528700,0
2023-05-22,sh.688041,79.8200,83.2600,76.6400,78.0100,80.9000,14697707,1160538109.8400,3,6.939800,1,-3.572300,0
2023-05-23,sh.688041,77.4900,78.3500,76.3100,77.2700,78.0100,7675101,592970914.0700,3,3.623900,1,-0.948600,0
2023-05-24,sh.688041,76.4800,79.6600,74.6800,76.8300,77.2700,13934561,1077687090.1900,3,6.579400,1,-0.569400,0
2023-05-25,sh.688041,81.2000,83.4500,76.8000,81.0000,76.8300,19036963,1524164317.0400,3,8.988600,1,5.427600,0
2023-05-26,sh.688041,80.3800,87.9000,79.9000,86.5100,81.0000,25016389,2130863972.9100,3,11.811900,1,6.802500,0
2023-05-29,sh.688041,88.8100,89.3900,84.7000,86.3700,86.5100,17146636,1492227525.9400,3,8.096100,1,-0.161800,0
2023-05-30,sh.688041,85.0100,92.0000,84.6400,90.9200,86.3700,18753685,1665698601.7900,3,8.854900,1,5.268000,0
2023-05-31,sh.688041,89.9500,93.5200,89.3000,92.7300,90.9200,14677356,1346237817.0300,3,6.930200,1,1.990800,0
2023-06-01,sh.688041,90.8800,94.8800,86.1200,87.3000,92.7300,22750606,2045455741.9200,3,10.742100,1,-5.855700,0
2023-06-02,sh.688041,88.0000,88.8800,82.2100,83.2000,87.3000,26392267,2225381759.2000,3,12.461500,1,-4.696400,0
2023-06-05,sh.688041,83.1100,84.4500,82.2800,83.5000,83.2000,14131072,1175834142.3100,3,6.672200,1,0.360600,0
2023-06-06,sh.688041,82.6200,83.5800,78.0600,79.3900,83.5000,16492708,1333447693.9400,3,7.787300,1,-4.922200,0
2023-06-07,sh.688041,79.3200,81.0100,77.1700,79.8800,79.3900,12355407,981934030.2000,3,5.833800,1,0.617200,0
2023-06-08,sh.688041,78.5000,78.6500,75.6000,77.2500,79.8800,14833434,1145108065.1500,3,7.003800,1,-3.292400,0
2023-06-09,sh.688041,77.4700,78.4300,73.0600,77.8100,77.2500,21291540,1612836716.7700,3,10.053100,1,0.724900,0
2023-06-12,sh.688041,77.7900,81.1000,77.7500,78.3900,77.8100,18523219,1472847160.8200,3,8.746000,1,0.745400,0
2023-06-13,sh.688041,78.8200,82.3200,73.8900,80.7800,78.3900,27289325,2139524403.3500,3,12.885100,1,3.048900,0
2023-06-14,sh.688041,79.7100,82.6400,78.0100,81.4800,80.7800,22066544,1769091881.0900,3,10.419100,1,0.866600,0
2023-06-15,sh.688041,81.3800,81.9900,75.5800,75.7800,81.4400,21340775,1672718317.9200,3,10.076400,1,-6.949900,0
2023-06-16,sh.688041,74.9800,77.5200,72.0100,77.0800,75.7800,21496221,1620970499.0600,3,10.149800,1,1.715500,0
2023-06-19,sh.688041,76.9500,80.8400,75.2800,80.0100,77.0800,24179651,1916087808.4500,3,11.416800,1,3.801200,0
2023-06-20,sh.688041,81.6800,84.4900,77.4000,83.9700,80.0100,33139341,2706173196.7000,3,15.647300,1,4.949400,0
2023-06-21,sh.688041,82.1200,82.3000,76.4000,76.4000,83.9700,21287204,1689258182.7100,3,10.051100,1,-9.015100,0
2023-06-26,sh.688041,74.0000,75.9800,69.0000,69.4400,76.4000,22106950,1596289025.2600,3,10.438200,1,-9.109900,0
2023-06-27,sh.688041,69.3900,70.5000,68.6000,68.7200,69.4400,10526061,731051278.2000,3,4.970100,1,-1.036900,0
2023-06-28,sh.688041,73.0000,74.0000,68.9200,70.0000,68.7200,19634999,1394122617.4100,3,9.271000,1,1.862600,0
2023-06-29,sh.688041,70.0000,70.4700,66.7000,68.0100,70.0000,16262480,1106648462.1200,3,7.678600,1,-2.842900,0
2023-06-30,sh.688041,67.0100,69.7800,66.8800,68.2700,68.0100,12524838,854641000.3200,3,5.913800,1,0.382300,0
2023-07-03,sh.688041,68.1100,70.4500,66.0100,69.6000,68.2700,13811613,947291049.5300,3,6.521400,1,1.948100,0
2023-07-04,sh.688041,69.1700,71.9900,68.5600,71.1500,69.6000,13501722,954630972.0700,3,6.375100,1,2.227000,0
2023-07-05,sh.688041,71.1700,71.5000,69.2100,69.2900,71.1500,8504015,596132462.5300,3,4.015300,1,-2.614200,0
2023-07-06,sh.688041,68.8000,71.1800,68.7000,69.5000,69.2900,8031311,563850219.7500,3,3.792100,1,0.303100,0
2023-07-07,sh.688041,68.9000,69.4600,66.8100,67.0500,69.5000,7771918,525634473.5600,3,3.669600,1,-3.525200,0
2023-07-10,sh.688041,68.2000,71.3500,67.7900,70.3500,67.0500,15190578,1065375409.8000,3,7.172500,1,4.921700,0
2023-07-11,sh.688041,71.1700,79.8300,71.1700,77.8000,70.3500,33197508,2548934623.2200,3,15.674700,1,10.589900,0
2023-07-12,sh.688041,78.3000,79.0000,74.5000,74.9400,77.8000,16990048,1298320853.2400,3,8.022100,1,-3.676100,0
2023-07-13,sh.688041,76.5000,77.4100,74.0000,76.9400,74.9400,17570171,1330724777.3000,3,8.296000,1,2.668800,0
2023-07-14,sh.688041,76.9900,81.8800,76.9900,78.4000,76.9400,23955961,1902695159.2900,3,11.311200,1,1.897600,0
2023-07-17,sh.688041,77.1500,79.4100,74.0000,76.1000,78.4000,15984040,1216901797.0400,3,7.547100,1,-2.933700,0
2023-07-18,sh.688041,75.9300,76.2400,73.0300,73.1600,76.1000,11800674,875384021.8500,3,5.571900,1,-3.863300,0
2023-07-19,sh.688041,73.2400,74.2200,71.6900,71.9500,73.1600,7667356,556797120.2400,3,3.620300,1,-1.653900,0
2023-07-20,sh.688041,72.0000,72.2700,68.3800,68.5300,71.9500,9499010,664159604.0800,3,4.485100,1,-4.753300,0
2023-07-21,sh.688041,67.9400,67.9400,61.0200,61.4000,68.5300,23817707,1514900098.8200,3,11.245900,1,-10.404200,0
2023-07-24,sh.688041,61.0000,63.0900,60.2900,61.2000,61.4000,10660464,656575845.5200,3,5.033500,1,-0.325700,0
2023-07-25,sh.688041,61.9700,62.4500,59.6200,60.4000,61.2000,14043734,852544746.7000,3,6.631000,1,-1.307200,0
2023-07-26,sh.688041,60.5700,61.0000,58.8000,59.1500,60.4000,9401267,562052872.4600,3,4.439000,1,-2.069500,0
2023-07-27,sh.688041,58.7400,59.2800,57.2300,57.2800,59.1500,10507560,609313463.9400,3,4.961300,1,-3.161500,0
2023-07-28,sh.688041,57.1000,58.0000,56.7100,56.8600,57.2800,8872094,508435532.9000,3,4.189100,1,-0.733200,0
2023-07-31,sh.688041,57.0500,57.9100,56.1000,57.0900,56.8600,8467555,484713200.4100,3,3.998100,1,0.404500,0
2023-08-01,sh.688041,57.1200,58.9500,55.7000,58.9400,57.0900,15372734,886031117.4800,3,7.258500,1,3.240500,0
2023-08-02,sh.688041,58.1200,61.8000,57.8000,60.7200,58.9400,14966201,899763611.5100,3,7.066500,1,3.020000,0
2023-08-03,sh.688041,60.1000,64.3100,60.0900,63.2900,60.7200,15564696,978554115.0400,3,7.349100,1,4.232500,0
2023-08-04,sh.688041,63.0000,63.9800,62.6600,63.5200,63.2900,9343854,591661493.5100,3,4.411900,1,0.363400,0
2023-08-07,sh.688041,63.3000,64.9800,63.0000,64.4000,63.5200,8221161,526204516.8900,3,3.881800,1,1.385400,0
2023-08-08,sh.688041,64.4000,64.9900,63.1900,64.3400,64.4000,7102603,455870050.5900,3,3.353600,1,-0.093200,0
2023-08-09,sh.688041,64.3000,64.5600,61.0000,61.0000,64.3400,10431557,649052614.1400,3,4.925400,1,-5.191200,0
2023-08-10,sh.688041,60.0500,61.9500,58.5000,58.8700,61.0000,12208549,728952456.4000,3,5.764500,1,-3.491800,0
2023-08-11,sh.688041,59.1800,59.5700,55.2000,55.2700,58.8700,17393423,985642212.6100,3,8.212600,1,-6.115200,0
2023-08-14,sh.688041,54.0000,54.5000,51.5500,53.8000,55.2700,36189610,1926425958.2300,3,4.109900,1,-2.659700,0
2023-08-15,sh.688041,54.7200,54.9200,52.1600,52.6000,53.8000,23483995,1242905361.7500,3,2.666900,1,-2.230500,0
2023-08-16,sh.688041,52.8800,52.8800,50.8000,51.0000,52.6000,15233996,783462615.4400,3,1.730000,1,-3.041800,0
2023-08-17,sh.688041,51.0000,51.6000,50.0000,50.6800,51.0000,17594691,899287682.4000,3,1.998100,1,-0.627500,0
2023-08-18,sh.688041,51.0000,51.6800,50.1300,50.1300,50.6800,12253349,623992350.6300,3,1.391500,1,-1.085200,0
2023-08-21,sh.688041,50.1200,51.8700,49.4100,50.3400,50.1300,15965909,813694588.5600,3,1.813200,1,0.418900,0
2023-08-22,sh.688041,51.3500,52.1600,49.8800,51.8000,50.3400,17767158,909621395.2400,3,2.017700,1,2.900300,0
2023-08-23,sh.688041,51.5200,51.5200,49.6800,49.9000,51.8000,13071491,656538918.0500,3,1.484500,1,-3.668000,0
2023-08-24,sh.688041,51.0000,51.7800,50.5000,50.6900,49.9000,15157427,775031365.7300,3,1.721300,1,1.583200,0
2023-08-25,sh.688041,50.8100,51.7300,49.3100,49.6600,50.6900,14130097,710519264.0700,3,1.604700,1,-2.032000,0
2023-08-28,sh.688041,54.9000,54.9100,50.4200,50.7700,49.6600,22187669,1144876002.3900,3,2.519700,1,2.235200,0
2023-08-29,sh.688041,50.5000,53.4900,49.9800,53.0200,50.7700,25022450,1304798051.7200,3,2.841700,1,4.431800,0
2023-08-30,sh.688041,53.7800,57.2600,53.2100,56.5400,53.0200,33565299,1869644697.2200,3,3.811800,1,6.639000,0
2023-08-31,sh.688041,55.9200,62.3000,55.1900,59.1900,56.5400,39076383,2303283806.6500,3,4.437700,1,4.686900,0
2023-09-01,sh.688041,59.1900,61.3900,58.4300,59.3100,59.1900,27377647,1632379642.7000,3,3.109100,1,0.202700,0
2023-09-04,sh.688041,59.9600,61.2300,58.5800,61.1000,59.3100,22694765,1359654809.1800,3,2.577300,1,3.018000,0
2023-09-05,sh.688041,62.4000,62.4400,58.1300,58.1300,61.1000,26112165,1564447899.3200,3,2.965400,1,-4.860900,0
2023-09-06,sh.688041,57.9000,60.4800,57.6000,60.0000,58.1300,22347129,1327644967.7500,3,2.537800,1,3.216900,0
2023-09-07,sh.688041,59.5300,60.1000,57.9300,58.0800,60.0000,17864564,1048733809.8400,3,2.028800,1,-3.200000,0
2023-09-08,sh.688041,57.5100,59.4000,57.2000,57.2400,58.0800,15387387,894313738.7400,3,1.747500,1,-1.446300,0
2023-09-11,sh.688041,57.0000,60.1200,56.1900,58.3000,57.2400,20974364,1215462735.9900,3,2.381900,1,1.851900,0
2023-09-12,sh.688041,57.9800,58.5700,56.7200,56.7600,58.3000,14101761,808793975.2300,3,1.601500,1,-2.641500,0
2023-09-13,sh.688041,56.4000,56.8000,54.8700,55.3300,56.7600,12681051,705047061.8400,3,1.440100,1,-2.519400,0
2023-09-14,sh.688041,55.4900,55.6000,53.2500,53.6900,55.3300,12824006,691618730.8100,3,1.456400,1,-2.964000,0
2023-09-15,sh.688041,54.0000,54.8700,52.6000,52.8500,53.6900,13064099,698712050.9200,3,1.483600,1,-1.564500,0
2023-09-18,sh.688041,52.0900,53.5600,51.9500,52.9500,52.8500,10602954,560388662.6900,3,1.204100,1,0.189200,0
2023-09-19,sh.688041,53.0000,53.5000,51.7800,52.0700,52.9500,9249642,485551620.2600,3,1.050400,1,-1.661900,0
2023-09-20,sh.688041,52.0000,53.4800,51.2800,51.3900,52.0700,9798317,513720456.9400,3,1.112700,1,-1.305900,0
2023-09-21,sh.688041,51.0100,52.0800,51.0100,51.3000,51.3900,9551189,491244774.9500,3,1.084700,1,-0.175100,0
2023-09-22,sh.688041,51.2000,54.4600,51.1000,54.2600,51.3000,24431858,1299522649.4800,3,2.774600,1,5.770000,0
2023-09-25,sh.688041,53.9000,54.1100,52.3500,52.5700,54.2600,14840218,784746303.8400,3,1.685300,1,-3.114600,0
2023-09-26,sh.688041,52.6600,55.1100,52.4300,53.4600,52.5700,18387565,988263293.8400,3,2.088200,1,1.693000,0
2023-09-27,sh.688041,53.8800,54.5000,53.1900,54.0000,53.4600,14060580,758220242.0300,3,1.596800,1,1.010100,0
2023-09-28,sh.688041,54.2700,54.5900,53.1100,53.9800,54.0000,14447341,779568456.0300,3,1.640700,1,-0.037000,0
2023-10-09,sh.688041,53.1400,53.5000,51.7000,53.0600,53.9800,11534658,609064530.2300,3,1.309900,1,-1.704300,0
2023-10-10,sh.688041,53.5800,54.6000,53.2100,53.9400,53.0600,13503757,727609387.6400,3,1.533500,1,1.658500,0
2023-10-11,sh.688041,54.1200,55.5500,52.8800,55.0200,53.9400,19630937,1069933781.5300,3,2.229400,1,2.002200,0
2023-10-12,sh.688041,55.2200,55.5000,53.8700,55.0000,55.0200,15459879,845739421.9300,3,1.755700,1,-0.036400,0
2023-10-13,sh.688041,54.4300,55.0500,52.8200,53.5100,55.0000,13710044,739588523.9200,3,1.557000,1,-2.709100,0
2023-10-16,sh.688041,53.1000,53.4700,50.8800,51.8900,53.5100,14464690,748741963.2400,3,1.642700,1,-3.027500,0
2023-10-17,sh.688041,52.2000,53.1000,51.6300,52.5400,51.8900,10768040,563662499.3400,3,1.222900,1,1.252600,0
2023-10-18,sh.688041,55.3000,57.4600,54.5500,55.5100,52.5400,49130438,2751036143.5200,3,5.579500,1,5.652800,0
2023-10-19,sh.688041,54.8700,60.9100,54.8700,59.0600,55.5100,60219817,3554828504.9900,3,6.838800,1,6.395200,0
2023-10-20,sh.688041,59.0600,60.7000,57.5800,59.2200,59.0600,40644610,2408901479.6900,3,4.615800,1,0.270900,0
2023-10-23,sh.688041,58.6200,61.1500,56.8800,59.1500,59.2200,36385261,2143923578.0500,3,4.132100,1,-0.118200,0
2023-10-24,sh.688041,59.3000,59.5500,55.0000,57.1600,59.1500,32180626,1834154734.7600,3,3.654600,1,-3.364300,0
2023-10-25,sh.688041,59.0000,61.6800,58.3500,60.9800,57.1600,44095106,2643217752.3200,3,5.007600,1,6.683000,0
2023-10-26,sh.688041,59.9500,60.6000,58.6700,60.1000,60.9800,31941875,1906662852.9500,3,3.627500,1,-1.443100,0
2023-10-27,sh.688041,59.6200,60.1600,57.5700,59.4400,60.1000,29334038,1729996376.8800,3,3.331300,1,-1.098200,0
2023-10-30,sh.688041,59.1000,62.9800,58.2300,62.8000,59.4400,37409232,2280668861.4000,3,4.248400,1,5.652800,0
2023-10-31,sh.688041,61.7000,62.5900,60.8600,61.9700,62.8000,22353882,1380012848.9800,3,2.538600,1,-1.321700,0
2023-11-01,sh.688041,61.7300,67.5000,61.4400,64.8000,61.9700,39317556,2539504345.2600,3,4.465100,1,4.566700,0
2023-11-02,sh.688041,65.7000,67.7800,63.6100,64.3800,64.8000,34430581,2262608362.4600,3,3.910100,1,-0.648100,0
2023-11-03,sh.688041,63.6500,66.7700,63.3800,66.6500,64.3800,32501165,2125578154.1400,3,3.691000,1,3.525900,0
2023-11-06,sh.688041,67.3900,68.0100,65.6600,65.9000,66.6500,37886099,2528372120.1200,3,4.302500,1,-1.125300,0
2023-11-07,sh.688041,65.9000,68.7600,64.9000,67.9700,65.9000,37386826,2498096507.0100,3,4.245800,1,3.141100,0
2023-11-08,sh.688041,69.8000,71.2600,67.0700,68.8000,67.9700,40571339,2808844495.4000,3,4.607500,1,1.221100,0
2023-11-09,sh.688041,68.0100,69.5000,64.8000,65.0000,68.8000,39071914,2607236732.9200,3,4.437200,1,-5.523300,0
2023-11-10,sh.688041,63.7000,66.2300,63.5800,65.0200,65.0000,29612789,1919972325.5400,3,3.363000,1,0.030800,0
2023-11-13,sh.688041,64.8400,66.4000,64.1100,65.4000,65.0200,21485736,1403277753.6800,3,2.440000,1,0.584400,0
2023-11-14,sh.688041,65.4000,69.0000,64.9100,68.5400,65.4000,33887291,2282900893.8000,3,3.848400,1,4.801200,0
2023-11-15,sh.688041,69.2300,69.8300,66.8200,67.4200,68.5400,23743132,1615582029.9800,3,2.696400,1,-1.634100,0
2023-11-16,sh.688041,67.2000,68.2400,66.2200,66.2200,67.4200,16405160,1103171968.7100,3,1.863000,1,-1.779900,0
2023-11-17,sh.688041,65.8500,67.2200,64.8300,66.1200,66.2200,15728419,1036339936.1700,3,1.786200,1,-0.151000,0
2023-11-20,sh.688041,65.8200,68.6500,65.2800,68.1900,66.1200,24774936,1662805520.1500,3,2.813600,1,3.130700,0
2023-11-21,sh.688041,67.8500,68.5800,66.8000,67.1000,68.1900,15013298,1014206480.8700,3,1.705000,1,-1.598500,0
2023-11-22,sh.688041,67.1200,68.9800,66.4000,67.3300,67.1000,19263867,1302478596.1000,3,2.187700,1,0.342800,0
2023-11-23,sh.688041,67.1500,67.6700,64.1100,67.3100,67.3300,19872869,1313221413.0600,3,2.256900,1,-0.029700,0
2023-11-24,sh.688041,66.8000,67.3600,62.7900,63.4300,67.3100,22285229,1438381245.3700,3,2.530800,1,-5.764400,0
2023-11-27,sh.688041,64.0000,67.3500,63.7100,67.3100,63.4300,31079351,2049612533.9200,3,3.529500,1,6.117000,0
2023-11-28,sh.688041,67.4000,71.2100,67.3000,70.7400,67.3100,37897832,2651735449.6600,3,4.303800,1,5.095800,0
2023-11-29,sh.688041,70.0600,73.1800,70.0600,70.6000,70.7400,36559280,2639881326.3100,3,4.151800,1,-0.197900,0
2023-11-30,sh.688041,71.7900,71.8000,69.9000,71.7700,70.6000,33999712,2416644681.0600,3,3.861200,1,1.657200,0
2023-12-01,sh.688041,71.2000,73.4600,70.8900,71.9000,71.7700,25020241,1803988195.8900,3,2.841400,1,0.181100,0
2023-12-04,sh.688041,71.9100,74.5000,71.9100,72.7100,71.9000,26240379,1919797912.6700,3,2.980000,1,1.126600,0
2023-12-05,sh.688041,71.5500,74.2800,70.3700,72.8500,72.7100,33405194,2425347797.7800,3,3.793600,1,0.192500,0
2023-12-06,sh.688041,72.8500,75.7800,72.4000,75.5900,72.8500,42280489,3165862222.8300,3,4.801600,1,3.761200,0
2023-12-07,sh.688041,74.9900,75.3800,71.9600,73.1600,75.5900,49264875,3651335217.2900,3,5.594700,1,-3.214700,0
2023-12-08,sh.688041,73.9900,82.0000,73.9000,80.3400,73.1600,98702387,7764774981.5200,3,11.209100,1,9.814100,0
2023-12-11,sh.688041,78.0100,83.5000,77.5000,82.2200,80.3400,47701898,3872866571.4900,3,5.417200,1,2.340100,0
2023-12-12,sh.688041,81.1300,83.6100,79.7000,80.6700,82.2200,32240035,2619859188.1600,3,3.661300,1,-1.885200,0
2023-12-13,sh.688041,80.9900,81.4400,76.8100,77.6500,80.6700,34239072,2682237737.1500,3,3.888300,1,-3.743600,0
2023-12-14,sh.688041,78.1300,78.5400,75.0800,75.6000,77.6500,24797721,1902930908.2400,3,2.816100,1,-2.640100,0
2023-12-15,sh.688041,75.9100,76.3100,73.6500,73.8400,75.6000,20783237,1548883736.8700,3,2.360200,1,-2.328000,0
2023-12-18,sh.688041,73.3400,76.3800,73.3300,75.2300,73.8400,21258909,1596251319.4900,3,2.414300,1,1.882400,0
2023-12-19,sh.688041,74.8700,76.6700,74.1100,76.1000,75.2300,19224173,1453616535.8500,3,2.183200,1,1.156500,0
2023-12-20,sh.688041,76.0700,76.5000,74.3000,74.5200,76.1000,16495809,1238490903.1100,3,1.873300,1,-2.076200,0
2023-12-21,sh.688041,73.7100,78.6500,73.4200,77.1700,74.5200,23381258,1784396689.1200,3,2.655300,1,3.556100,0
2023-12-22,sh.688041,76.8000,77.6000,74.3300,75.3100,77.1700,19168535,1454708270.5200,3,2.176900,1,-2.410300,0
2023-12-25,sh.688041,74.2100,74.9400,67.6700,72.6100,75.3100,25457718,1824651224.6900,3,2.891100,1,-3.585200,0
2023-12-26,sh.688041,72.8500,73.1300,70.3600,71.0000,72.6100,17232935,1229348251.2900,3,1.957000,1,-2.217300,0
2023-12-27,sh.688041,71.2500,72.5800,70.4000,70.4800,71.0000,14875137,1065244586.1300,3,1.689300,1,-0.732400,0
2023-12-28,sh.688041,70.0500,71.9300,69.8100,70.3100,70.4800,20472985,1450645926.0300,3,2.325000,1,-0.241200,0
2023-12-29,sh.688041,70.5000,71.7400,69.3600,70.9800,70.3100,21903903,1541728335.6800,3,2.487500,1,0.952900,0
2024-01-02,sh.688041,70.7700,73.3900,70.1300,72.3600,70.9800,18174808,1313318658.9900,3,2.064000,1,1.944200,0
2024-01-03,sh.688041,73.5000,74.1700,71.7700,72.6700,72.3600,16533816,1204854496.4500,3,1.877700,1,0.428400,0
2024-01-04,sh.688041,71.7500,75.1500,69.3000,74.9000,72.6700,20456381,1468248931.7900,3,2.323100,1,3.068700,0
2024-01-05,sh.688041,74.1100,74.9700,70.5800,71.7300,74.9000,16721788,1216569640.0700,3,1.899000,1,-4.232300,0
2024-01-08,sh.688041,70.9900,71.5400,68.3900,68.4100,71.7300,15171222,1052610700.2000,3,1.722900,1,-4.628500,0
2024-01-09,sh.688041,69.5000,70.8000,68.3000,69.1700,68.4100,12767303,886795990.0300,3,1.449900,1,1.110900,0
2024-01-10,sh.688041,68.6100,70.3800,67.0300,67.9900,69.1700,10789089,740741168.5000,3,1.225300,1,-1.705900,0
2024-01-11,sh.688041,67.1300,69.7700,67.0600,68.8000,67.9900,13706253,936648074.0400,3,1.556500,1,1.191400,0
2024-01-12,sh.688041,68.1600,68.4400,65.4100,65.4100,68.8000,17356158,1151765767.8100,3,1.971000,1,-4.927300,0
2024-01-15,sh.688041,64.8000,67.4500,64.6100,66.0000,65.4100,13587406,900021975.3600,3,1.543000,1,0.902000,0
2024-01-16,sh.688041,65.3600,66.4300,64.4300,66.2200,66.0000,12797230,836506352.3000,3,1.453300,1,0.333300,0
2024-01-17,sh.688041,66.6000,67.5500,65.5600,65.7700,66.2200,12230774,815949888.1300,3,1.389000,1,-0.679600,0
2024-01-18,sh.688041,65.0000,69.9600,64.8600,69.8900,65.7700,24021961,1621680655.0700,3,2.728000,1,6.264300,0
2024-01-19,sh.688041,69.8600,70.2000,67.9800,69.8300,69.8900,15707483,1089238453.0200,3,1.783800,1,-0.085800,0
2024-01-22,sh.688041,70.5300,71.6900,68.2800,70.3900,69.8300,20611013,1453610134.7600,3,2.340700,1,0.801900,0
2024-01-23,sh.688041,69.5100,73.5100,67.5000,73.1000,70.3900,22012220,1559993939.8400,3,2.499800,1,3.850000,0
2024-01-24,sh.688041,72.1100,73.5900,69.8800,72.9000,73.1000,18114819,1302639456.6700,3,2.057200,1,-0.273600,0
2024-01-25,sh.688041,72.9000,74.0100,70.9000,73.2000,72.9000,18030614,1309896316.2000,3,2.047600,1,0.411500,0
2024-01-26,sh.688041,72.5100,73.1600,70.3600,70.6300,73.2000,14826765,1059911801.8200,3,1.683800,1,-3.510900,0
2024-01-29,sh.688041,72.1500,74.6700,69.8300,70.0000,70.6300,20844795,1510959913.9300,3,2.367200,1,-0.892000,0
2024-01-30,sh.688041,68.6600,68.9300,65.0000,65.3500,70.0000,19477153,1301376916.3200,3,2.211900,1,-6.642900,0
2024-01-31,sh.688041,64.7000,68.2000,64.5900,66.2700,65.3500,18219527,1214352925.1100,3,2.069100,1,1.407800,0
2024-02-01,sh.688041,65.5000,71.1300,65.0000,68.9000,66.2700,19857914,1367573338.8000,3,2.255200,1,3.968600,0
2024-02-02,sh.688041,68.9000,69.4300,65.2900,68.3200,68.9000,18855360,1279554319.1100,3,2.141300,1,-0.841800,0
2024-02-05,sh.688041,68.5200,71.0300,65.6100,69.7000,68.3200,22899831,1567191945.2500,3,2.600600,1,2.019900,0
2024-02-06,sh.688041,69.5400,76.3700,68.0800,76.3000,69.7000,26086448,1894171127.4700,3,2.962500,1,9.469200,0
2024-02-07,sh.688041,76.6000,77.0600,74.7000,75.7500,76.3000,21829986,1658235928.3900,3,2.479100,1,-0.720800,0
2024-02-08,sh.688041,77.0000,79.5600,75.1900,76.7200,75.7500,21863527,1690034262.2400,3,2.482900,1,1.280500,0
2024-02-19,sh.688041,80.6000,88.3200,79.0200,86.0000,76.7200,35771166,2944211396.7200,3,4.062300,1,12.095900,0
2024-02-20,sh.688041,84.2100,84.9000,81.4400,82.3900,86.0000,24696197,2049873330.2300,3,2.804600,1,-4.197700,0
2024-02-21,sh.688041,80.2200,81.7600,78.4200,79.7600,82.3900,24441360,1958774494.5300,3,2.775700,1,-3.192100,0
2024-02-22,sh.688041,82.5000,86.2700,81.7700,82.8300,79.7600,28739610,2399914626.6500,3,3.263800,1,3.849000,0
2024-02-23,sh.688041,86.2400,86.9500,80.7000,81.4000,82.8300,26403504,2192990258.5100,3,3.000300,1,-1.726400,0
2024-02-26,sh.688041,80.1800,84.6100,79.7800,82.1500,81.4000,25612476,2126130271.2000,3,2.910400,1,0.921400,0
2024-02-27,sh.688041,81.3000,88.6200,80.7300,88.0000,82.1500,37833674,3243611525.0800,3,4.299100,1,7.121100,0
2024-02-28,sh.688041,87.1000,89.3200,83.2800,83.2800,88.0000,34808926,2999120563.9300,3,3.955400,1,-5.363600,0
2024-02-29,sh.688041,82.5000,86.9800,82.5000,85.1200,83.2800,33972253,2883976276.0000,3,3.860300,1,2.209400,0
2024-03-01,sh.688041,86.3300,88.3300,85.0800,87.4900,85.1200,31746787,2754471320.6100,3,3.607400,1,2.784300,0
2024-03-04,sh.688041,89.1000,89.7600,83.8500,86.2800,87.4900,33029482,2845580073.7900,3,3.753200,1,-1.383000,0
2024-03-05,sh.688041,84.8200,90.2600,84.1300,86.3000,86.2800,39605783,3460218799.8700,3,4.500500,1,0.023200,0
2024-03-06,sh.688041,85.0000,85.8100,82.9800,84.4200,86.3000,27199788,2293979459.1700,3,3.090800,1,-2.178400,0
2024-03-07,sh.688041,84.6000,85.2700,80.7500,80.9000,84.4200,29708196,2445734164.6100,3,3.375800,1,-4.169600,0
2024-03-08,sh.688041,81.4100,82.5900,79.7700,82.3000,80.9000,28009751,2278499266.1000,3,3.182800,1,1.730500,0
2024-03-11,sh.688041,82.2000,84.8000,81.1100,83.8100,82.3000,27453312,2284218069.1100,3,3.119600,1,1.834800,0
2024-03-12,sh.688041,83.0000,83.5000,79.5700,80.0000,83.8100,29602349,2398647730.6600,3,3.363800,1,-4.546000,0
2024-03-13,sh.688041,81.3800,82.5500,79.6600,79.7000,80.0000,23502709,1904133808.6600,3,2.670600,1,-0.375000,0
2024-03-14,sh.688041,78.7000,81.3000,78.4000,80.7500,79.7000,21081183,1687129197.4400,3,2.395500,1,1.317400,0
2024-03-15,sh.688041,80.0600,80.7000,78.5000,80.7000,80.7500,21706181,1729629526.9500,3,2.466500,1,-0.061900,0
2024-03-18,sh.688041,80.6800,84.2900,80.3700,83.1900,80.7000,32622592,2700434366.3900,3,3.707000,1,3.085500,0
2024-03-19,sh.688041,82.5000,82.5000,80.5000,80.6500,83.1900,21584127,1754165141.2800,3,2.452600,1,-3.053300,0
2024-03-20,sh.688041,80.6500,81.7000,79.8000,80.1900,80.6500,15436192,1244508729.9400,3,1.754000,1,-0.570400,0
2024-03-21,sh.688041,80.3000,81.5000,78.8800,79.2200,80.1900,16673668,1334364700.7800,3,1.894700,1,-1.209600,0
2024-03-22,sh.688041,78.9000,81.4000,78.9000,80.1200,79.2200,19784091,1582876561.3700,3,2.248100,1,1.136100,0
2024-03-25,sh.688041,80.1000,83.1000,79.4500,80.5000,80.1200,24861292,2030109301.3000,3,2.825000,1,0.474300,0
2024-03-26,sh.688041,80.1000,80.7100,76.0800,76.2900,80.5000,25850636,2007755103.0400,3,2.937400,1,-5.229800,0
2024-03-27,sh.688041,76.3100,78.1700,74.5000,75.2300,76.2900,16717968,1275544759.5000,3,1.899700,1,-1.389400,0
2024-03-28,sh.688041,75.5300,78.5000,75.2100,76.7900,75.2300,18042079,1389229683.4600,3,2.050100,1,2.073600,0
2024-03-29,sh.688041,76.3900,77.5700,75.3800,77.2600,76.7900,10726867,817886041.3400,3,1.218900,1,0.612100,0
2024-04-01,sh.688041,78.3900,79.8200,77.6000,78.4800,77.2600,13228836,1042146631.1200,3,1.503200,1,1.579100,0
2024-04-02,sh.688041,78.0000,79.1200,76.5000,77.2600,78.4800,12737542,988344511.5900,3,1.447400,1,-1.554500,0
2024-04-03,sh.688041,76.3100,77.2100,74.3300,74.5000,77.2600,16956866,1275600413.7900,3,1.926800,1,-3.572400,0
2024-04-08,sh.688041,74.5000,75.5500,74.0000,74.0100,74.5000,10590764,791323434.7100,3,1.203400,1,-0.657700,0
2024-04-09,sh.688041,74.2600,75.8600,72.7100,75.7900,74.0100,12324240,916139102.2300,3,1.400400,1,2.405100,0
2024-04-10,sh.688041,75.3000,75.5900,73.1800,73.5500,75.7900,10646729,788311245.1800,3,1.209800,1,-2.955500,0
2024-04-11,sh.688041,73.5500,74.9000,72.5500,74.0100,73.5500,13224618,977372211.7500,3,1.502700,1,0.625400,0
2024-04-12,sh.688041,77.6100,79.7500,76.6600,77.9900,74.0100,32158882,2517739977.8000,3,3.654300,1,5.377700,0
2024-04-15,sh.688041,77.6000,79.5000,76.9900,78.6600,77.9900,19678314,1542971195.1700,3,2.236100,1,0.859100,0
2024-04-16,sh.688041,78.0000,78.8000,76.3800,77.8500,78.6600,14568650,1130819667.3900,3,1.655500,1,-1.029700,0
2024-04-17,sh.688041,78.3000,80.6700,77.2000,80.0400,77.8500,19643822,1561786178.4900,3,2.232200,1,2.813100,0
2024-04-18,sh.688041,79.2300,81.2800,78.4800,79.3000,80.0400,16855015,1345737022.6900,3,1.915300,1,-0.924500,0
2024-04-19,sh.688041,79.0000,79.1300,75.5000,75.5000,79.3000,17337044,1332471288.0200,3,1.970000,1,-4.791900,0
2024-04-22,sh.688041,72.2600,74.3300,70.3000,73.3500,75.5000,15814634,1150006090.4200,3,1.797000,1,-2.847700,0
2024-04-23,sh.688041,74.0200,74.4800,71.4500,71.6200,73.3500,13059174,943766113.0000,3,1.483900,1,-2.358600,0
2024-04-24,sh.688041,72.6000,75.6300,72.4700,75.2900,71.6200,18305769,1356329266.0300,3,2.080100,1,5.124300,0
2024-04-25,sh.688041,74.5800,75.4800,74.1800,74.7000,75.2900,8928177,667327935.1900,3,1.014500,1,-0.783600,0
2024-04-26,sh.688041,76.0300,79.6600,76.0300,79.1600,74.7000,23570140,1853724361.7700,3,2.678300,1,5.970500,0
2024-04-29,sh.688041,79.8400,81.2800,79.1700,79.9200,79.1600,20363970,1634066411.0000,3,2.314000,1,0.960100,0
2024-04-30,sh.688041,80.0900,80.5800,78.5800,79.2500,79.9200,12080060,960052136.1900,3,1.372700,1,-0.838300,0
2024-05-06,sh.688041,80.5000,80.9600,78.8000,79.2400,79.2500,11349144,902467776.0700,3,1.289600,1,-0.012600,0
2024-05-07,sh.688041,79.5100,80.6800,76.5000,76.5800,79.2400,19486613,1522555442.2500,3,2.214300,1,-3.356900,0
2024-05-08,sh.688041,76.2000,77.2500,75.5100,76.3600,76.5800,11460461,875889903.2300,3,1.302300,1,-0.287300,0
2024-05-09,sh.688041,76.0100,77.0800,75.5000,76.5600,76.3600,16022291,1224724227.5100,3,1.820600,1,0.261900,0
2024-05-10,sh.688041,76.0100,76.1100,72.7000,72.9000,76.5600,19242956,1417481163.8000,3,2.186600,1,-4.780600,0
2024-05-13,sh.688041,71.5000,73.2700,71.3800,72.0200,72.9000,15542738,1119601351.3800,3,1.766100,1,-1.207100,0
2024-05-14,sh.688041,72.4200,72.9900,71.0000,71.7000,72.0200,13763393,990712129.0600,3,1.564000,1,-0.444300,0
2024-05-15,sh.688041,71.7000,72.1200,71.0300,71.1800,71.7000,9741133,695527037.8100,3,1.106900,1,-0.725200,0
2024-05-16,sh.688041,71.9800,73.7300,71.1000,72.5400,71.1800,19343300,1403303677.4800,3,2.198000,1,1.910600,0
2024-05-17,sh.688041,72.1900,74.3700,71.4400,73.8700,72.5400,17443318,1278904908.1600,3,1.982100,1,1.833500,0
2024-05-20,sh.688041,73.4300,75.2700,72.6100,73.8700,73.8700,13924855,1029144549.8200,3,1.582300,1,0.000000,0
2024-05-21,sh.688041,74.1000,74.7900,71.8800,72.0200,73.8700,12629922,924331115.4400,3,1.435200,1,-2.504400,0
2024-05-22,sh.688041,71.9000,72.7900,70.8000,72.5100,72.0200,12516993,898364210.7300,3,1.422300,1,0.680400,0
2024-05-23,sh.688041,72.7400,72.8800,71.0500,71.3200,72.5100,10362383,742426678.2200,3,1.177500,1,-1.641200,0
2024-05-24,sh.688041,71.3200,72.0800,67.6200,67.6800,71.3200,20013699,1391700489.7300,3,2.274200,1,-5.103800,0
2024-05-27,sh.688041,68.0000,70.7500,67.9000,70.6600,67.6800,17973726,1247075279.6200,3,2.042400,1,4.403100,0
2024-05-28,sh.688041,70.9000,73.3000,70.3800,70.3800,70.6600,16641787,1193879997.4800,3,1.891000,1,-0.396300,0
2024-05-29,sh.688041,70.9300,70.9900,68.8800,69.5400,70.3800,10786410,753231704.4800,3,1.225700,1,-1.193500,0
2024-05-30,sh.688041,69.2100,70.5800,68.6300,69.5100,69.5400,10996217,765472087.5400,3,1.249500,1,-0.043100,0
2024-05-31,sh.688041,70.0000,71.5100,69.2100,71.3000,69.5100,12347612,870882761.7100,3,1.403100,1,2.575200,0
2024-06-03,sh.688041,70.5100,71.4800,69.8500,71.1100,71.3000,12838509,908579009.9500,3,1.458900,1,-0.266500,0
2024-06-04,sh.688041,71.1000,71.8900,70.7500,71.5400,71.1100,9734992,694799120.3700,3,1.106200,1,0.604700,0
2024-06-05,sh.688041,71.5400,72.7900,70.8700,70.8700,71.5400,9893132,710794019.3000,3,1.124200,1,-0.936500,0
2024-06-06,sh.688041,71.6900,72.1100,68.3000,69.3000,70.8700,14641447,1034666113.2000,3,1.663700,1,-2.215300,0
2024-06-07,sh.688041,69.5800,70.1500,67.3000,68.1400,69.3000,13938997,955227351.7600,3,1.583900,1,-1.673900,0
2024-06-11,sh.688041,68.0400,71.4700,67.5000,71.4200,68.1400,17639227,1228446787.2600,3,2.004400,1,4.813600,0
2024-06-12,sh.688041,71.0100,71.9600,70.5000,70.9400,71.4200,11551789,822480241.4400,3,1.312600,1,-0.672100,0
2024-06-13,sh.688041,71.4900,72.9300,70.7000,71.9400,70.9400,17796715,1285763633.1300,3,2.022300,1,1.409600,0
2024-06-14,sh.688041,71.7100,73.1400,70.9800,73.1400,71.9400,18800201,1362123973.9900,3,2.136300,1,1.668100,0
2024-06-17,sh.688041,72.8000,74.6700,72.3700,73.5600,73.1400,16703699,1233868861.5700,3,1.898100,1,0.574200,0
2024-06-18,sh.688041,73.5000,76.7500,73.1200,74.6300,73.4500,18290083,1375843691.3000,3,2.078300,1,1.606500,0
2024-06-19,sh.688041,74.7000,76.1600,74.1600,75.3200,74.6300,14197243,1066250298.2200,3,1.613300,1,0.924600,0
2024-06-20,sh.688041,75.3200,76.0600,74.1700,74.9000,75.3200,15401440,1157915510.6200,3,1.750100,1,-0.557600,0
2024-06-21,sh.688041,74.6700,76.7400,73.0000,76.7400,74.9000,23782590,1786831211.6800,3,2.702500,1,2.456600,0
2024-06-24,sh.688041,75.9900,77.0000,73.3600,73.6200,76.7400,16983006,1278723727.1300,3,1.929800,1,-4.065700,0
2024-06-25,sh.688041,73.6300,73.9900,70.5400,71.1600,73.6200,16782613,1203261627.7000,3,1.907000,1,-3.341500,0
2024-06-26,sh.688041,71.1600,73.1000,69.9200,72.6500,71.1600,13949896,997601371.6300,3,1.585100,1,2.093900,0
2024-06-27,sh.688041,71.7000,72.1800,70.5100,71.0500,72.6500,9962066,708657419.2900,3,1.132000,1,-2.202300,0
2024-06-28,sh.688041,70.5200,71.9000,70.2300,70.3200,71.0500,9940513,706441683.9300,3,1.129600,1,-1.027400,0
2024-07-01,sh.688041,70.2000,71.3000,69.0900,70.4700,70.3200,8796144,617804119.4200,3,0.999500,1,0.213300,0
2024-07-02,sh.688041,70.1000,71.2500,69.5200,71.0400,70.4700,8861227,624386004.8600,3,1.006900,1,0.808900,0
2024-07-03,sh.688041,70.6000,71.9800,69.7100,71.2000,71.0400,9246431,656039588.4000,3,1.050700,1,0.225200,0
2024-07-04,sh.688041,71.5800,71.7000,68.9100,68.9200,71.2000,10967222,764551070.4900,3,1.246200,1,-3.202200,0
2024-07-05,sh.688041,68.9000,72.4000,67.7200,71.5000,68.9200,17418059,1222035297.6900,3,1.979200,1,3.743500,0
2024-07-08,sh.688041,71.4700,71.7200,70.5200,70.9800,71.5000,8796349,625175796.5100,3,0.999500,1,-0.727300,0
2024-07-09,sh.688041,70.6000,73.6700,70.0500,73.1100,70.9800,15953052,1151723779.8300,3,1.812800,1,3.000800,0
2024-07-10,sh.688041,72.9600,73.2900,72.2800,72.8200,73.1100,9805553,713310286.3800,3,1.114200,1,-0.396700,0
2024-07-11,sh.688041,74.4500,74.6000,72.0200,72.9900,72.8200,14592528,1068572219.4800,3,1.658200,1,0.233500,0
2024-07-12,sh.688041,72.0800,72.3000,69.7600,70.5900,72.9900,14373590,1014855334.0600,3,1.633300,1,-3.288100,0
2024-07-15,sh.688041,70.6800,72.9500,70.6800,72.0000,70.5900,14428960,1041696174.3100,3,1.639600,1,1.997500,0
2024-07-16,sh.688041,71.5200,78.5500,71.5200,77.8400,72.0000,33755998,2555250945.5300,3,3.835700,1,8.111100,0
2024-07-17,sh.688041,77.3300,78.6600,76.0600,76.6200,77.8400,19811585,1528245001.8200,3,2.251200,1,-1.567300,0
2024-07-18,sh.688041,75.3500,76.4900,73.1000,75.3600,76.6200,21191195,1584205793.7900,3,2.408000,1,-1.644500,0
2024-07-19,sh.688041,75.0100,79.1600,74.9300,78.2200,75.3600,27954182,2179008991.7500,3,3.176500,1,3.795100,0
2024-07-22,sh.688041,78.2200,80.1800,77.8800,78.6600,78.2200,21027424,1659704837.1500,3,2.388000,1,0.562500,0
2024-07-23,sh.688041,78.4700,78.5800,75.1300,75.3000,78.6600,16672437,1281047586.0800,3,1.893400,1,-4.271500,0
2024-07-24,sh.688041,75.2000,77.6100,75.0100,75.4400,75.3000,14734334,1122365143.1500,3,1.673300,1,0.185900,0
2024-07-25,sh.688041,74.3000,76.4900,74.3000,74.8000,75.4400,12521743,943190256.4000,3,1.422000,1,-0.848400,0
2024-07-26,sh.688041,75.1200,75.8900,73.7300,74.3100,74.8000,10720159,800180306.7400,3,1.217400,1,-0.655100,0
2024-07-29,sh.688041,74.5100,74.6600,73.0800,73.8500,74.3100,8220594,607072547.7700,3,0.933600,1,-0.619000,0
2024-07-30,sh.688041,73.7300,75.0600,72.4900,75.0000,73.8500,10902538,806518603.2900,3,1.238100,1,1.557200,0
2024-07-31,sh.688041,74.5500,79.8700,74.4000,79.5000,75.0000,21418891,1670244436.6900,3,2.432400,1,6.000000,0
2024-08-01,sh.688041,81.0100,81.3000,79.1100,79.6600,79.5000,16835242,1344851667.1300,3,1.911900,1,0.201300,0
2024-08-02,sh.688041,78.2000,79.4200,77.5700,77.9700,79.6600,13109015,1029558554.9700,3,1.488700,1,-2.121500,0
2024-08-05,sh.688041,77.5000,77.5000,73.4500,73.8100,77.9700,18351232,1373632865.4800,3,2.084000,1,-5.335400,0
2024-08-06,sh.688041,75.1800,75.4000,72.8100,74.8700,73.8100,10873047,804589610.3100,3,1.234800,1,1.436100,0
2024-08-07,sh.688041,74.8700,74.8800,71.1800,71.6400,74.8700,12343576,900251621.0300,3,1.401800,1,-4.314100,0
2024-08-08,sh.688041,70.7000,73.4300,70.5100,72.3800,71.6400,9305299,671568693.0100,3,1.056800,1,1.032900,0
2024-08-09,sh.688041,73.4000,73.7700,72.0100,72.0100,72.3800,7869845,573237821.1900,3,0.893700,1,-0.511200,0
2024-08-12,sh.688041,71.9600,74.1400,71.7000,73.7000,72.0100,9528696,698342339.8500,3,1.074800,1,2.346900,0
2024-08-13,sh.688041,73.7900,74.9800,72.9000,73.5100,73.7000,7586031,559439747.6000,3,0.855700,1,-0.257800,0
2024-08-14,sh.688041,74.0900,74.6500,73.2600,73.5700,73.5100,7466931,552642160.0100,3,0.842200,1,0.081600,0
2024-08-15,sh.688041,73.4800,78.0000,73.0500,76.6000,73.5700,19043305,1454000595.3800,3,2.148000,1,4.118500,0
2024-08-16,sh.688041,76.5900,77.6600,76.3700,76.8400,76.6000,9371878,721759990.7000,3,1.057100,1,0.313300,0
2024-08-19,sh.688041,76.9800,78.2300,76.5100,76.8400,76.8400,7937911,613971104.2700,3,0.895400,1,0.000000,0
2024-08-20,sh.688041,77.3000,77.3800,75.3000,75.6500,76.8400,7490602,569501802.5600,3,0.844900,1,-1.548700,0
