2019/05/06,0.944,0.984,0.908,0.908,18484261,17287144.00
2019/05/07,0.915,0.962,0.915,0.951,20325800,19239358.00
2019/05/08,0.939,0.975,0.926,0.953,21940279,20946176.00
2019/05/09,0.938,0.949,0.902,0.915,22240100,20504940.00
2019/05/10,0.928,0.975,0.925,0.967,29058518,27679928.00
2019/05/13,0.966,0.981,0.941,0.972,24806318,24124112.00
2019/05/14,0.950,0.980,0.950,0.964,14889800,14413965.00
2019/05/15,0.971,1.023,0.971,1.019,116868200,117712976.00
2019/05/16,1.014,1.040,1.001,1.031,49898020,51065840.00
2019/05/17,1.028,1.038,0.992,1.000,40751500,41297832.00
2019/05/20,1.000,1.000,0.953,0.976,29263500,28386200.00
2019/05/21,0.977,1.002,0.956,0.991,27896600,27517500.00
2019/05/22,0.990,0.993,0.969,0.979,33062500,32345620.00
2019/05/23,0.969,0.978,0.940,0.946,29391400,28015360.00
2019/05/24,0.942,0.969,0.942,0.958,19972700,19161076.00
2019/05/27,0.954,0.968,0.938,0.965,32020800,30533972.00
2019/05/28,0.964,0.982,0.955,0.966,26624500,25791680.00
2019/05/29,0.964,0.988,0.960,0.978,20184300,19726572.00
2019/05/30,0.977,0.981,0.955,0.971,23304500,22416566.00
2019/05/31,0.972,0.972,0.954,0.959,17704278,17002264.00
2019/06/03,0.964,0.970,0.945,0.950,31076300,29603076.00
2019/06/04,0.950,0.951,0.920,0.924,28596550,26514980.00
2019/06/05,0.932,0.937,0.922,0.926,14150978,13135558.00
2019/06/06,0.936,0.936,0.911,0.915,15816000,14548330.00
2019/06/10,0.915,0.940,0.901,0.933,20804300,19231338.00
2019/06/11,0.933,0.988,0.933,0.981,40254500,38998308.00
2019/06/12,0.975,0.982,0.964,0.969,15873300,15391685.00
2019/06/13,0.969,0.972,0.952,0.966,14549500,13983165.00
2019/06/14,0.960,0.980,0.952,0.955,15979400,15424440.00
2019/06/17,0.952,0.961,0.939,0.950,14228600,13543080.00
2019/06/18,0.952,0.955,0.938,0.950,10108000,9552891.00
2019/06/19,0.980,0.985,0.962,0.963,19907900,19347974.00
2019/06/20,0.963,1.009,0.960,1.004,35950500,35770588.00
2019/06/21,1.003,1.019,0.995,1.013,24701100,24827244.00
2019/06/24,1.010,1.043,1.004,1.028,38585300,39672436.00
2019/06/25,1.021,1.035,1.004,1.027,24332210,24835162.00
2019/06/26,1.016,1.030,1.015,1.027,15892800,16266214.00
2019/06/27,1.025,1.073,1.025,1.063,50312100,53149504.00
2019/06/28,1.058,1.073,1.049,1.063,28386670,30101720.00
2019/07/01,1.090,1.119,1.081,1.118,26143023,28888492.00
2019/07/02,1.107,1.126,1.101,1.118,23274200,25891212.00
2019/07/03,1.114,1.138,1.081,1.096,32824000,36403288.00
2019/07/04,1.083,1.098,1.063,1.079,22254660,23940940.00
2019/07/05,1.077,1.113,1.076,1.106,24639800,26948916.00
2019/07/08,1.100,1.101,1.067,1.084,24898100,27035356.00
2019/07/09,1.080,1.114,1.080,1.092,21507200,23558330.00
2019/07/10,1.092,1.105,1.089,1.096,13087000,14356826.00
2019/07/11,1.099,1.108,1.080,1.084,21212528,23158564.00
2019/07/12,1.080,1.102,1.079,1.097,18749200,20510030.00
2019/07/15,1.090,1.092,1.060,1.089,20049600,21590676.00
2019/07/16,1.087,1.093,1.072,1.076,17617000,18988524.00
2019/07/17,1.073,1.082,1.065,1.073,13002900,13948064.00
2019/07/18,1.064,1.073,1.054,1.055,18410916,19590668.00
2019/07/19,1.059,1.073,1.055,1.065,12736400,13581463.00
2019/07/22,1.068,1.069,1.052,1.059,20097300,21281286.00
2019/07/23,1.060,1.060,1.030,1.048,18697835,19507682.00
2019/07/24,1.043,1.055,1.042,1.046,20530035,21530484.00
2019/07/25,1.046,1.060,1.029,1.060,31404800,32740032.00
2019/07/26,1.052,1.065,1.046,1.056,19982800,21143320.00
2019/07/29,1.057,1.070,1.051,1.067,20373935,21660996.00
2019/07/30,1.067,1.072,1.058,1.063,15663800,16692280.00
2019/07/31,1.059,1.067,1.044,1.045,20023800,21028660.00
2019/08/01,1.040,1.045,1.024,1.029,19147700,19790494.00
2019/08/02,1.004,1.025,1.003,1.020,22976100,23249886.00
2019/08/05,1.010,1.023,1.000,1.001,17136100,17293532.00
2019/08/06,0.989,1.014,0.975,1.010,29194300,29266670.00
2019/08/07,1.017,1.019,1.004,1.005,9729100,9836472.00
2019/08/08,1.006,1.030,1.006,1.026,21118000,21614430.00
2019/08/09,1.034,1.035,1.005,1.009,12740700,12974805.00
2019/08/12,1.022,1.040,1.022,1.038,30779300,31791816.00
2019/08/13,1.031,1.036,1.025,1.034,11339800,11691712.00
2019/08/14,1.045,1.064,1.044,1.060,17360200,18342800.00
2019/08/15,1.041,1.056,1.036,1.055,17815300,18649484.00
2019/08/16,1.054,1.086,1.050,1.073,21976500,23565048.00
2019/08/19,1.080,1.088,1.066,1.086,25171300,27135312.00
2019/08/20,1.086,1.100,1.075,1.098,16380900,17873740.00
2019/08/21,1.098,1.099,1.083,1.086,14812200,16142205.00
2019/08/22,1.088,1.111,1.088,1.110,20270200,22316302.00
2019/08/23,1.107,1.117,1.099,1.110,15867300,17613700.00
2019/08/26,1.092,1.098,1.081,1.087,21024400,22878132.00
2019/08/27,1.096,1.122,1.096,1.114,16677400,18533128.00
2019/08/28,1.112,1.131,1.098,1.112,16222200,18092390.00
2019/08/29,1.114,1.130,1.107,1.126,12582300,14074945.00
2019/08/30,1.129,1.168,1.127,1.150,39856300,45782408.00
2019/09/02,1.149,1.154,1.125,1.153,23519900,26833128.00
2019/09/03,1.150,1.156,1.128,1.142,30386500,34666672.00
2019/09/04,1.133,1.141,1.115,1.128,25703900,28867000.00
2019/09/05,1.125,1.142,1.125,1.133,25720100,29133884.00
2019/09/06,1.135,1.135,1.116,1.131,16142900,18152496.00
2019/09/09,1.131,1.140,1.128,1.132,16609600,18796828.00
2019/09/10,1.128,1.135,1.118,1.128,14567900,16391783.00
2019/09/11,1.124,1.127,1.080,1.085,62369700,67996136.00
2019/09/12,1.080,1.108,1.078,1.102,41085700,45121976.00
2019/09/16,1.100,1.105,1.088,1.097,15020600,16464706.00
2019/09/17,1.096,1.110,1.091,1.097,18204600,20061500.00
2019/09/18,1.099,1.140,1.099,1.138,46910800,52960788.00
2019/09/19,1.133,1.141,1.120,1.140,26367000,29754300.00
2019/09/20,1.140,1.155,1.136,1.144,22788140,26076844.00
2019/09/23,1.139,1.139,1.120,1.130,20150240,22695576.00
2019/09/24,1.130,1.166,1.130,1.158,32090700,36992936.00
2019/09/25,1.150,1.165,1.139,1.148,54457000,62711488.00
2019/09/26,1.148,1.163,1.125,1.131,62945840,72211264.00
2019/09/27,1.130,1.145,1.108,1.135,31041795,35101760.00
2019/09/30,1.128,1.140,1.111,1.116,41429195,46676128.00
2019/10/08,1.113,1.153,1.113,1.131,28708300,32655226.00
2019/10/09,1.131,1.131,1.109,1.120,18577700,20727796.00
2019/10/10,1.110,1.125,1.093,1.123,15153100,16788804.00
2019/10/11,1.122,1.138,1.116,1.124,17048800,19195546.00
2019/10/14,1.135,1.135,1.120,1.125,16408800,18468110.00
2019/10/15,1.126,1.148,1.116,1.144,34813800,39629588.00
2019/10/16,1.130,1.130,1.114,1.121,42709000,47851284.00
2019/10/17,1.123,1.129,1.114,1.124,10775400,12078699.00
2019/10/18,1.119,1.119,1.099,1.105,24149800,26818320.00
2019/10/21,1.100,1.109,1.094,1.108,12463800,13744216.00
2019/10/22,1.109,1.116,1.101,1.109,8169700,9045215.00
2019/10/23,1.110,1.116,1.085,1.090,17929600,19684288.00
2019/10/24,1.090,1.095,1.071,1.077,18165600,19569260.00
2019/10/25,1.078,1.097,1.074,1.093,17678600,19216968.00
2019/10/28,1.085,1.119,1.081,1.114,26681500,29560638.00
2019/10/29,1.115,1.132,1.109,1.122,15408800,17313590.00
2019/10/30,1.117,1.119,1.102,1.114,22117800,24558220.00
2019/10/31,1.119,1.135,1.112,1.116,13819300,15518394.00
2019/11/01,1.114,1.136,1.111,1.134,14641715,16504721.00
2019/11/04,1.135,1.155,1.135,1.143,21909685,25101268.00
2019/11/05,1.143,1.153,1.135,1.145,16632800,19057084.00
2019/11/06,1.143,1.151,1.133,1.136,11611800,13232189.00
2019/11/07,1.135,1.149,1.135,1.148,11100900,12681579.00
2019/11/08,1.160,1.166,1.149,1.152,15955300,18471210.00
2019/11/11,1.149,1.153,1.133,1.140,15911500,18177064.00
2019/11/12,1.140,1.150,1.133,1.149,16419600,18766910.00
2019/11/13,1.151,1.167,1.148,1.162,13029070,15084698.00
2019/11/14,1.160,1.183,1.155,1.176,13870000,16230188.00
2019/11/15,1.174,1.176,1.165,1.169,11640200,13636306.00
2019/11/18,1.168,1.178,1.158,1.176,34316000,40043996.00
2019/11/19,1.174,1.186,1.173,1.184,8593800,10133731.00
2019/11/20,1.181,1.197,1.177,1.187,10152300,12083898.00
2019/11/21,1.181,1.191,1.177,1.181,6301100,7449087.00
2019/11/22,1.178,1.186,1.141,1.151,15147800,17596936.00
2019/11/25,1.150,1.155,1.128,1.152,12236700,13978938.00
2019/11/26,1.150,1.166,1.150,1.159,15063000,17486506.00
2019/11/27,1.157,1.170,1.155,1.161,10169400,11839546.00
2019/11/28,1.164,1.170,1.154,1.161,9184200,10670599.00
2019/11/29,1.158,1.159,1.118,1.131,26643700,30104188.00
2019/12/02,1.126,1.139,1.125,1.132,8650700,9801089.00
2019/12/03,1.133,1.133,1.114,1.127,12357800,13873776.00
2019/12/04,1.140,1.146,1.131,1.136,10337100,11764976.00
2019/12/05,1.137,1.140,1.130,1.136,15899500,18040396.00
2019/12/06,1.136,1.163,1.135,1.162,26650700,30695196.00
2019/12/09,1.162,1.162,1.150,1.154,17670000,20425912.00
2019/12/10,1.154,1.156,1.146,1.152,14398100,16571441.00
2019/12/11,1.152,1.154,1.137,1.144,13577400,15504005.00
2019/12/12,1.142,1.144,1.136,1.141,13407400,15272498.00
2019/12/13,1.145,1.158,1.145,1.158,30358880,35001304.00
2019/12/16,1.158,1.158,1.142,1.153,27846900,31912828.00
2019/12/17,1.150,1.162,1.144,1.161,38955200,44940792.00
2019/12/18,1.161,1.169,1.156,1.160,28696100,33356750.00
2019/12/19,1.158,1.159,1.146,1.153,15156700,17468484.00
2019/12/20,1.149,1.153,1.144,1.148,9934400,11407056.00
2019/12/23,1.126,1.150,1.126,1.142,16946400,19342410.00
2019/12/24,1.140,1.147,1.138,1.145,6782100,7758477.00
2019/12/25,1.140,1.145,1.130,1.136,14169300,16060678.00
2019/12/26,1.136,1.143,1.131,1.142,9349000,10639938.00
2019/12/27,1.143,1.166,1.143,1.155,31210680,36219560.00
2019/12/30,1.148,1.198,1.148,1.193,41431574,48979692.00
2019/12/31,1.189,1.196,1.182,1.194,21537900,25624648.00
2020/01/02,1.190,1.190,1.164,1.183,34478500,40592320.00
2020/01/03,1.177,1.181,1.162,1.169,31992640,37435532.00
2020/01/06,1.167,1.170,1.155,1.160,33393200,38823248.00
2020/01/07,1.163,1.175,1.158,1.175,29810240,34886700.00
2020/01/08,1.165,1.177,1.165,1.170,28783640,33715880.00
2020/01/09,1.170,1.199,1.170,1.191,40909840,48566320.00
2020/01/10,1.191,1.228,1.190,1.224,42790400,51851964.00
2020/01/13,1.225,1.250,1.224,1.246,43067400,53343324.00
2020/01/14,1.236,1.237,1.215,1.221,34732100,42471580.00
2020/01/15,1.223,1.240,1.219,1.225,38646500,47491440.00
2020/01/16,1.225,1.233,1.220,1.227,18528400,22703204.00
2020/01/17,1.225,1.239,1.225,1.231,16993300,20942360.00
2020/01/20,1.232,1.241,1.216,1.229,22815100,27863528.00
2020/01/21,1.214,1.225,1.191,1.191,40594800,48610076.00
2020/01/22,1.185,1.202,1.173,1.195,31191000,37148808.00
2020/01/23,1.184,1.192,1.140,1.161,32238700,37492608.00
2020/02/03,1.045,1.060,1.045,1.045,15292700,15993932.00
2020/02/04,1.028,1.055,1.019,1.052,40837900,42436512.00
2020/02/05,1.055,1.069,1.036,1.062,40065100,42282396.00
2020/02/06,1.059,1.075,1.050,1.070,48579000,51502084.00
2020/02/07,1.064,1.086,1.059,1.085,37966100,40574876.00
2020/02/10,1.077,1.094,1.061,1.084,32819000,35422016.00
2020/02/11,1.084,1.120,1.081,1.109,42031600,46590912.00
2020/02/12,1.108,1.115,1.099,1.114,32751000,36252868.00
2020/02/13,1.112,1.126,1.099,1.104,37930800,42107308.00
2020/02/14,1.100,1.108,1.094,1.101,24190000,26627876.00
2020/02/17,1.102,1.117,1.098,1.116,53774600,59537456.00
2020/02/18,1.120,1.125,1.101,1.108,46948500,52012752.00
2020/02/19,1.107,1.131,1.102,1.126,62455600,69980944.00
2020/02/20,1.126,1.169,1.125,1.168,92774900,106935512.00
2020/02/21,1.168,1.169,1.153,1.165,115850400,134134256.00
2020/02/24,1.159,1.159,1.130,1.140,99305400,113086176.00
2020/02/25,1.117,1.135,1.105,1.132,77658200,87176120.00
2020/02/26,1.120,1.139,1.110,1.120,63173400,70969456.00
2020/02/27,1.123,1.138,1.119,1.128,58858300,66620704.00
2020/02/28,1.099,1.111,1.071,1.078,53158500,57960196.00
2020/03/02,1.079,1.113,1.079,1.110,41580700,45830700.00
2020/03/03,1.130,1.132,1.114,1.118,34352500,38529480.00
2020/03/04,1.101,1.129,1.101,1.127,28193300,31583278.00
2020/03/05,1.131,1.196,1.131,1.185,114535900,133414312.00
2020/03/06,1.171,1.195,1.155,1.160,76115400,89456736.00
2020/03/09,1.145,1.145,1.110,1.113,52068800,58426624.00
2020/03/10,1.118,1.157,1.109,1.152,49182100,55788848.00
2020/03/11,1.157,1.167,1.138,1.140,41432000,47766656.00
2020/03/12,1.122,1.130,1.107,1.119,35839800,40095068.00
2020/03/13,1.062,1.112,1.056,1.098,38126100,41199644.00
2020/03/16,1.095,1.098,1.047,1.058,59021700,63323536.00
2020/03/17,1.060,1.070,1.001,1.036,34170500,35279744.00
2020/03/18,1.036,1.057,1.004,1.013,59719500,61431972.00
2020/03/19,0.999,1.012,0.943,0.975,83472100,80856744.00
2020/03/20,0.978,1.013,0.978,1.008,54596300,54644080.00
2020/03/23,0.975,0.987,0.961,0.977,35653200,34732536.00
2020/03/24,0.991,1.023,0.991,1.019,45873900,46286192.00
2020/03/25,1.043,1.055,1.036,1.050,36955800,38666668.00
2020/03/26,1.038,1.067,1.032,1.049,43449300,45812944.00
2020/03/27,1.065,1.088,1.052,1.076,61382500,66227116.00
2020/03/30,1.055,1.072,1.048,1.061,26351700,27940970.00
2020/03/31,1.071,1.086,1.063,1.076,35725800,38462788.00
2020/04/01,1.074,1.084,1.060,1.066,31552400,33843040.00
2020/04/02,1.055,1.080,1.055,1.079,22157700,23681856.00
2020/04/03,1.081,1.089,1.068,1.077,26170700,28281226.00
2020/04/07,1.090,1.108,1.082,1.104,30064300,33105392.00
2020/04/08,1.084,1.103,1.084,1.100,18990300,20835688.00
2020/04/09,1.110,1.113,1.098,1.108,19394700,21435850.00
2020/04/10,1.110,1.146,1.105,1.121,41526800,46823784.00
2020/04/13,1.114,1.130,1.102,1.117,27496000,30711280.00
2020/04/14,1.121,1.136,1.117,1.133,26456500,29857530.00
2020/04/15,1.135,1.146,1.125,1.126,20038700,22752444.00
2020/04/16,1.123,1.125,1.111,1.122,21897000,24462296.00
2020/04/17,1.126,1.147,1.123,1.130,27559500,31342868.00
2020/04/20,1.129,1.140,1.126,1.140,22087000,25012288.00
2020/04/21,1.136,1.136,1.106,1.118,28446200,31767600.00
2020/04/22,1.110,1.153,1.110,1.149,46946500,53538588.00
2020/04/23,1.146,1.171,1.146,1.153,32747700,37974156.00
2020/04/24,1.162,1.180,1.146,1.169,27321200,31997170.00
2020/04/27,1.166,1.167,1.146,1.161,27780400,32280352.00
2020/04/28,1.156,1.205,1.150,1.191,36499400,43093808.00
2020/04/29,1.190,1.199,1.168,1.174,24440200,28914462.00
2020/04/30,1.170,1.188,1.170,1.184,32137100,37863660.00
2020/05/06,1.179,1.200,1.169,1.199,26511400,31450424.00
2020/05/07,1.192,1.217,1.183,1.211,43577000,52418160.00
2020/05/08,1.214,1.235,1.200,1.223,47047800,57369848.00
2020/05/11,1.221,1.247,1.221,1.226,34179400,42136096.00
2020/05/12,1.224,1.237,1.219,1.235,21547600,26504708.00
2020/05/13,1.231,1.275,1.226,1.273,43073900,54178932.00
2020/05/14,1.267,1.279,1.258,1.271,29617400,37637344.00
2020/05/15,1.270,1.278,1.247,1.262,37774900,47503584.00
2020/05/18,1.262,1.303,1.252,1.294,49279600,62959656.00
2020/05/19,1.295,1.301,1.281,1.301,39527500,51095412.00
2020/05/20,1.301,1.305,1.287,1.289,29943900,38766936.00
2020/05/21,1.290,1.316,1.290,1.301,38988200,50750272.00
2020/05/22,1.293,1.295,1.245,1.256,48859400,61851668.00
2020/05/25,1.252,1.288,1.237,1.285,42721600,54123544.00
2020/05/26,1.285,1.303,1.274,1.301,39409200,50958384.00
2020/05/27,1.300,1.306,1.285,1.292,29237700,37901992.00
2020/05/28,1.292,1.322,1.292,1.309,39272400,51419552.00
2020/05/29,1.294,1.330,1.294,1.328,31957800,42203704.00
2020/06/01,1.332,1.375,1.332,1.363,35292500,47991636.00
2020/06/02,1.361,1.366,1.331,1.340,53762300,72374808.00
2020/06/03,1.344,1.345,1.327,1.341,45852700,61059800.00
2020/06/04,1.336,1.370,1.333,1.368,56171500,76250672.00
2020/06/05,1.368,1.389,1.353,1.385,44054300,60486532.00
2020/06/08,1.384,1.406,1.371,1.387,37147500,51459664.00
2020/06/09,1.384,1.403,1.377,1.401,39115900,54582372.00
2020/06/10,1.400,1.409,1.391,1.407,52292900,73295416.00
2020/06/11,1.400,1.407,1.370,1.382,69110500,95986168.00
2020/06/12,1.351,1.396,1.350,1.389,43096900,59425156.00
2020/06/15,1.381,1.387,1.350,1.361,50006300,68281928.00
2020/06/16,1.368,1.389,1.367,1.387,52808500,72939920.00
2020/06/17,1.388,1.390,1.359,1.369,51996800,71152944.00
2020/06/18,1.362,1.378,1.359,1.371,27366900,37473708.00
2020/06/19,1.372,1.414,1.371,1.405,63400600,88914632.00
2020/06/22,1.410,1.415,1.389,1.414,43397700,60818180.00
2020/06/23,1.412,1.459,1.400,1.458,62309600,89520936.00
2020/06/24,1.456,1.471,1.438,1.457,46667100,67836432.00
2020/06/29,1.445,1.464,1.431,1.459,37448700,54321188.00
2020/06/30,1.460,1.503,1.460,1.501,51100000,75985232.00
2020/07/01,1.504,1.595,1.501,1.590,83747600,130217824.00
2020/07/02,1.579,1.638,1.558,1.615,106059500,170326480.00
2020/07/03,1.615,1.616,1.542,1.598,97076200,152785616.00
2020/07/06,1.580,1.640,1.560,1.638,88350300,141580752.00
2020/07/07,1.625,1.717,1.600,1.674,113654000,190369584.00
2020/07/08,1.649,1.694,1.600,1.680,97237700,161912784.00
2020/07/09,1.670,1.714,1.657,1.704,86105300,145291904.00
2020/07/10,1.700,1.765,1.680,1.724,105425465,182359008.00
2020/07/13,1.720,1.847,1.707,1.838,113893600,201974912.00
2020/07/14,1.815,1.840,1.771,1.819,126782265,229276304.00
2020/07/15,1.820,1.888,1.807,1.856,137113200,253547264.00
2020/07/16,1.821,1.821,1.670,1.695,179489500,312607648.00
2020/07/17,1.640,1.727,1.640,1.686,111670300,188312656.00
2020/07/20,1.690,1.711,1.590,1.674,148081300,244146880.00
2020/07/21,1.673,1.740,1.657,1.708,128583200,219898272.00
2020/07/22,1.700,1.765,1.670,1.740,90314700,157116224.00
2020/07/23,1.721,1.760,1.701,1.749,88023100,152722784.00
2020/07/24,1.730,1.739,1.635,1.663,108881400,182867984.00
2020/07/27,1.662,1.694,1.648,1.672,66734100,111655096.00
2020/07/28,1.661,1.733,1.661,1.718,88076800,149982704.00
2020/07/29,1.718,1.736,1.684,1.735,115931800,198981424.00
2020/07/30,1.730,1.765,1.718,1.747,106436900,186114672.00
2020/07/31,1.730,1.762,1.704,1.746,102700300,178353344.00
2020/08/03,1.747,1.759,1.728,1.757,96295200,167893248.00
2020/08/04,1.758,1.772,1.730,1.749,83155800,145392928.00
2020/08/05,1.725,1.748,1.709,1.743,82308400,142419008.00
2020/08/06,1.742,1.748,1.685,1.709,101874800,174064656.00
2020/08/07,1.690,1.714,1.640,1.664,75241100,126094968.00
2020/08/10,1.666,1.686,1.648,1.681,56265300,94043680.00
2020/08/11,1.685,1.725,1.685,1.691,83164500,142165360.00
2020/08/12,1.680,1.698,1.626,1.657,56717200,93730160.00
2020/08/13,1.655,1.685,1.650,1.675,48772400,81531312.00
2020/08/14,1.670,1.733,1.660,1.726,91287034,156133952.00
2020/08/17,1.734,1.789,1.728,1.772,98300434,173892448.00
2020/08/18,1.768,1.810,1.750,1.790,79434500,141825760.00
2020/08/19,1.781,1.827,1.768,1.795,91327707,164536400.00
2020/08/20,1.771,1.786,1.740,1.749,61686500,108293384.00
2020/08/21,1.757,1.802,1.752,1.788,80251607,143220096.00
2020/08/24,1.792,1.835,1.785,1.827,68878100,125089400.00
2020/08/25,1.827,1.909,1.827,1.894,102951100,194053904.00
2020/08/26,1.888,1.924,1.859,1.893,104395800,197379440.00
2020/08/27,1.875,1.915,1.856,1.912,104141800,196910704.00
2020/08/28,1.901,2.004,1.886,1.988,125065359,244740112.00
2020/08/31,1.997,2.051,1.992,2.013,139401300,281613920.00
2020/09/01,1.989,2.005,1.926,1.971,151285359,296162176.00
2020/09/02,1.975,1.998,1.929,1.954,89331559,175238208.00
2020/09/03,1.951,2.014,1.940,1.986,135663959,270141152.00
2020/09/04,1.938,1.949,1.890,1.933,127125400,243911936.00
2020/09/07,1.928,1.957,1.880,1.893,93754108,180602480.00
2020/09/08,1.893,1.912,1.821,1.854,99216300,183605504.00
2020/09/09,1.821,1.837,1.788,1.809,95162700,173065936.00
2020/09/10,1.830,1.877,1.829,1.840,100105800,185477216.00
2020/09/11,1.833,1.900,1.822,1.899,100178559,186919152.00
2020/09/14,1.901,1.929,1.882,1.921,103371200,197446960.00
2020/09/15,1.916,1.921,1.893,1.919,68111500,130157872.00
2020/09/16,1.919,1.935,1.874,1.886,79306400,151068512.00
2020/09/17,1.870,1.870,1.820,1.843,80197900,147828992.00
2020/09/18,1.836,1.872,1.818,1.870,86098200,158795520.00
2020/09/21,1.854,1.864,1.834,1.838,57728100,106284728.00
2020/09/22,1.822,1.854,1.817,1.822,58221600,106841984.00
2020/09/23,1.796,1.830,1.767,1.824,73932300,133401040.00
2020/09/24,1.810,1.832,1.780,1.785,60940400,110088640.00
2020/09/25,1.795,1.812,1.789,1.799,46416800,83632960.00
2020/09/28,1.802,1.835,1.795,1.815,63734200,115987328.00
2020/09/29,1.824,1.828,1.799,1.819,50662500,91870176.00
2020/09/30,1.820,1.846,1.812,1.827,71993100,131686448.00
2020/10/09,1.843,1.861,1.833,1.851,66284200,122397336.00
2020/10/12,1.858,1.950,1.851,1.948,106002800,202383648.00
2020/10/13,1.945,1.975,1.921,1.953,84726700,165326096.00
2020/10/14,1.946,1.985,1.944,1.953,70846600,139199792.00
2020/10/15,1.944,1.961,1.940,1.952,44174000,86214304.00
2020/10/16,1.950,1.969,1.914,1.927,49900000,96602496.00
2020/10/19,1.930,1.951,1.899,1.909,53617300,102992872.00
2020/10/20,1.899,1.973,1.899,1.972,109620900,213852496.00
2020/10/21,1.965,1.987,1.947,1.979,76186000,149900080.00
2020/10/22,1.973,2.015,1.941,2.004,88600318,175840080.00
2020/10/23,2.000,2.017,1.952,1.966,75941218,150938480.00
2020/10/26,1.897,1.945,1.877,1.938,78712618,150838368.00
2020/10/27,1.923,1.973,1.923,1.964,56219500,109911472.00
2020/10/28,1.960,2.045,1.959,2.030,128910300,259402864.00
2020/10/29,2.016,2.110,2.016,2.078,109090000,226786528.00
2020/10/30,2.067,2.075,2.008,2.019,111818700,227133792.00
2020/11/02,2.019,2.058,2.016,2.048,64177400,131000528.00
2020/11/03,2.047,2.080,2.041,2.069,67295900,138497648.00
2020/11/04,2.063,2.075,2.043,2.074,55129700,113667376.00
2020/11/05,2.081,2.142,2.081,2.124,103176558,217857792.00
2020/11/06,2.130,2.130,2.070,2.097,97141458,202886384.00
2020/11/09,2.101,2.137,2.093,2.136,98891292,209082672.00
2020/11/10,2.136,2.217,2.110,2.191,114942922,249619264.00
2020/11/11,2.170,2.255,2.162,2.192,143871711,318423840.00
2020/11/12,2.180,2.260,2.155,2.257,127786219,282837856.00
2020/11/13,2.204,2.211,2.121,2.151,183375719,396229440.00
2020/11/16,2.147,2.248,2.145,2.235,134245518,294866560.00
2020/11/17,2.233,2.270,2.180,2.203,125530870,280074368.00
2020/11/18,2.190,2.205,2.131,2.168,112490800,243838640.00
2020/11/19,2.148,2.204,2.133,2.189,96158340,209895456.00
2020/11/20,2.189,2.260,2.172,2.245,114594904,256242576.00
2020/11/23,2.256,2.305,2.253,2.274,96403804,219445392.00
2020/11/24,2.264,2.288,2.212,2.279,116912999,263335360.00
2020/11/25,2.279,2.279,2.180,2.187,182570776,403631168.00
2020/11/26,2.192,2.212,2.145,2.210,111108000,243389952.00
2020/11/27,2.203,2.216,2.172,2.208,73342311,161225568.00
2020/11/30,2.190,2.206,2.136,2.155,116678700,251798752.00
2020/12/01,2.149,2.175,2.148,2.168,73380907,158719856.00
2020/12/02,2.176,2.182,2.148,2.167,61166589,132311552.00
2020/12/03,2.163,2.197,2.152,2.195,89063131,193750784.00
2020/12/04,2.189,2.291,2.183,2.273,191883464,431480736.00
2020/12/07,2.263,2.316,2.258,2.275,131278908,300763328.00
2020/12/08,2.273,2.337,2.270,2.333,127952355,295233920.00
2020/12/09,2.333,2.339,2.297,2.318,126106071,292089376.00
2020/12/10,2.309,2.380,2.295,2.336,178404054,417736192.00
2020/12/11,2.332,2.375,2.320,2.355,124022275,291684448.00
2020/12/14,2.355,2.426,2.353,2.423,141699891,339441184.00
2020/12/15,2.425,2.427,2.360,2.405,176382344,423276608.00
2020/12/16,2.393,2.471,2.393,2.461,144494060,353423456.00
2020/12/17,2.462,2.529,2.449,2.513,168851932,420858944.00
2020/12/18,2.495,2.559,2.473,2.513,221668244,558933696.00
2020/12/21,2.505,2.551,2.480,2.527,142281089,358578752.00
2020/12/22,2.518,2.613,2.513,2.578,186105901,479427072.00
2020/12/23,2.588,2.660,2.494,2.560,302476205,779899776.00
2020/12/24,2.500,2.546,2.471,2.490,196976304,492798656.00
2020/12/25,2.456,2.515,2.433,2.489,171588700,424516928.00
2020/12/28,2.493,2.609,2.493,2.608,195400448,502936256.00
2020/12/29,2.610,2.617,2.548,2.578,138809352,358015648.00
2020/12/30,2.575,2.652,2.566,2.634,127938054,336162720.00
2020/12/31,2.645,2.690,2.634,2.689,150582332,401513824.00
2021/01/04,2.699,2.811,2.696,2.800,162978056,450383360.00
2021/01/05,2.788,2.932,2.755,2.916,256876700,737672064.00
2021/01/06,2.940,2.999,2.850,2.923,298443334,869162496.00
2021/01/07,2.904,2.956,2.841,2.954,214727447,622799744.00
2021/01/08,2.954,2.989,2.844,2.876,244788729,709974336.00
2021/01/11,2.865,2.866,2.732,2.773,261109135,729637440.00
2021/01/12,2.738,2.868,2.730,2.856,214454227,606377408.00
2021/01/13,2.856,2.889,2.781,2.820,175714012,498575232.00
2021/01/14,2.811,2.814,2.706,2.726,194256018,531798464.00
2021/01/15,2.710,2.710,2.571,2.650,281520756,740513728.00
2021/01/18,2.620,2.642,2.576,2.628,248658068,648161472.00
2021/01/19,2.648,2.678,2.554,2.572,275231918,719986944.00
2021/01/20,2.545,2.609,2.490,2.598,267369732,684474432.00
2021/01/21,2.583,2.695,2.575,2.669,320192450,845446208.00
2021/01/22,2.658,2.688,2.625,2.652,195571815,519085248.00
2021/01/25,2.650,2.830,2.640,2.828,334480303,927604224.00
2021/01/26,2.830,2.831,2.743,2.749,216886164,600318400.00
2021/01/27,2.697,2.714,2.601,2.668,214023938,569362048.00
2021/01/28,2.615,2.678,2.615,2.626,117962794,311693024.00
2021/01/29,2.649,2.712,2.640,2.678,205041590,550559232.00
2021/02/01,2.684,2.735,2.654,2.668,126238868,340131520.00
2021/02/02,2.668,2.783,2.659,2.779,198826439,544491072.00
2021/02/03,2.770,2.805,2.740,2.788,163446046,453936576.00
2021/02/04,2.778,2.875,2.761,2.806,222936950,629647296.00
2021/02/05,2.816,2.891,2.770,2.833,191411263,544048512.00
2021/02/08,2.850,2.909,2.782,2.840,154620368,438976832.00
2021/02/09,2.849,2.910,2.809,2.909,148259091,425853216.00
2021/02/10,2.926,3.054,2.926,3.046,186746297,562734400.00
2021/02/18,3.080,3.125,2.908,2.939,192790079,576444032.00
2021/02/19,2.903,2.959,2.801,2.919,204083874,588189952.00
2021/02/22,2.890,2.899,2.693,2.698,334529700,921341824.00
2021/02/23,2.657,2.737,2.652,2.699,138130346,373527232.00
2021/02/24,2.698,2.699,2.515,2.552,302542909,779904896.00
2021/02/25,2.561,2.577,2.470,2.502,199723878,502236544.00
2021/02/26,2.431,2.477,2.370,2.433,238923469,581076160.00
2021/03/01,2.460,2.480,2.405,2.441,167775849,410366720.00
2021/03/02,2.466,2.491,2.353,2.378,188575375,456514208.00
2021/03/03,2.370,2.436,2.345,2.430,148695963,357070880.00
2021/03/04,2.390,2.392,2.296,2.310,174160470,406421152.00
2021/03/05,2.258,2.375,2.250,2.342,217042872,505372576.00
2021/03/08,2.347,2.356,2.170,2.174,213779883,483039456.00
2021/03/09,2.159,2.195,2.081,2.113,209403332,448833440.00
2021/03/10,2.168,2.204,2.148,2.173,226070341,492869120.00
2021/03/11,2.177,2.302,2.159,2.260,224440843,504678496.00
2021/03/12,2.277,2.288,2.215,2.269,122278939,275211584.00
2021/03/15,2.248,2.269,2.129,2.157,186801770,406791264.00
2021/03/16,2.159,2.228,2.159,2.218,144558131,317621120.00
2021/03/17,2.203,2.261,2.161,2.249,127780998,284296416.00
2021/03/18,2.258,2.345,2.257,2.318,182277444,421855840.00
2021/03/19,2.265,2.303,2.239,2.264,139421761,315861056.00
2021/03/22,2.249,2.290,2.223,2.273,109605900,247447488.00
2021/03/23,2.264,2.302,2.240,2.284,105933899,241327024.00
2021/03/24,2.263,2.350,2.261,2.288,190050038,439731488.00
2021/03/25,2.266,2.288,2.210,2.272,109841188,247922800.00
2021/03/26,2.283,2.361,2.275,2.354,192066612,447701792.00
2021/03/29,2.374,2.455,2.353,2.409,192488794,464255424.00
2021/03/30,2.396,2.454,2.393,2.411,130604851,315872384.00
2021/03/31,2.398,2.398,2.354,2.374,127850745,303457408.00
2021/04/01,2.386,2.439,2.382,2.434,123589740,297883520.00
2021/04/02,2.468,2.548,2.468,2.544,188268076,472227648.00
2021/04/06,2.550,2.553,2.495,2.511,136459514,343310656.00
2021/04/07,2.497,2.497,2.390,2.405,221347427,535043840.00
2021/04/08,2.377,2.460,2.364,2.452,188872217,458274784.00
2021/04/09,2.416,2.438,2.376,2.391,134458662,322339648.00
2021/04/12,2.394,2.422,2.371,2.382,113545058,271882528.00
2021/04/13,2.372,2.453,2.372,2.418,154953697,375789824.00
2021/04/14,2.409,2.461,2.390,2.451,151105525,368396896.00
2021/04/15,2.435,2.452,2.393,2.436,139845564,338026016.00
2021/04/16,2.439,2.507,2.439,2.494,184424650,456921344.00
2021/04/19,2.477,2.528,2.425,2.523,168412635,421228224.00
2021/04/20,2.507,2.612,2.497,2.546,231816170,595386688.00
2021/04/21,2.520,2.628,2.511,2.608,182843972,473596960.00
2021/04/22,2.620,2.630,2.565,2.607,137593106,357838944.00
2021/04/23,2.597,2.662,2.597,2.635,152577116,401450208.00
2021/04/26,2.635,2.661,2.580,2.583,167416927,439375808.00
2021/04/27,2.594,2.632,2.555,2.630,134713332,349908800.00
2021/04/28,2.593,2.698,2.580,2.696,163629749,433801504.00
2021/04/29,2.690,2.712,2.635,2.690,145865912,390008704.00
2021/04/30,2.676,2.690,2.653,2.663,123962055,330725056.00
2021/05/06,2.653,2.653,2.560,2.583,173092154,450503264.00
2021/05/07,2.583,2.610,2.538,2.544,126488366,325204320.00
2021/05/10,2.522,2.568,2.490,2.505,133546192,336702112.00
2021/05/11,2.490,2.596,2.490,2.591,256295356,657348224.00
2021/05/12,2.581,2.635,2.563,2.629,141728444,369573632.00
2021/05/13,2.599,2.654,2.585,2.644,129861972,340859264.00
2021/05/14,2.644,2.644,2.644,2.644,0,0.00
2021/05/17,2.692,2.778,2.692,2.750,300390591,412635072.00
2021/05/18,2.756,2.770,2.730,2.764,229634492,315537120.00
2021/05/19,2.746,2.768,2.712,2.730,252538501,346124832.00
2021/05/20,2.738,2.802,2.738,2.798,279412828,388872768.00
2021/05/21,2.786,2.852,2.770,2.796,318521386,447284800.00
2021/05/24,2.796,2.880,2.796,2.876,354301555,504070816.00
2021/05/25,2.882,2.968,2.860,2.960,329360704,481626400.00
2021/05/26,2.960,2.994,2.904,2.932,316755952,466020768.00
2021/05/27,2.930,3.000,2.886,2.952,283430216,417155840.00
2021/05/28,2.944,2.982,2.916,2.958,264201749,388950144.00
2021/05/31,2.936,2.972,2.896,2.966,326903608,479207968.00
2021/06/01,2.966,2.990,2.912,2.984,335657978,496148224.00
2021/06/02,2.980,2.994,2.930,2.940,318645760,471386400.00
2021/06/03,2.930,3.048,2.930,2.978,463859957,693470976.00
2021/06/04,2.954,3.052,2.948,3.046,367759584,554605312.00
2021/06/07,3.052,3.116,3.030,3.110,331378122,510335040.00
2021/06/08,3.100,3.100,2.860,2.894,944078755,1396033536.00
2021/06/09,2.858,2.928,2.822,2.884,497360621,715383552.00
2021/06/10,2.880,2.950,2.878,2.940,395293078,578087808.00
2021/06/11,2.920,2.932,2.846,2.878,359165860,517450016.00
2021/06/15,2.860,2.882,2.780,2.876,308388827,437626976.00
2021/06/16,2.866,2.870,2.790,2.814,331244101,467659840.00
2021/06/17,2.804,2.912,2.804,2.896,425974899,613900864.00
2021/06/18,2.888,2.916,2.826,2.868,421569525,603724736.00
2021/06/21,2.852,2.878,2.776,2.832,411996620,581912384.00
2021/06/22,2.832,2.862,2.802,2.860,332555700,471404608.00
2021/06/23,2.862,2.862,2.760,2.772,669082641,933205440.00
2021/06/24,2.762,2.798,2.702,2.770,527913511,725272064.00
2021/06/25,2.758,2.850,2.734,2.834,606614101,849830272.00
2021/06/28,2.834,2.876,2.820,2.862,356917191,508889728.00
2021/06/29,2.870,2.874,2.802,2.814,322205093,455910144.00
2021/06/30,2.816,2.870,2.812,2.846,364130331,518552576.00
2021/07/01,2.854,2.864,2.796,2.860,366692048,519956160.00
2021/07/02,2.844,2.846,2.752,2.756,446875313,620673472.00
2021/07/05,2.740,2.802,2.710,2.768,333966200,464235872.00
2021/07/06,2.752,2.776,2.684,2.764,404083830,552104256.00
2021/07/07,2.750,2.804,2.746,2.800,400348048,558486400.00
2021/07/08,2.786,2.820,2.730,2.736,401079626,555044032.00
2021/07/09,2.742,2.744,2.616,2.646,543498100,721366528.00
2021/07/12,2.650,2.684,2.590,2.668,425465225,563185344.00
2021/07/13,2.704,2.762,2.704,2.744,475808097,651813824.00
2021/07/14,2.724,2.770,2.690,2.748,331149340,453930240.00
2021/07/15,2.740,2.846,2.736,2.840,595215291,835721600.00
2021/07/16,2.842,2.860,2.786,2.792,431465585,606666048.00
2021/07/19,2.786,2.828,2.762,2.818,343458817,480637344.00
2021/07/20,2.798,2.840,2.792,2.828,343323646,484013376.00
2021/07/21,2.830,2.870,2.802,2.830,449574110,637455936.00
2021/07/22,2.826,2.860,2.770,2.774,540832890,756570880.00
2021/07/23,2.754,2.760,2.688,2.706,495651996,671363136.00
2021/07/26,2.676,2.676,2.464,2.504,895714140,1143040896.00
2021/07/27,2.480,2.512,2.390,2.396,534960689,657406976.00
2021/07/28,2.372,2.438,2.300,2.432,541272997,643565184.00
2021/07/29,2.476,2.490,2.386,2.402,598331921,723976064.00
2021/07/30,2.358,2.362,2.224,2.250,794692805,903144000.00
2021/08/02,2.198,2.386,2.178,2.384,1062966011,1220278528.00
2021/08/03,2.334,2.410,2.290,2.386,751582502,885703168.00
2021/08/04,2.370,2.402,2.348,2.354,471371814,557390784.00
2021/08/05,2.290,2.396,2.272,2.324,470879457,550016384.00
2021/08/06,2.312,2.344,2.284,2.316,384874182,445144448.00
2021/08/09,2.300,2.398,2.300,2.366,597590822,705974080.00
2021/08/10,2.376,2.528,2.356,2.520,1016914736,1243614592.00
2021/08/11,2.486,2.528,2.450,2.470,685263479,850270208.00
2021/08/12,2.452,2.490,2.420,2.426,554120114,678397568.00
2021/08/13,2.424,2.468,2.408,2.442,480045871,584529024.00
2021/08/16,2.434,2.476,2.420,2.452,346130444,424101280.00
2021/08/17,2.450,2.450,2.330,2.336,644464511,766784320.00
2021/08/18,2.318,2.384,2.300,2.364,455415642,535131072.00
2021/08/19,2.350,2.374,2.304,2.318,455457749,530636608.00
2021/08/20,2.248,2.264,2.154,2.170,1009180508,1111565184.00
2021/08/23,2.172,2.228,2.150,2.198,578691140,636291072.00
2021/08/24,2.210,2.286,2.190,2.268,616936030,694564288.00
2021/08/25,2.280,2.346,2.280,2.330,622586898,723617600.00
2021/08/26,2.310,2.310,2.238,2.252,510061819,577590208.00
2021/08/27,2.238,2.308,2.232,2.250,404550823,459128224.00
2021/08/30,2.268,2.298,2.194,2.260,552658417,620078976.00
2021/08/31,2.248,2.280,2.206,2.222,471754364,526106144.00
2021/09/01,2.216,2.320,2.162,2.298,936109537,1057942272.00
2021/09/02,2.290,2.316,2.250,2.256,693114636,786473600.00
2021/09/03,2.238,2.292,2.196,2.274,768360792,861631360.00
2021/09/06,2.268,2.372,2.244,2.356,983434574,1148751744.00
2021/09/07,2.338,2.392,2.326,2.372,667927988,787965376.00
2021/09/08,2.368,2.370,2.304,2.320,832146740,968675072.00
2021/09/09,2.316,2.338,2.296,2.316,476709971,551691456.00
2021/09/10,2.320,2.366,2.300,2.360,772760634,906419200.00
2021/09/13,2.352,2.386,2.310,2.326,693080521,811219136.00
2021/09/14,2.324,2.362,2.314,2.318,609364892,711622080.00
2021/09/15,2.304,2.304,2.240,2.252,824410825,934320832.00
2021/09/16,2.238,2.290,2.218,2.262,678571686,766964288.00
2021/09/17,2.254,2.358,2.240,2.338,983825882,1137628160.00
2021/09/22,2.310,2.322,2.268,2.282,642472349,734961856.00
2021/09/23,2.286,2.334,2.268,2.292,509515499,585864320.00
2021/09/24,2.282,2.374,2.276,2.346,875919914,1025919296.00
2021/09/27,2.396,2.534,2.394,2.502,1348682746,1667168256.00
2021/09/28,2.480,2.500,2.396,2.460,806643653,986758208.00
2021/09/29,2.440,2.482,2.406,2.444,601309772,734703040.00
2021/09/30,2.436,2.494,2.426,2.464,548642670,676190016.00
2021/10/08,2.466,2.572,2.440,2.530,769302879,972445824.00
2021/10/11,2.546,2.594,2.504,2.520,535519509,679576960.00
2021/10/12,2.496,2.546,2.468,2.524,474333063,596230912.00
2021/10/13,2.526,2.660,2.516,2.618,901734590,1170177664.00
2021/10/14,2.606,2.658,2.566,2.614,567470680,739706688.00
2021/10/15,2.580,2.614,2.546,2.592,518923528,669393344.00
2021/10/18,2.550,2.550,2.400,2.418,1343088449,1637555328.00
2021/10/19,2.400,2.480,2.392,2.460,757622576,928943168.00
2021/10/20,2.476,2.508,2.444,2.478,432100020,534323968.00
2021/10/21,2.480,2.496,2.450,2.490,361294855,447469216.00
2021/10/22,2.498,2.542,2.476,2.512,443297373,556494976.00
2021/10/25,2.500,2.516,2.474,2.498,333852400,415749408.00
2021/10/26,2.498,2.540,2.480,2.512,389918949,489506848.00
2021/10/27,2.498,2.498,2.432,2.446,539882361,662437184.00
2021/10/28,2.454,2.488,2.448,2.468,420042754,518911008.00
2021/10/29,2.490,2.532,2.484,2.492,472569557,591992576.00
2021/11/01,2.444,2.510,2.396,2.472,416921874,512846432.00
2021/11/02,2.460,2.492,2.410,2.438,443813290,542908160.00
2021/11/03,2.446,2.454,2.412,2.420,281313047,342140864.00
2021/11/04,2.430,2.504,2.424,2.496,657739551,813273408.00
2021/11/05,2.488,2.550,2.488,2.510,451737750,569148096.00
2021/11/08,2.508,2.528,2.486,2.504,262844262,328982112.00
2021/11/09,2.502,2.518,2.474,2.480,379110092,471648704.00
2021/11/10,2.484,2.492,2.412,2.432,549283942,669375168.00
2021/11/11,2.432,2.442,2.406,2.434,549364710,665376192.00
2021/11/12,2.444,2.450,2.402,2.406,526593500,636354368.00
2021/11/15,2.408,2.438,2.402,2.416,451569188,546405504.00
2021/11/16,2.422,2.494,2.418,2.488,828753384,1022826496.00
2021/11/17,2.478,2.502,2.454,2.482,472575765,585348864.00
2021/11/18,2.472,2.500,2.458,2.486,304462996,377650880.00
2021/11/19,2.478,2.548,2.474,2.518,501351483,631951168.00
2021/11/22,2.520,2.590,2.518,2.526,485313604,619596544.00
2021/11/23,2.516,2.558,2.510,2.536,298011418,377998112.00
2021/11/24,2.544,2.626,2.540,2.600,705748334,914820288.00
2021/11/25,2.620,2.644,2.580,2.586,373921351,486647168.00
2021/11/26,2.588,2.594,2.560,2.578,291000223,374301696.00
2021/11/29,2.560,2.592,2.556,2.590,316821639,408006048.00
2021/11/30,2.592,2.598,2.536,2.546,392948100,501758464.00
2021/12/01,2.572,2.582,2.538,2.554,395870200,505034816.00
2021/12/02,2.564,2.590,2.558,2.576,290984382,374345440.00
2021/12/03,2.580,2.660,2.574,2.648,694250004,916037696.00
2021/12/06,2.654,2.670,2.622,2.646,467411271,619967360.00
2021/12/07,2.658,2.694,2.638,2.642,486657245,647869568.00
2021/12/08,2.640,2.742,2.624,2.738,629537295,851595712.00
2021/12/09,2.752,2.834,2.736,2.790,552935760,770680128.00
2021/12/10,2.770,2.806,2.740,2.786,427778362,593155968.00
2021/12/13,2.810,2.864,2.800,2.804,419728762,593888768.00
2021/12/14,2.788,2.846,2.774,2.824,319768512,450818656.00
2021/12/15,2.818,2.818,2.764,2.786,376249028,524272352.00
2021/12/16,2.784,2.784,2.704,2.746,633627384,865529664.00
2021/12/17,2.734,2.734,2.672,2.680,529608159,713525696.00
2021/12/20,2.670,2.716,2.664,2.678,489829074,657980800.00
2021/12/21,2.676,2.696,2.636,2.680,419041974,558923456.00
2021/12/22,2.674,2.720,2.666,2.692,396033227,531809568.00
2021/12/23,2.688,2.754,2.660,2.750,515275046,696233152.00
2021/12/24,2.744,2.796,2.732,2.746,724759585,1000932096.00
2021/12/27,2.740,2.754,2.696,2.720,408203035,555086720.00
2021/12/28,2.722,2.766,2.722,2.756,376487679,517311328.00
2021/12/29,2.762,2.768,2.650,2.658,633340918,849851712.00
2021/12/30,2.638,2.664,2.616,2.646,555710018,734117952.00
2021/12/31,2.652,2.652,2.608,2.630,673541196,647547648.00
2022/01/04,2.630,2.632,2.570,2.606,663357519,627009216.00
2022/01/05,2.596,2.626,2.576,2.590,579556711,549603776.00
2022/01/06,2.592,2.602,2.540,2.562,730334574,681871488.00
2022/01/07,2.556,2.566,2.516,2.524,536788157,492700832.00
2022/01/10,2.510,2.528,2.470,2.514,478577520,431160128.00
2022/01/11,2.510,2.520,2.484,2.490,390342100,351412928.00
2022/01/12,2.496,2.508,2.488,2.506,479622623,431179168.00
2022/01/13,2.502,2.504,2.438,2.440,822155247,725672640.00
2022/01/14,2.426,2.456,2.426,2.430,495605444,431472608.00
2022/01/17,2.428,2.442,2.400,2.440,552230824,476242816.00
2022/01/18,2.440,2.484,2.426,2.466,959307353,846773888.00
2022/01/19,2.474,2.476,2.430,2.446,686220459,599333888.00
2022/01/20,2.440,2.478,2.436,2.476,845402442,747510400.00
2022/01/21,2.462,2.518,2.460,2.500,799428571,719304256.00
2022/01/24,2.484,2.514,2.472,2.488,427497404,382639584.00
2022/01/25,2.480,2.490,2.440,2.444,379407092,335188480.00
2022/01/26,2.442,2.480,2.428,2.458,423882063,372776800.00
2022/01/27,2.476,2.490,2.434,2.440,499937701,440560448.00
2022/01/28,2.436,2.446,2.384,2.390,416984568,357058752.00
2022/02/07,2.402,2.442,2.372,2.388,496716797,423746624.00
2022/02/08,2.388,2.390,2.316,2.340,507929659,416037824.00
2022/02/09,2.340,2.424,2.334,2.420,826885702,697440832.00
2022/02/10,2.414,2.424,2.390,2.402,418926803,356090272.00
2022/02/11,2.390,2.456,2.388,2.404,490055569,422919360.00
2022/02/14,2.390,2.446,2.390,2.432,400639840,346243200.00
2022/02/15,2.432,2.468,2.430,2.462,355272031,311389600.00
2022/02/16,2.466,2.480,2.446,2.470,323807230,285855520.00
2022/02/17,2.470,2.486,2.454,2.466,279219519,246674128.00
2022/02/18,2.454,2.480,2.432,2.476,314656909,277305184.00
2022/02/21,2.476,2.494,2.462,2.472,213489195,189553648.00
2022/02/22,2.460,2.460,2.418,2.430,294778833,255194032.00
2022/02/23,2.434,2.454,2.418,2.454,259160733,225497152.00
2022/02/24,2.438,2.442,2.370,2.386,535883017,455977600.00
2022/02/25,2.398,2.420,2.392,2.404,336303044,286945472.00
2022/02/28,2.398,2.412,2.374,2.408,318706154,270686048.00
2022/03/01,2.416,2.466,2.414,2.460,615381940,538441472.00
2022/03/02,2.442,2.448,2.422,2.440,508852954,441599808.00
2022/03/03,2.442,2.448,2.382,2.386,782231354,665030656.00
2022/03/04,2.360,2.390,2.350,2.360,487222541,405596672.00
2022/03/07,2.344,2.346,2.280,2.286,555956900,445947520.00
2022/03/08,2.314,2.342,2.276,2.290,567310320,457219680.00
2022/03/09,2.294,2.314,2.222,2.284,539314398,425769344.00
2022/03/10,2.322,2.354,2.314,2.350,670595095,549352576.00
2022/03/11,2.326,2.350,2.302,2.344,448538509,364743232.00
2022/03/14,2.318,2.320,2.254,2.260,759854591,598332736.00
2022/03/15,2.222,2.246,2.174,2.178,569558108,428970944.00
2022/03/16,2.208,2.228,2.144,2.222,643262100,480453440.00
2022/03/17,2.246,2.298,2.242,2.268,711004944,556682880.00
2022/03/18,2.258,2.280,2.244,2.268,302715423,235984544.00
2022/03/21,2.274,2.280,2.250,2.264,238777900,186404944.00
2022/03/22,2.260,2.274,2.240,2.244,270365000,209747568.00
2022/03/23,2.250,2.280,2.240,2.270,436760462,341604992.00
2022/03/24,2.254,2.254,2.224,2.230,422893200,324367808.00
2022/03/25,2.230,2.238,2.178,2.188,450798261,338449568.00
2022/03/28,2.154,2.156,2.118,2.142,578222771,414030720.00
2022/03/29,2.144,2.160,2.118,2.120,496767633,356413280.00
2022/03/30,2.138,2.184,2.138,2.184,563496016,411336704.00
2022/03/31,2.174,2.186,2.164,2.174,298539180,219950512.00
2022/04/01,2.160,2.232,2.160,2.208,678422275,511280000.00
2022/04/06,2.196,2.214,2.184,2.196,369354400,276180928.00
2022/04/07,2.184,2.224,2.180,2.194,447116275,336414912.00
2022/04/08,2.200,2.212,2.184,2.186,313740142,234635024.00
2022/04/11,2.170,2.170,2.116,2.118,452219862,323772992.00
2022/04/12,2.122,2.214,2.122,2.212,668527028,490743328.00
2022/04/13,2.196,2.232,2.188,2.206,432687962,327148128.00
2022/04/14,2.228,2.298,2.220,2.278,809913171,634324032.00
2022/04/15,2.266,2.294,2.256,2.268,530412500,417846176.00
2022/04/18,2.260,2.266,2.236,2.266,406846200,315668032.00
2022/04/19,2.270,2.294,2.238,2.248,461912200,361343392.00
2022/04/20,2.254,2.290,2.224,2.262,719976400,562220608.00
2022/04/21,2.248,2.274,2.230,2.238,448898076,347670528.00
2022/04/22,2.222,2.254,2.208,2.244,465079900,356911552.00
2022/04/25,2.210,2.222,2.148,2.156,639136100,476531680.00
2022/04/26,2.164,2.220,2.158,2.188,583036053,434570880.00
2022/04/27,2.184,2.224,2.184,2.222,790953700,597048640.00
2022/04/28,2.220,2.260,2.210,2.256,1011564380,781615680.00
2022/04/29,2.280,2.292,2.234,2.268,705874200,551240768.00
2022/05/05,2.260,2.302,2.254,2.266,579512823,457339520.00
2022/05/06,2.238,2.242,2.198,2.206,578029854,436950048.00
2022/05/09,2.186,2.190,2.156,2.178,668290359,491352832.00
2022/05/10,2.154,2.204,2.138,2.198,769775192,570428544.00
2022/05/11,2.198,2.242,2.190,2.222,642527367,489871808.00
2022/05/12,2.212,2.260,2.208,2.240,501128525,385784576.00
2022/05/13,2.244,2.258,2.222,2.234,371149330,285135616.00
2022/05/16,2.246,2.250,2.210,2.222,404836198,309134592.00
2022/05/17,2.230,2.240,2.216,2.238,341105717,260987232.00
2022/05/18,2.238,2.238,2.202,2.222,447569154,339581440.00
2022/05/19,2.194,2.208,2.192,2.202,442269165,331732544.00
2022/05/20,2.210,2.274,2.210,2.268,977869546,759800960.00
2022/05/23,2.272,2.272,2.238,2.248,610992605,473613696.00
2022/05/24,2.250,2.254,2.212,2.214,601471600,459095616.00
2022/05/25,2.212,2.226,2.190,2.210,827006598,621759104.00
2022/05/26,2.208,2.230,2.188,2.214,759760051,573420992.00
2022/05/27,2.228,2.244,2.212,2.220,743950923,569244544.00
2022/05/30,2.240,2.280,2.232,2.274,1042773710,814603968.00
2022/05/31,2.264,2.332,2.262,2.322,970040240,779769728.00
2022/06/01,2.324,2.332,2.302,2.316,538131257,434785088.00
2022/06/02,2.304,2.320,2.300,2.304,591225137,474701856.00
2022/06/06,2.308,2.332,2.276,2.330,867765890,698343808.00
2022/06/07,2.330,2.370,2.320,2.352,1141668812,943979712.00
2022/06/08,2.350,2.398,2.346,2.380,963920385,806896896.00
2022/06/09,2.376,2.398,2.348,2.350,566349531,471690304.00
2022/06/10,2.336,2.378,2.332,2.374,586744824,485994784.00
2022/06/13,2.356,2.362,2.326,2.342,657294746,539658688.00
2022/06/14,2.324,2.368,2.316,2.366,579604208,476705216.00
2022/06/15,2.368,2.402,2.348,2.376,951895177,798896128.00
2022/06/16,2.386,2.410,2.368,2.376,647100226,545692096.00
2022/06/17,2.362,2.422,2.358,2.420,837824836,712612480.00
2022/06/20,2.426,2.472,2.406,2.450,763608581,663752768.00
2022/06/21,2.440,2.472,2.428,2.440,733397591,642085632.00
2022/06/22,2.446,2.450,2.410,2.414,531756570,458923808.00
2022/06/23,2.416,2.440,2.404,2.432,606095340,522222816.00
2022/06/24,2.436,2.472,2.428,2.464,783596424,687596544.00
2022/06/27,2.476,2.522,2.474,2.502,777029312,701152000.00
2022/06/28,2.504,2.518,2.486,2.516,529334094,477936704.00
2022/06/29,2.508,2.526,2.484,2.494,777046700,699237568.00
2022/06/30,2.502,2.588,2.498,2.566,1016811541,944209664.00
2022/07/01,2.568,2.576,2.526,2.552,839274535,773276736.00
2022/07/04,2.538,2.548,2.512,2.544,679133724,623273472.00
2022/07/05,2.544,2.562,2.504,2.526,797940929,729053888.00
2022/07/06,2.516,2.522,2.460,2.476,1025737902,915572224.00
2022/07/07,2.470,2.484,2.442,2.474,763849195,674359040.00
2022/07/08,2.484,2.504,2.470,2.482,692259128,618941760.00
2022/07/11,2.462,2.466,2.424,2.442,742441293,645681664.00
2022/07/12,2.434,2.456,2.412,2.426,740422164,640521600.00
2022/07/13,2.428,2.450,2.420,2.440,640645404,557283840.00
2022/07/14,2.432,2.446,2.414,2.426,712097400,616493440.00
2022/07/15,2.422,2.476,2.414,2.432,996519916,871705664.00
2022/07/18,2.424,2.434,2.382,2.422,830693649,709575872.00
2022/07/19,2.416,2.430,2.402,2.424,611863200,524844192.00
2022/07/20,2.430,2.448,2.428,2.436,767947846,667043584.00
2022/07/21,2.424,2.440,2.412,2.414,533276705,460163008.00
2022/07/22,2.428,2.434,2.398,2.406,540764305,463727392.00
2022/07/25,2.404,2.430,2.388,2.426,623644300,534316416.00
2022/07/26,2.428,2.460,2.426,2.442,666671200,582135296.00
2022/07/27,2.436,2.436,2.410,2.412,596297500,513140352.00
2022/07/28,2.418,2.432,2.404,2.408,586434517,503147808.00
2022/07/29,2.400,2.402,2.342,2.350,1068250157,890527488.00
2022/08/01,2.348,2.390,2.348,2.376,811195679,679742400.00
2022/08/02,2.358,2.378,2.342,2.352,627895300,520322752.00
2022/08/03,2.360,2.376,2.344,2.350,517565099,428980384.00
2022/08/04,2.356,2.384,2.348,2.382,596311155,496887616.00
2022/08/05,2.382,2.394,2.368,2.388,587786190,493704992.00
2022/08/08,2.378,2.398,2.370,2.378,467124658,392817344.00
2022/08/09,2.372,2.380,2.362,2.376,375350321,313514304.00
2022/08/10,2.374,2.386,2.342,2.350,727995888,603186368.00
2022/08/11,2.358,2.380,2.352,2.380,698952088,582968768.00
2022/08/12,2.376,2.404,2.372,2.398,785606300,663430016.00
2022/08/15,2.388,2.404,2.374,2.378,635298201,534617440.00
2022/08/16,2.382,2.390,2.366,2.368,523421001,437769024.00
2022/08/17,2.372,2.388,2.352,2.384,590633499,493799136.00
2022/08/18,2.374,2.376,2.346,2.356,966847806,800054016.00
2022/08/19,2.350,2.368,2.342,2.348,533040156,441029472.00
2022/08/22,2.344,2.362,2.334,2.356,517659400,427636192.00
2022/08/23,2.352,2.358,2.324,2.330,795232600,649385472.00
2022/08/24,2.328,2.340,2.312,2.316,707232791,574658176.00
2022/08/25,2.322,2.354,2.318,2.352,919552262,753425280.00
2022/08/26,2.364,2.406,2.364,2.378,1122497467,946000768.00
2022/08/29,2.370,2.392,2.352,2.354,691912104,575570816.00
2022/08/30,2.354,2.356,2.330,2.346,640745899,525735584.00
2022/08/31,2.340,2.390,2.336,2.382,1000078083,837284544.00
2022/09/01,2.376,2.376,2.352,2.352,806358257,670006144.00
2022/09/02,2.354,2.358,2.316,2.326,982291374,799817472.00
2022/09/05,2.316,2.316,2.276,2.290,1076103056,854390208.00
2022/09/06,2.292,2.304,2.280,2.300,634240012,505082112.00
2022/09/07,2.294,2.294,2.274,2.280,737419936,582630848.00
2022/09/08,2.282,2.304,2.282,2.284,611732973,486916928.00
2022/09/09,2.286,2.304,2.276,2.302,660382040,527352864.00
2022/09/13,2.314,2.334,2.300,2.324,784806632,636351360.00
2022/09/14,2.304,2.318,2.302,2.308,451995169,363809856.00
2022/09/15,2.310,2.334,2.306,2.318,621588500,504311936.00
2022/09/16,2.312,2.324,2.282,2.284,554436452,442174528.00
2022/09/19,2.280,2.322,2.266,2.300,505084558,403364384.00
2022/09/20,2.304,2.326,2.290,2.322,581108414,469282176.00
2022/09/21,2.316,2.332,2.302,2.306,443330300,357616320.00
2022/09/22,2.298,2.304,2.282,2.282,447422900,355458560.00
2022/09/23,2.280,2.306,2.280,2.292,515814900,411088288.00
2022/09/26,2.280,2.332,2.276,2.318,751193830,607859008.00
2022/09/27,2.324,2.376,2.306,2.376,770627600,634828416.00
2022/09/28,2.370,2.390,2.358,2.360,596740071,498892672.00
2022/09/29,2.378,2.382,2.344,2.356,591998076,492081120.00
2022/09/30,2.366,2.382,2.348,2.350,515211940,428029120.00
2022/10/10,2.350,2.352,2.256,2.258,759208913,605861952.00
2022/10/11,2.258,2.272,2.226,2.268,515691618,400259680.00
2022/10/12,2.266,2.266,2.206,2.256,740312449,566864384.00
2022/10/13,2.240,2.252,2.222,2.230,539779958,414415712.00
2022/10/14,2.240,2.274,2.232,2.266,732401837,570968128.00
2022/10/17,2.254,2.258,2.226,2.242,609405341,468645280.00
2022/10/18,2.250,2.260,2.228,2.234,708805838,545431296.00
2022/10/19,2.226,2.228,2.180,2.184,1042540861,780284864.00
2022/10/20,2.168,2.216,2.160,2.198,819565011,610621888.00
2022/10/21,2.192,2.194,2.166,2.174,583757333,432042080.00
2022/10/24,2.154,2.158,2.082,2.090,1668343206,1175585664.00
2022/10/25,2.068,2.106,2.064,2.084,866556713,599910592.00
2022/10/26,2.090,2.116,2.082,2.090,855834917,596586816.00
2022/10/27,2.094,2.098,2.024,2.028,1338249200,905839232.00
2022/10/28,2.022,2.046,2.010,2.016,974058252,646820160.00
2022/10/31,2.002,2.020,1.982,2.000,859472286,559501440.00
2022/11/01,2.010,2.090,2.010,2.088,1666937856,1126833408.00
2022/11/02,2.080,2.148,2.070,2.118,1429319399,1007723712.00
2022/11/03,2.096,2.110,2.090,2.104,586298582,410089152.00
2022/11/04,2.100,2.190,2.096,2.172,1319208612,963334400.00
2022/11/07,2.156,2.186,2.146,2.180,834851423,613675200.00
2022/11/08,2.176,2.190,2.142,2.156,576079182,420274880.00
2022/11/09,2.156,2.166,2.128,2.132,664935297,478327168.00
2022/11/10,2.122,2.158,2.120,2.154,699511288,504992480.00
2022/11/11,2.200,2.210,2.166,2.192,1004118281,746267776.00
2022/11/14,2.198,2.226,2.172,2.178,852098560,636273856.00
2022/11/15,2.176,2.232,2.166,2.216,1006917524,758456064.00
2022/11/16,2.210,2.240,2.202,2.220,605771205,461262528.00
2022/11/17,2.216,2.230,2.188,2.206,608440322,457141216.00
2022/11/18,2.210,2.226,2.200,2.206,574673095,434024864.00
2022/11/21,2.188,2.188,2.154,2.168,608514300,445441728.00
2022/11/22,2.166,2.198,2.162,2.172,582063734,429567552.00
2022/11/23,2.166,2.178,2.160,2.164,495103117,362968544.00
2022/11/24,2.170,2.182,2.140,2.150,576326022,418408608.00
2022/11/25,2.150,2.156,2.132,2.148,615787537,444014976.00
2022/11/28,2.118,2.152,2.094,2.148,775099574,549818176.00
2022/11/29,2.170,2.218,2.168,2.216,1198336963,894725184.00
2022/11/30,2.204,2.226,2.196,2.208,522060452,393695104.00
2022/12/01,2.260,2.298,2.254,2.256,1432083205,1125443968.00
2022/12/02,2.258,2.284,2.248,2.260,617850600,483114080.00
2022/12/05,2.290,2.300,2.276,2.290,646628143,513904160.00
2022/12/06,2.280,2.374,2.276,2.336,1063721501,872630016.00
2022/12/07,2.330,2.368,2.314,2.334,811983443,664747008.00
2022/12/08,2.330,2.354,2.316,2.344,586785085,480046368.00
2022/12/09,2.342,2.400,2.330,2.400,963745251,805161024.00
2022/12/12,2.390,2.410,2.366,2.370,641467773,540579392.00
2022/12/13,2.370,2.400,2.352,2.388,683625817,575006016.00
2022/12/14,2.376,2.450,2.376,2.436,873200563,752775936.00
2022/12/15,2.450,2.464,2.412,2.418,736572258,636691968.00
2022/12/16,2.406,2.436,2.400,2.426,505213657,434518144.00
2022/12/19,2.430,2.444,2.396,2.404,737472618,631587584.00
2022/12/20,2.400,2.400,2.320,2.340,822789346,679161600.00
2022/12/21,2.344,2.372,2.344,2.360,495571748,411525952.00
2022/12/22,2.372,2.430,2.368,2.404,759220703,646635072.00
2022/12/23,2.390,2.436,2.380,2.414,635003967,544247616.00
2022/12/26,2.412,2.418,2.384,2.390,603271002,513138592.00
2022/12/27,2.412,2.432,2.392,2.422,667771495,573523968.00
2022/12/28,2.412,2.420,2.392,2.410,435447972,371291008.00
2022/12/29,2.396,2.400,2.376,2.392,626150769,529357952.00
2022/12/30,2.402,2.414,2.390,2.400,474091500,403426880.00
2023/01/03,2.400,2.408,2.360,2.376,653430597,546899392.00
2023/01/04,2.374,2.392,2.360,2.374,501693200,420545344.00
2023/01/05,2.390,2.468,2.384,2.462,1387465991,1210594432.00
2023/01/06,2.460,2.468,2.432,2.458,1222836261,1072283392.00
2023/01/09,2.466,2.510,2.450,2.506,877484603,782931008.00
2023/01/10,2.498,2.526,2.488,2.508,990263136,896829376.00
2023/01/11,2.510,2.520,2.484,2.500,774818670,698814208.00
2023/01/12,2.504,2.516,2.482,2.488,462160080,414137792.00
2023/01/13,2.488,2.548,2.488,2.542,789874550,720766080.00
2023/01/16,2.542,2.600,2.542,2.572,867924684,815914496.00
2023/01/17,2.578,2.580,2.536,2.548,757156316,701290944.00
2023/01/18,2.554,2.582,2.528,2.532,695040327,641214656.00
2023/01/19,2.530,2.536,2.504,2.528,634957172,578558080.00
2023/01/20,2.536,2.556,2.512,2.518,547607313,501670144.00
2023/01/30,2.558,2.568,2.522,2.552,826533736,764538432.00
2023/01/31,2.548,2.558,2.492,2.498,695786602,630575296.00
2023/02/01,2.500,2.512,2.472,2.508,901986600,810532480.00
2023/02/02,2.516,2.544,2.500,2.528,615114346,560783488.00
2023/02/03,2.510,2.522,2.480,2.512,809389814,728823808.00
2023/02/06,2.474,2.494,2.450,2.480,1101376565,977164544.00
2023/02/07,2.480,2.498,2.470,2.478,442548100,394000736.00
2023/02/08,2.482,2.486,2.458,2.464,571054200,504977664.00
2023/02/09,2.462,2.528,2.460,2.524,1047093016,950409984.00
2023/02/10,2.524,2.544,2.510,2.534,626641085,573060224.00
2023/02/13,2.528,2.618,2.526,2.602,951821092,900111168.00
2023/02/14,2.604,2.620,2.578,2.590,425661903,402830336.00
2023/02/15,2.592,2.616,2.580,2.590,792298810,749764160.00
2023/02/16,2.586,2.636,2.574,2.604,822709996,785304384.00
2023/02/17,2.594,2.636,2.572,2.576,859740726,819040128.00
2023/02/20,2.574,2.622,2.562,2.620,738670457,700506112.00
2023/02/21,2.620,2.620,2.578,2.592,585875204,554171072.00
2023/02/22,2.582,2.614,2.572,2.588,473790304,448506240.00
2023/02/23,2.588,2.600,2.554,2.566,616911125,576447360.00
2023/02/24,2.566,2.566,2.522,2.540,608225100,559131264.00
2023/02/27,2.526,2.574,2.522,2.564,492494177,456116832.00
2023/02/28,2.568,2.578,2.544,2.564,418582300,389151808.00
2023/03/01,2.564,2.590,2.546,2.582,550042809,515238784.00
2023/03/02,2.580,2.586,2.570,2.576,463072500,434331808.00
2023/03/03,2.584,2.600,2.552,2.562,631328089,590715520.00
2023/03/06,2.562,2.580,2.536,2.562,494239235,459596576.00
2023/03/07,2.556,2.564,2.524,2.526,431998631,398420192.00
2023/03/08,2.516,2.538,2.504,2.516,451691856,410026912.00
2023/03/09,2.514,2.524,2.472,2.500,626573856,563248896.00
2023/03/10,2.484,2.514,2.472,2.472,626640656,559255808.00
2023/03/13,2.476,2.520,2.474,2.508,532943700,481448480.00
2023/03/14,2.510,2.514,2.472,2.492,616284600,552556416.00
2023/03/15,2.510,2.514,2.466,2.470,481183243,429100576.00
2023/03/16,2.462,2.494,2.452,2.466,462528882,409600448.00
2023/03/17,2.482,2.486,2.430,2.438,636294006,558126720.00
2023/03/20,2.436,2.440,2.402,2.414,497846102,427600928.00
2023/03/21,2.422,2.478,2.412,2.472,580142304,508519872.00
2023/03/22,2.476,2.500,2.460,2.464,577457400,514530560.00
2023/03/23,2.456,2.504,2.452,2.484,767150491,685137408.00
2023/03/24,2.484,2.506,2.470,2.484,490459614,438682080.00
2023/03/27,2.488,2.490,2.460,2.468,614609191,544528384.00
2023/03/28,2.472,2.512,2.472,2.506,658631289,592204288.00
2023/03/29,2.516,2.528,2.496,2.524,995693376,905336320.00
2023/03/30,2.522,2.552,2.510,2.548,1069975979,981583936.00
2023/03/31,2.554,2.578,2.538,2.540,662570999,614690944.00
2023/04/03,2.538,2.552,2.516,2.536,727099300,667282560.00
2023/04/04,2.534,2.554,2.516,2.550,785947339,721215936.00
2023/04/06,2.538,2.548,2.502,2.508,969626145,882304640.00
2023/04/07,2.504,2.524,2.488,2.500,770786100,695367488.00
2023/04/10,2.490,2.490,2.426,2.470,1158563386,1014492672.00
2023/04/11,2.460,2.470,2.432,2.438,1114055644,972978560.00
2023/04/12,2.438,2.442,2.388,2.394,1157817102,987088704.00
2023/04/13,2.390,2.416,2.378,2.408,887988085,756085312.00
2023/04/14,2.410,2.416,2.382,2.386,747290119,633202048.00
2023/04/17,2.398,2.434,2.396,2.412,1026567625,879613824.00
2023/04/18,2.412,2.428,2.406,2.414,593668887,509454784.00
2023/04/19,2.416,2.418,2.392,2.404,528311563,449933184.00
2023/04/20,2.406,2.408,2.370,2.378,681496735,574365504.00
2023/04/21,2.384,2.396,2.364,2.366,652048392,547491456.00
2023/04/24,2.366,2.368,2.328,2.334,710776272,583612352.00
2023/04/25,2.342,2.366,2.326,2.364,835098943,688858496.00
2023/04/26,2.364,2.374,2.340,2.364,609091970,505043264.00
2023/04/27,2.358,2.382,2.344,2.370,648607870,538231168.00
2023/04/28,2.378,2.398,2.366,2.380,758999160,638596672.00
2023/05/04,2.386,2.402,2.352,2.356,648655835,542209728.00
2023/05/05,2.358,2.380,2.350,2.374,503855312,419863872.00
2023/05/08,2.380,2.386,2.348,2.350,711071617,589606400.00
2023/05/09,2.346,2.382,2.332,2.356,685777484,568852928.00
2023/05/10,2.350,2.352,2.330,2.338,468946560,384702784.00
2023/05/11,2.344,2.354,2.330,2.332,363772100,297996960.00
2023/05/12,2.328,2.342,2.306,2.308,525986288,425884064.00
2023/05/15,2.304,2.326,2.296,2.326,510218953,411584128.00
2023/05/16,2.328,2.330,2.302,2.310,506074800,407492800.00
2023/05/17,2.306,2.308,2.284,2.288,536942361,428163712.00
2023/05/18,2.292,2.300,2.276,2.282,517766075,410898688.00
2023/05/19,2.278,2.312,2.260,2.308,902531463,718839424.00
2023/05/22,2.300,2.362,2.280,2.352,1179436067,961934848.00
2023/05/23,2.344,2.356,2.322,2.324,680849156,556400384.00
2023/05/24,2.316,2.318,2.294,2.298,582118784,467851968.00
2023/05/25,2.286,2.296,2.270,2.280,600953772,475140288.00
2023/05/26,2.282,2.298,2.264,2.280,539186228,425460160.00
2023/05/29,2.280,2.288,2.256,2.268,514198855,403445504.00
2023/05/30,2.268,2.276,2.236,2.250,632607946,490519424.00
2023/05/31,2.238,2.244,2.204,2.216,857428520,650857984.00
2023/06/01,2.210,2.258,2.210,2.224,725126324,556212416.00
2023/06/02,2.232,2.262,2.218,2.262,804075131,621572864.00
2023/06/05,2.252,2.260,2.224,2.230,665502500,511584320.00
2023/06/06,2.230,2.250,2.212,2.224,644709508,493670560.00
2023/06/07,2.228,2.238,2.198,2.200,580728339,439118016.00
2023/06/08,2.200,2.224,2.194,2.216,542703374,409423456.00
2023/06/09,2.220,2.228,2.206,2.210,541926800,410114752.00
2023/06/12,2.208,2.274,2.200,2.262,934499838,720034624.00
2023/06/13,2.256,2.284,2.252,2.274,828323667,650038592.00
2023/06/14,2.280,2.328,2.278,2.316,981146867,790939968.00
2023/06/15,2.316,2.348,2.310,2.342,759488606,618499200.00
2023/06/16,2.346,2.368,2.338,2.360,713116945,588979008.00
2023/06/19,2.354,2.362,2.306,2.322,806990968,657712192.00
2023/06/20,2.316,2.328,2.292,2.300,587729316,472084544.00
2023/06/21,2.296,2.306,2.274,2.276,640121024,508491936.00
2023/06/26,2.260,2.264,2.226,2.232,841354265,647044928.00
2023/06/27,2.242,2.260,2.224,2.256,791836824,611691840.00
2023/06/28,2.250,2.272,2.244,2.260,692674064,539366016.00
2023/06/29,2.258,2.260,2.226,2.234,867715744,666512128.00
2023/06/30,2.236,2.244,2.220,2.228,583909547,446962304.00
2023/07/03,2.230,2.270,2.218,2.268,1062299168,826799680.00
2023/07/04,2.264,2.280,2.252,2.278,690960836,541817600.00
2023/07/05,2.276,2.278,2.244,2.250,842351236,653518144.00
2023/07/06,2.242,2.264,2.230,2.234,751210759,578906496.00
2023/07/07,2.228,2.240,2.222,2.228,490725795,375171904.00
2023/07/10,2.236,2.256,2.230,2.236,624858155,481307520.00
2023/07/11,2.242,2.244,2.226,2.238,558874200,428611808.00
2023/07/12,2.240,2.252,2.234,2.238,599284643,462779104.00
2023/07/13,2.250,2.300,2.250,2.298,1340311935,1060448384.00
2023/07/14,2.302,2.310,2.282,2.290,721996130,574496832.00
2023/07/17,2.282,2.284,2.258,2.270,730310230,571610112.00
2023/07/18,2.274,2.274,2.258,2.264,500109100,391138848.00
2023/07/19,2.256,2.270,2.246,2.258,826590982,642882880.00
2023/07/20,2.262,2.284,2.250,2.254,841766120,660978048.00
2023/07/21,2.258,2.304,2.248,2.290,1182214074,936551168.00
2023/07/24,2.280,2.282,2.266,2.272,874555907,687283712.00
2023/07/25,2.318,2.358,2.312,2.352,1736037461,1425212672.00
2023/07/26,2.348,2.364,2.334,2.350,941493952,775372928.00
2023/07/27,2.354,2.390,2.344,2.366,1545781781,1292939136.00
2023/07/28,2.356,2.408,2.352,2.404,1162607090,980144128.00
2023/07/31,2.418,2.470,2.396,2.404,1598540647,1379212800.00
2023/08/01,2.396,2.422,2.376,2.386,1010164444,856049856.00
2023/08/02,2.378,2.398,2.368,2.380,697492239,585643904.00
2023/08/03,2.374,2.398,2.358,2.394,998410568,839479936.00
2023/08/04,2.412,2.422,2.390,2.394,907770991,773435264.00
2023/08/07,2.382,2.390,2.362,2.368,807668500,675498624.00
2023/08/08,2.364,2.384,2.356,2.376,704173131,588188288.00
2023/08/09,2.372,2.380,2.364,2.378,770428854,644278016.00
2023/08/10,2.374,2.374,2.352,2.370,775703036,645617856.00
2023/08/11,2.372,2.376,2.326,2.328,740650350,610310912.00
2023/08/14,2.308,2.314,2.288,2.310,860213322,688947904.00
2023/08/15,2.310,2.318,2.292,2.308,684611800,549181056.00
2023/08/16,2.298,2.316,2.294,2.304,596734176,479437440.00
2023/08/17,2.296,2.342,2.290,2.338,1041582061,845018176.00
2023/08/18,2.336,2.340,2.298,2.300,692325000,558976384.00
2023/08/21,2.292,2.322,2.286,2.300,720010552,577820736.00
2023/08/22,2.306,2.310,2.276,2.298,1196850566,951939200.00
2023/08/23,2.294,2.300,2.268,2.268,1029064905,813150912.00
2023/08/24,2.276,2.322,2.270,2.312,1070257038,855462080.00
2023/08/25,2.302,2.310,2.292,2.304,796649123,637457088.00
2023/08/28,2.400,2.404,2.294,2.302,1615152490,1311027200.00
2023/08/29,2.292,2.334,2.288,2.328,1061026281,857956416.00
2023/08/30,2.326,2.336,2.314,2.322,788414452,639890560.00
2023/08/31,2.318,2.320,2.304,2.314,612003034,493232416.00
2023/09/01,2.326,2.352,2.326,2.342,984731966,808454656.00
2023/09/04,2.358,2.402,2.356,2.394,1321107920,1111268352.00
2023/09/05,2.386,2.394,2.368,2.372,842583083,706213888.00
2023/09/06,2.366,2.376,2.358,2.372,568737112,473767968.00
2023/09/07,2.364,2.368,2.340,2.344,803723449,663330880.00
2023/09/08,2.336,2.348,2.326,2.336,584655516,477901728.00
2023/09/11,2.334,2.366,2.326,2.350,718311871,591981696.00
2023/09/12,2.346,2.348,2.334,2.336,443552509,363901024.00
2023/09/13,2.342,2.360,2.326,2.342,805242944,659867264.00
2023/09/14,2.340,2.348,2.318,2.330,700081266,570225856.00
2023/09/15,2.334,2.338,2.304,2.306,888633418,719188352.00
2023/09/18,2.306,2.328,2.294,2.324,626058663,506111712.00
2023/09/19,2.320,2.320,2.296,2.312,490318411,393582272.00
2023/09/20,2.306,2.312,2.300,2.300,280687900,225212352.00
2023/09/21,2.298,2.298,2.270,2.272,1033532208,814635648.00
2023/09/22,2.262,2.304,2.262,2.302,635479088,504407104.00
2023/09/25,2.300,2.302,2.284,2.290,472696363,376233792.00
2023/09/26,2.288,2.294,2.270,2.272,404859158,319336896.00
2023/09/27,2.276,2.292,2.264,2.276,565301149,444780512.00
2023/09/28,2.280,2.282,2.254,2.256,501027350,390952928.00
2023/10/09,2.256,2.256,2.228,2.248,1328614139,1022487040.00
2023/10/10,2.256,2.270,2.230,2.234,617921914,477677088.00
2023/10/11,2.240,2.246,2.230,2.232,510163008,391656128.00
2023/10/12,2.244,2.250,2.228,2.236,643589539,494426720.00
2023/10/13,2.224,2.226,2.194,2.202,661725929,498342016.00
2023/10/16,2.200,2.200,2.174,2.182,679603373,503936384.00
2023/10/17,2.184,2.190,2.166,2.180,519861428,384687008.00
2023/10/18,2.176,2.196,2.170,2.176,524755840,388746080.00
2023/10/19,2.164,2.164,2.124,2.128,1009557999,726324032.00
2023/10/20,2.118,2.146,2.116,2.122,800629726,571854208.00
2023/10/23,2.116,2.146,2.110,2.124,690736336,491211456.00
2023/10/24,2.128,2.142,2.110,2.132,668456431,476787904.00
2023/10/25,2.158,2.186,2.158,2.170,1099617316,808769856.00
2023/10/26,2.156,2.184,2.154,2.184,566498362,416941920.00
2023/10/27,2.176,2.208,2.172,2.202,654849253,489096096.00
2023/10/30,2.198,2.224,2.196,2.220,788737001,597501696.00
2023/10/31,2.220,2.226,2.206,2.222,654362900,495734752.00
2023/11/01,2.300,2.312,2.248,2.250,1628933296,1279775104.00
2023/11/02,2.246,2.254,2.224,2.224,525072409,402682016.00
2023/11/03,2.228,2.252,2.222,2.242,554161554,426860736.00
2023/11/06,2.254,2.256,2.228,2.246,765395847,589210752.00
2023/11/07,2.242,2.242,2.224,2.234,530342198,405966624.00
2023/11/08,2.228,2.238,2.220,2.228,534068700,408319712.00
2023/11/09,2.226,2.236,2.218,2.230,408101450,311391584.00
2023/11/10,2.220,2.224,2.202,2.208,532251700,401622560.00
2023/11/13,2.212,2.214,2.188,2.194,475194739,355555392.00
2023/11/14,2.196,2.210,2.192,2.200,463901701,347880320.00
2023/11/15,2.216,2.220,2.202,2.210,711109543,537035136.00
2023/11/16,2.210,2.214,2.192,2.192,465753822,348926560.00
2023/11/17,2.186,2.194,2.176,2.186,482891524,357899712.00
2023/11/20,2.188,2.200,2.172,2.190,730088700,542674240.00
2023/11/21,2.198,2.220,2.188,2.214,903787432,682767104.00
2023/11/22,2.208,2.216,2.198,2.200,513263200,386315296.00
2023/11/23,2.196,2.202,2.184,2.202,478154711,356858624.00
2023/11/24,2.200,2.206,2.190,2.194,380550716,284753920.00
2023/11/27,2.194,2.196,2.162,2.170,603026226,443702848.00
2023/11/28,2.172,2.182,2.158,2.168,498880841,366247232.00
2023/11/29,2.166,2.170,2.148,2.170,460202931,336399200.00
2023/11/30,2.166,2.180,2.160,2.178,537193632,395908704.00
2023/12/01,2.176,2.176,2.144,2.156,624359402,455186944.00
2023/12/04,2.156,2.156,2.132,2.134,567719148,408846944.00
2023/12/05,2.128,2.130,2.100,2.102,582349036,412533472.00
2023/12/06,2.096,2.116,2.092,2.108,511813201,359944192.00
2023/12/07,2.106,2.106,2.088,2.100,448924200,313384992.00
2023/12/08,2.102,2.114,2.092,2.108,561003403,394785952.00
2023/12/11,2.088,2.090,2.056,2.090,890357504,610187392.00
2023/12/12,2.080,2.100,2.076,2.098,524111936,364258240.00
2023/12/13,2.094,2.094,2.046,2.048,1171100325,796322496.00
2023/12/14,2.056,2.062,2.022,2.024,744422550,497805344.00
2023/12/15,2.028,2.056,2.026,2.030,765457590,511607360.00
2023/12/18,2.022,2.036,2.012,2.024,397797611,263800096.00
2023/12/19,2.026,2.036,2.014,2.030,419952081,278140992.00
2023/12/20,2.030,2.034,2.008,2.010,560672403,369442912.00
2023/12/21,2.002,2.040,2.000,2.036,727232325,481978912.00
2023/12/22,2.036,2.044,2.022,2.032,586425523,390329568.00
2023/12/25,2.028,2.044,2.026,2.044,508260500,339925312.00
2023/12/26,2.044,2.044,2.026,2.036,356264100,237206896.00
2023/12/27,2.034,2.042,2.022,2.034,573292600,381624768.00
2023/12/28,2.034,2.098,2.030,2.090,1202940824,824134528.00
2023/12/29,2.086,2.100,2.074,2.084,685472773,475104352.00
2024/01/02,2.080,2.082,2.044,2.046,710615700,480991840.00
2024/01/03,2.042,2.052,2.028,2.038,626206500,418464928.00
2024/01/04,2.038,2.038,2.004,2.012,903361425,592725376.00
2024/01/05,2.006,2.018,1.992,1.996,574821800,375510464.00
2024/01/08,1.996,2.000,1.974,1.974,541233974,347178368.00
2024/01/09,1.980,1.990,1.968,1.976,496067076,316658112.00
2024/01/10,1.974,2.002,1.962,1.986,605836400,388948032.00
2024/01/11,1.986,2.002,1.976,1.996,536069297,346325504.00
2024/01/12,1.990,2.000,1.980,1.986,455590575,293991936.00
2024/01/15,1.978,1.992,1.972,1.974,439861400,281359584.00
2024/01/16,1.974,1.988,1.964,1.978,455817212,290694496.00
2024/01/17,1.974,1.974,1.936,1.938,624112652,390672480.00
2024/01/18,1.932,1.964,1.920,1.962,720285125,445874880.00
2024/01/19,1.954,1.976,1.950,1.966,548190772,346679232.00
2024/01/22,1.964,1.964,1.928,1.934,582217678,363663360.00
2024/01/23,1.934,1.948,1.922,1.938,508229000,313301600.00
2024/01/24,1.944,1.950,1.908,1.940,615164015,377670048.00
2024/01/25,1.936,1.970,1.928,1.966,821045330,513532704.00
2024/01/26,1.958,1.978,1.954,1.964,495784135,313373984.00
2024/01/29,1.964,1.994,1.962,1.972,765005906,488901408.00
2024/01/30,1.960,1.962,1.922,1.924,551489437,341571776.00
2024/01/31,1.920,1.934,1.906,1.908,443646112,269558080.00
2024/02/01,1.906,1.922,1.896,1.910,405766100,245481008.00
2024/02/02,1.910,1.936,1.868,1.904,670865194,406148576.00
2024/02/05,1.890,1.916,1.870,1.896,696798704,415788512.00
2024/02/06,1.896,1.958,1.892,1.956,828200900,510970496.00
2024/02/07,1.956,1.984,1.948,1.980,651564981,413582048.00
2024/02/08,1.986,2.000,1.968,1.982,600875940,385165088.00
2024/02/19,2.006,2.012,1.974,1.984,534524860,345460352.00
2024/02/20,1.982,1.988,1.958,1.968,358846335,227606592.00
2024/02/21,1.964,2.050,1.960,2.032,1123653020,739091072.00
2024/02/22,2.020,2.038,2.012,2.034,593569238,393446880.00
2024/02/23,2.030,2.058,2.022,2.042,586571440,393269024.00
2024/02/26,2.034,2.048,2.018,2.022,414230274,274898688.00
2024/02/27,2.016,2.032,2.012,2.030,509561312,336283712.00
2024/02/28,2.026,2.038,2.010,2.010,698338438,462792928.00
2024/02/29,2.004,2.044,2.000,2.042,721858711,479318656.00
2024/03/01,2.034,2.050,2.024,2.044,465700200,311640512.00
2024/03/04,2.040,2.042,2.022,2.030,550035250,365361376.00
2024/03/05,2.020,2.048,2.020,2.046,678387885,452969408.00
2024/03/06,2.038,2.042,2.020,2.026,449057943,297935904.00
2024/03/07,2.024,2.034,2.016,2.018,448700346,297138048.00
2024/03/08,2.016,2.024,1.998,2.010,544783343,356472480.00
2024/03/11,2.008,2.044,2.008,2.044,684125258,456096992.00
2024/03/12,2.044,2.112,2.044,2.108,1307439284,908370688.00
2024/03/13,2.100,2.112,2.088,2.102,588818473,412374496.00
2024/03/14,2.094,2.120,2.086,2.098,551288696,386371712.00
2024/03/15,2.092,2.120,2.090,2.108,446233717,313529888.00
2024/03/18,2.102,2.108,2.088,2.108,451837336,316653152.00
2024/03/19,2.104,2.136,2.096,2.124,699289574,497812352.00
2024/03/20,2.116,2.124,2.110,2.118,341971178,242371760.00
2024/03/21,2.120,2.138,2.114,2.124,401381538,285898176.00
2024/03/22,2.122,2.122,2.082,2.092,514194043,358473856.00
2024/03/25,2.084,2.090,2.068,2.078,374658975,258380192.00
2024/03/26,2.080,2.104,2.076,2.100,542203088,377883872.00
2024/03/27,2.098,2.104,2.078,2.082,399623539,277760512.00
2024/03/28,2.076,2.100,2.072,2.084,388378800,269120800.00
2024/03/29,2.080,2.090,2.072,2.082,339131500,234110400.00
2024/04/01,2.090,2.134,2.088,2.120,696742696,493675200.00
2024/04/02,2.118,2.122,2.106,2.112,442883831,313139360.00
2024/04/03,2.118,2.128,2.102,2.112,394427191,278974400.00
2024/04/08,2.102,2.102,2.054,2.056,615023908,419704416.00
2024/04/09,2.050,2.066,2.046,2.058,334122200,226215728.00
2024/04/10,2.056,2.058,2.028,2.036,542450000,362709696.00
2024/04/11,2.028,2.038,2.024,2.038,371355060,247107104.00
2024/04/12,2.036,2.046,2.012,2.016,391718349,259591840.00
2024/04/15,2.012,2.062,2.010,2.056,565524853,380722080.00
2024/04/16,2.050,2.054,2.028,2.032,374093900,250516288.00
2024/04/17,2.032,2.040,2.026,2.038,353972904,236114800.00
2024/04/18,2.034,2.056,2.022,2.040,414138700,277765728.00
2024/04/19,2.030,2.032,2.010,2.018,419313043,276520352.00
2024/04/22,2.026,2.056,2.024,2.046,456118500,306306080.00
2024/04/23,2.046,2.066,2.042,2.066,523430698,355442464.00
2024/04/24,2.066,2.070,2.050,2.068,400498200,272764800.00
2024/04/25,2.060,2.066,2.050,2.060,246233100,167195872.00
2024/04/26,2.064,2.096,2.064,2.090,447049792,308800768.00
2024/04/29,2.084,2.124,2.078,2.102,713861300,501431680.00
2024/04/30,2.102,2.122,2.096,2.098,396699000,279365280.00
2024/05/06,2.118,2.166,2.118,2.148,873115285,632439424.00
2024/05/07,2.148,2.158,2.132,2.154,438926800,317971136.00
2024/05/08,2.150,2.154,2.132,2.138,373304900,268861920.00
2024/05/09,2.136,2.146,2.134,2.140,408612800,293846432.00
2024/05/10,2.146,2.152,2.122,2.132,359197200,257233120.00
2024/05/13,2.122,2.122,2.096,2.102,509625011,357330752.00
2024/05/14,2.100,2.114,2.096,2.108,319234700,224293328.00
2024/05/15,2.106,2.112,2.100,2.100,252217900,177216640.00
2024/05/16,2.106,2.126,2.090,2.116,506365654,357475840.00
2024/05/17,2.116,2.138,2.110,2.138,712153145,506640320.00
2024/05/20,2.140,2.166,2.140,2.144,556581200,404221664.00
2024/05/21,2.136,2.146,2.126,2.136,442305600,317351744.00
2024/05/22,2.134,2.138,2.114,2.122,409702000,291497120.00
2024/05/23,2.122,2.126,2.100,2.102,333913500,234901312.00
2024/05/24,2.100,2.102,2.082,2.084,325321600,225895040.00
2024/05/27,2.086,2.094,2.078,2.086,443674200,306757824.00
2024/05/28,2.084,2.086,2.068,2.070,356938000,245269952.00
2024/05/29,2.068,2.078,2.060,2.066,362901800,248336096.00
2024/05/30,2.060,2.062,2.040,2.044,504641300,339900640.00
2024/05/31,2.046,2.056,2.046,2.048,344117200,232447152.00
