2017/08/03,1.015,1.022,0.999,0.999,252815428,256241184.00
2017/08/04,1.000,1.005,0.997,0.999,12909310,12934325.00
2017/08/07,0.999,1.000,0.989,0.995,8029368,7983500.00
2017/08/08,0.994,0.997,0.991,0.993,4900088,4867036.00
2017/08/09,0.997,0.997,0.978,0.980,5573400,5487650.00
2017/08/10,0.980,0.984,0.970,0.976,7053053,6873011.00
2017/08/11,0.970,0.972,0.954,0.963,6286434,6033416.00
2017/08/14,0.956,0.968,0.953,0.964,5378967,5148105.00
2017/08/15,0.964,0.981,0.962,0.973,4292159,4185613.00
2017/08/16,0.970,0.970,0.963,0.968,1642903,1590339.00
2017/08/17,0.967,0.969,0.964,0.969,2595200,2508482.00
2017/08/18,0.962,0.974,0.962,0.970,2670814,2582072.00
2017/08/21,0.970,0.971,0.965,0.970,2367727,2291589.00
2017/08/22,0.968,0.975,0.966,0.975,3307406,3215285.00
2017/08/23,0.975,0.994,0.975,0.987,9212303,9085233.00
2017/08/24,0.989,1.000,0.987,0.989,10211834,10141897.00
2017/08/25,0.994,1.020,0.993,1.018,86292528,86958000.00
2017/08/28,1.020,1.039,1.019,1.026,77712560,79698464.00
2017/08/29,1.023,1.028,1.018,1.026,18122500,18535928.00
2017/08/30,1.026,1.036,1.015,1.017,16820300,17228142.00
2017/08/31,1.018,1.019,1.001,1.009,26494500,26695372.00
2017/09/01,1.008,1.013,0.999,1.004,16043500,16133331.00
2017/09/04,1.002,1.010,0.996,1.010,19919700,20016488.00
2017/09/05,1.010,1.022,1.000,1.018,15795800,16057225.00
2017/09/06,1.013,1.016,1.009,1.012,5884900,5958620.00
2017/09/07,1.012,1.014,1.002,1.002,7010716,7066015.00
2017/09/08,1.001,1.009,1.000,1.003,6217200,6239665.00
2017/09/11,1.004,1.012,1.002,1.003,8759216,8825926.00
2017/09/12,1.004,1.005,0.998,1.004,12554316,12560780.00
2017/09/13,1.003,1.003,0.998,1.002,6201300,6207174.00
2017/09/14,1.000,1.001,0.991,0.992,11542300,11506079.00
2017/09/15,0.990,0.992,0.986,0.991,9425700,9314453.00
2017/09/18,0.988,0.994,0.988,0.991,8470500,8392576.00
2017/09/19,0.989,0.993,0.983,0.988,15512500,15322250.00
2017/09/20,0.989,0.992,0.985,0.989,7529600,7451504.00
2017/09/21,0.990,0.999,0.987,0.994,7963900,7911162.00
2017/09/22,0.992,1.001,0.992,0.994,7229300,7195524.00
2017/09/25,0.991,0.998,0.989,0.997,8611600,8554481.00
2017/09/26,0.996,0.996,0.992,0.993,6410182,6375929.00
2017/09/27,0.992,0.992,0.984,0.986,18570300,18316044.00
2017/09/28,0.985,0.987,0.980,0.982,9406010,9236431.00
2017/09/29,0.981,0.988,0.981,0.987,8327810,8208432.00
2017/10/09,1.018,1.022,0.996,1.000,22124246,22372000.00
2017/10/10,0.999,1.003,0.993,1.002,10397146,10376017.00
2017/10/11,1.001,1.009,1.000,1.004,6392946,6421077.00
2017/10/12,1.005,1.008,1.003,1.005,10248499,10300548.00
2017/10/13,1.005,1.006,1.002,1.003,3862425,3877035.00
2017/10/16,1.003,1.011,1.001,1.009,15529550,15635630.00
2017/10/17,1.005,1.012,1.005,1.008,5983300,6034409.00
2017/10/18,1.007,1.013,1.005,1.012,8049330,8125469.00
2017/10/19,1.011,1.014,1.009,1.011,12184235,12316262.00
2017/10/20,1.010,1.010,1.006,1.008,3016190,3040746.00
2017/10/23,1.008,1.008,1.000,1.001,10241100,10277614.00
2017/10/24,1.000,1.005,0.999,1.003,4758600,4765652.00
2017/10/25,1.002,1.002,0.999,1.002,2592500,2592599.00
2017/10/26,1.001,1.001,0.992,0.994,6629300,6596911.00
2017/10/27,0.995,1.010,0.994,1.010,16255842,16359143.00
2017/10/30,1.009,1.011,1.004,1.006,5008716,5046122.00
2017/10/31,1.004,1.004,0.998,0.999,3405916,3405666.00
2017/11/01,0.999,1.000,0.990,0.993,10045600,9980282.00
2017/11/02,0.992,0.993,0.985,0.991,6853900,6772076.00
2017/11/03,0.990,0.993,0.981,0.993,4652500,4591452.00
2017/11/06,0.990,0.990,0.981,0.984,4263500,4191221.00
2017/11/07,0.983,0.999,0.983,0.995,6620900,6567501.00
2017/11/08,0.995,1.004,0.994,0.996,8337400,8336624.00
2017/11/09,0.997,1.003,0.994,0.996,3724000,3715027.00
2017/11/10,0.999,0.999,0.986,0.991,9354300,9247255.00
2017/11/13,0.989,1.014,0.989,1.005,19903900,19999932.00
2017/11/14,1.004,1.006,0.999,1.000,5461400,5468006.00
2017/11/15,1.000,1.002,0.996,1.000,3394300,3390712.00
2017/11/16,1.000,1.000,0.991,0.993,9927100,9859741.00
2017/11/17,0.993,1.022,0.993,1.021,27519946,27785368.00
2017/11/20,1.013,1.037,1.013,1.037,19857971,20413516.00
2017/11/21,1.027,1.055,1.027,1.043,13298571,13904380.00
2017/11/22,1.046,1.077,1.046,1.065,12443255,13220136.00
2017/11/23,1.064,1.076,1.043,1.048,14476966,15423009.00
2017/11/24,1.050,1.064,1.044,1.057,6529955,6872149.00
2017/11/27,1.057,1.057,1.033,1.045,15229038,15858781.00
2017/11/28,1.042,1.045,1.028,1.033,8098300,8372916.00
2017/11/29,1.035,1.039,1.023,1.033,5951700,6125488.00
2017/11/30,1.030,1.037,1.024,1.030,7094000,7324248.00
2017/12/01,1.025,1.034,1.018,1.025,8822700,9031666.00
2017/12/04,1.022,1.028,1.019,1.026,5318025,5451721.00
2017/12/05,1.026,1.049,1.025,1.043,29325531,30432500.00
2017/12/06,1.040,1.040,1.024,1.032,5850331,6041289.00
2017/12/07,1.030,1.030,1.014,1.023,7752300,7925094.00
2017/12/08,1.022,1.024,1.017,1.022,14602963,14907919.00
2017/12/11,1.022,1.026,1.012,1.025,8455900,8621798.00
2017/12/12,1.023,1.024,1.011,1.012,4701000,4784149.00
2017/12/13,1.012,1.016,1.007,1.015,4803047,4855153.00
2017/12/14,1.014,1.021,1.010,1.012,6080611,6171474.00
2017/12/15,1.012,1.012,0.998,0.999,7546064,7566473.00
2017/12/18,0.997,1.006,0.997,1.004,6885047,6904284.00
2017/12/19,1.001,1.018,1.001,1.018,5992500,6054864.00
2017/12/20,1.015,1.020,1.012,1.015,2273000,2306409.00
2017/12/21,1.015,1.023,1.013,1.019,5096900,5193077.00
2017/12/22,1.020,1.020,1.013,1.014,2833964,2879401.00
2017/12/25,1.014,1.022,1.011,1.011,5715200,5820826.00
2017/12/26,1.015,1.023,1.010,1.022,5273091,5369910.00
2017/12/27,1.024,1.025,1.007,1.013,4140855,4214802.00
2017/12/28,1.011,1.014,1.007,1.012,3523600,3560501.00
2017/12/29,1.012,1.017,1.010,1.017,5018400,5082363.00
2018/01/02,1.017,1.039,1.017,1.029,11180100,11516181.00
2018/01/03,1.029,1.039,1.027,1.031,9826809,10160981.00
2018/01/04,1.032,1.035,1.027,1.030,6208846,6395942.00
2018/01/05,1.032,1.035,1.027,1.033,8575821,8846021.00
2018/01/08,1.033,1.033,1.026,1.030,14675900,15090118.00
2018/01/09,1.029,1.032,1.026,1.029,10824100,11138711.00
2018/01/10,1.029,1.054,1.027,1.053,17201069,17948468.00
2018/01/11,1.052,1.061,1.048,1.053,12708800,13408275.00
2018/01/12,1.053,1.065,1.053,1.058,8630500,9138179.00
2018/01/15,1.054,1.085,1.054,1.078,13105117,14073727.00
2018/01/16,1.079,1.083,1.070,1.082,11387564,12244849.00
2018/01/17,1.083,1.119,1.083,1.092,23609233,25931616.00
2018/01/18,1.098,1.115,1.097,1.114,34281381,37905260.00
2018/01/19,1.119,1.147,1.116,1.130,33931276,38369328.00
2018/01/22,1.119,1.140,1.110,1.115,26559896,29813556.00
2018/01/23,1.115,1.150,1.115,1.150,41097113,46552952.00
2018/01/24,1.154,1.178,1.147,1.155,37140700,43150496.00
2018/01/25,1.150,1.152,1.128,1.146,26282300,29954782.00
2018/01/26,1.146,1.166,1.142,1.150,26162577,30184424.00
2018/01/29,1.148,1.167,1.136,1.142,28007334,32206892.00
2018/01/30,1.136,1.142,1.120,1.120,16365900,18510284.00
2018/01/31,1.120,1.141,1.111,1.141,16743093,18938492.00
2018/02/01,1.142,1.156,1.136,1.153,29714094,34027648.00
2018/02/02,1.152,1.152,1.127,1.146,20064180,22881270.00
2018/02/05,1.139,1.188,1.132,1.187,37823040,44012712.00
2018/02/06,1.168,1.179,1.152,1.166,60082040,69977696.00
2018/02/07,1.179,1.196,1.126,1.132,60533240,70373984.00
2018/02/08,1.120,1.124,1.076,1.092,40901109,44904780.00
2018/02/09,1.058,1.071,1.019,1.058,53413740,55720508.00
2018/02/12,1.050,1.057,1.035,1.045,47886149,50083216.00
2018/02/13,1.054,1.073,1.052,1.061,19829000,21078818.00
2018/02/14,1.058,1.065,1.052,1.061,15864700,16825756.00
2018/02/22,1.079,1.088,1.077,1.085,21818345,23603116.00
2018/02/23,1.082,1.094,1.080,1.093,19489800,21212720.00
2018/02/26,1.095,1.105,1.086,1.093,15366000,16817726.00
2018/02/27,1.093,1.095,1.065,1.072,23525200,25319360.00
2018/02/28,1.060,1.063,1.051,1.056,21236900,22458024.00
2018/03/01,1.053,1.065,1.050,1.059,15767100,16688295.00
2018/03/02,1.055,1.057,1.045,1.050,15419000,16180000.00
2018/03/05,1.050,1.058,1.043,1.048,13205800,13845677.00
2018/03/06,1.052,1.056,1.039,1.052,28511474,29871780.00
2018/03/07,1.058,1.071,1.056,1.057,38782474,41235280.00
2018/03/08,1.058,1.060,1.048,1.057,15202774,16032153.00
2018/03/09,1.058,1.063,1.054,1.059,17329800,18323264.00
2018/03/12,1.061,1.066,1.054,1.055,29393000,31093728.00
2018/03/13,1.055,1.065,1.052,1.053,29748300,31509672.00
2018/03/14,1.052,1.053,1.040,1.045,19334800,20186216.00
2018/03/15,1.043,1.047,1.041,1.044,13936700,14543561.00
2018/03/16,1.045,1.045,1.033,1.034,15739000,16359481.00
2018/03/19,1.033,1.037,1.028,1.037,17104500,17677540.00
2018/03/20,1.033,1.044,1.031,1.042,20818300,21641578.00
2018/03/21,1.045,1.053,1.040,1.044,24098800,25261904.00
2018/03/22,1.043,1.047,1.032,1.037,17247100,17875896.00
2018/03/23,1.015,1.020,1.001,1.011,42555000,42964008.00
2018/03/26,1.003,1.006,0.982,0.989,22453500,22270252.00
2018/03/27,0.998,1.002,0.981,0.986,27456400,27204568.00
2018/03/28,0.985,1.000,0.980,0.986,25678201,25425210.00
2018/03/29,0.988,1.009,0.976,1.002,40280922,40069984.00
2018/03/30,1.001,1.003,0.992,0.994,21411300,21341934.00
2018/04/02,0.993,1.001,0.986,0.986,23047700,22875312.00
2018/04/03,0.980,0.982,0.974,0.975,32627300,31867306.00
2018/04/04,0.978,0.985,0.975,0.976,24914100,24428800.00
2018/04/09,0.975,0.982,0.973,0.978,18726600,18305692.00
2018/04/10,0.978,1.006,0.976,1.006,54491292,53939296.00
2018/04/11,1.005,1.026,1.004,1.017,50544020,51308472.00
2018/04/12,1.012,1.016,1.001,1.002,16309300,16423904.00
2018/04/13,1.005,1.011,0.995,0.996,14961020,14989967.00
2018/04/16,0.991,0.996,0.966,0.967,54122400,52784628.00
2018/04/17,0.971,0.975,0.961,0.963,29738300,28792516.00
2018/04/18,0.976,0.980,0.965,0.972,50244900,48858832.00
2018/04/19,0.968,0.983,0.968,0.976,41409000,40466968.00
2018/04/20,0.975,0.975,0.961,0.966,22598400,21833196.00
2018/04/23,0.966,0.975,0.963,0.971,38632600,37458052.00
2018/04/24,0.974,0.996,0.973,0.989,47508700,46877992.00
2018/04/25,0.985,0.987,0.977,0.979,27882800,27360612.00
2018/04/26,0.980,0.984,0.968,0.974,35020900,34087328.00
2018/04/27,0.973,0.978,0.965,0.977,31584700,30741228.00
2018/05/02,0.986,0.986,0.973,0.977,25122000,24604800.00
2018/05/03,0.977,0.977,0.965,0.975,24617700,23917408.00
2018/05/04,0.972,0.973,0.965,0.966,22573564,21864332.00
2018/05/07,0.966,0.972,0.962,0.972,37391508,36200568.00
2018/05/08,0.972,0.988,0.971,0.984,50157008,49152672.00
2018/05/09,0.983,0.985,0.978,0.985,18070000,17734036.00
2018/05/10,0.982,0.991,0.980,0.986,18209612,17941996.00
2018/05/11,0.987,0.993,0.983,0.989,36517100,36145480.00
2018/05/14,0.991,1.004,0.991,0.997,32966900,32900200.00
2018/05/15,0.999,0.999,0.989,0.994,24432200,24256044.00
2018/05/16,0.991,0.991,0.981,0.983,27310412,26923790.00
2018/05/17,0.981,0.984,0.976,0.979,17786000,17427484.00
2018/05/18,0.976,0.990,0.976,0.990,29509400,29009360.00
2018/05/21,0.993,0.999,0.989,0.991,21832622,21673732.00
2018/05/22,0.991,0.991,0.980,0.985,24708300,24294440.00
2018/05/23,0.983,0.983,0.973,0.974,18771600,18339692.00
2018/05/24,0.972,0.975,0.966,0.968,24208100,23474232.00
2018/05/25,0.970,0.971,0.963,0.966,17536400,16953536.00
2018/05/28,0.967,0.967,0.960,0.964,16983200,16356937.00
2018/05/29,0.964,0.964,0.951,0.960,38542000,36893272.00
2018/05/30,0.953,0.953,0.942,0.943,26326900,24938360.00
2018/05/31,0.947,0.954,0.943,0.951,23386600,22172348.00
2018/06/01,0.950,0.956,0.946,0.951,13548400,12880644.00
2018/06/04,0.953,0.961,0.951,0.960,26158200,25055344.00
2018/06/05,0.953,0.959,0.951,0.959,30701000,29344524.00
2018/06/06,0.958,0.958,0.948,0.949,46802067,44517936.00
2018/06/07,0.951,0.958,0.950,0.954,42794900,40814980.00
2018/06/08,0.952,0.952,0.935,0.938,43776300,41222016.00
2018/06/11,0.937,0.937,0.929,0.936,44818700,41849384.00
2018/06/12,0.937,0.940,0.932,0.938,21540589,20191390.00
2018/06/13,0.937,0.938,0.931,0.934,17044200,15929976.00
2018/06/14,0.931,0.939,0.930,0.934,21187112,19792576.00
2018/06/15,0.934,0.945,0.933,0.943,38050900,35812076.00
2018/06/19,0.937,0.942,0.924,0.933,50229400,46906940.00
2018/06/20,0.926,0.930,0.921,0.927,21406800,19823350.00
2018/06/21,0.929,0.934,0.922,0.924,29403200,27306304.00
2018/06/22,0.920,0.926,0.918,0.926,14561500,13421195.00
2018/06/25,0.930,0.931,0.907,0.907,25783231,23652436.00
2018/06/26,0.903,0.904,0.880,0.891,41169700,36616968.00
2018/06/27,0.890,0.892,0.873,0.878,42777300,37766936.00
2018/06/28,0.875,0.882,0.867,0.872,25905294,22632326.00
2018/06/29,0.874,0.886,0.874,0.885,31195700,27424924.00
2018/07/02,0.886,0.886,0.853,0.856,54047325,46833320.00
2018/07/03,0.856,0.862,0.846,0.860,48626400,41550848.00
2018/07/04,0.858,0.867,0.855,0.858,36864100,31728498.00
2018/07/05,0.858,0.866,0.853,0.862,23542300,20251516.00
2018/07/06,0.861,0.875,0.852,0.870,32147800,27819540.00
2018/07/09,0.869,0.899,0.869,0.898,43997228,38971516.00
2018/07/10,0.899,0.899,0.888,0.896,15363628,13726261.00
2018/07/11,0.888,0.888,0.878,0.884,18440000,16250269.00
2018/07/12,0.882,0.906,0.882,0.902,23779900,21347352.00
2018/07/13,0.904,0.904,0.896,0.898,19872900,17860742.00
2018/07/16,0.899,0.900,0.884,0.886,28949100,25718032.00
2018/07/17,0.885,0.885,0.877,0.881,25523100,22449758.00
2018/07/18,0.885,0.892,0.879,0.880,33688600,29852760.00
2018/07/19,0.880,0.886,0.877,0.879,19517600,17173964.00
2018/07/20,0.879,0.922,0.873,0.918,48280620,43407800.00
2018/07/23,0.918,0.940,0.912,0.934,51913088,48095680.00
2018/07/24,0.933,0.950,0.933,0.937,86550455,81518400.00
2018/07/25,0.939,0.942,0.932,0.937,19579799,18313740.00
2018/07/26,0.937,0.946,0.931,0.933,23617100,22145856.00
2018/07/27,0.930,0.938,0.925,0.930,30948899,28866260.00
2018/07/30,0.931,0.947,0.930,0.942,41105500,38605088.00
2018/07/31,0.940,0.949,0.932,0.944,23142900,21765658.00
2018/08/01,0.944,0.954,0.926,0.926,35871300,33733072.00
2018/08/02,0.920,0.929,0.903,0.910,54104400,49364060.00
2018/08/03,0.910,0.921,0.907,0.910,39048828,35713808.00
2018/08/06,0.911,0.929,0.909,0.915,26622927,24453516.00
2018/08/07,0.916,0.934,0.913,0.934,34029112,31434224.00
2018/08/08,0.934,0.934,0.923,0.924,16639900,15430914.00
2018/08/09,0.920,0.939,0.920,0.938,25240499,23581290.00
2018/08/10,0.936,0.938,0.926,0.933,23507500,21907570.00
2018/08/13,0.921,0.926,0.908,0.917,32306900,29553784.00
2018/08/14,0.914,0.918,0.909,0.914,20389200,18597368.00
2018/08/15,0.913,0.913,0.898,0.898,18145300,16411258.00
2018/08/16,0.893,0.907,0.887,0.900,23362826,20962774.00
2018/08/17,0.903,0.908,0.892,0.894,17740400,15997300.00
2018/08/20,0.897,0.908,0.896,0.907,26067831,23521762.00
2018/08/21,0.907,0.918,0.906,0.915,29985449,27377078.00
2018/08/22,0.911,0.913,0.906,0.909,12614226,11461537.00
2018/08/23,0.911,0.916,0.905,0.913,20879462,19049948.00
2018/08/24,0.909,0.946,0.908,0.933,44120709,40904496.00
2018/08/27,0.935,0.943,0.929,0.943,43478800,40748340.00
2018/08/28,0.940,0.948,0.938,0.940,27067000,25529348.00
2018/08/29,0.939,0.943,0.936,0.937,39728671,37309084.00
2018/08/30,0.938,0.944,0.928,0.930,34953300,32759866.00
2018/08/31,0.930,0.942,0.928,0.934,35536575,33205648.00
2018/09/03,0.933,0.940,0.930,0.936,19493100,18225948.00
2018/09/04,0.935,0.950,0.930,0.945,36895800,34702356.00
2018/09/05,0.942,0.942,0.924,0.925,35250500,33004568.00
2018/09/06,0.922,0.929,0.919,0.921,20150900,18628572.00
2018/09/07,0.921,0.930,0.920,0.926,30110900,27877412.00
2018/09/10,0.924,0.927,0.918,0.920,13233000,12197204.00
2018/09/11,0.920,0.927,0.911,0.914,20951600,19261312.00
2018/09/12,0.912,0.919,0.907,0.915,18738270,17094364.00
2018/09/13,0.922,0.926,0.916,0.924,44868144,41287256.00
2018/09/14,0.927,0.928,0.922,0.925,17851300,16517549.00
2018/09/17,0.923,0.923,0.917,0.918,24743700,22741844.00
2018/09/18,0.918,0.934,0.916,0.932,24254300,22380592.00
2018/09/19,0.929,0.941,0.927,0.938,18819349,17612930.00
2018/09/20,0.938,0.945,0.935,0.940,11928400,11214119.00
2018/09/21,0.940,0.978,0.937,0.978,63555685,61068388.00
2018/09/25,0.964,0.971,0.961,0.965,20359398,19642532.00
2018/09/26,0.968,0.986,0.965,0.977,35006850,34199976.00
2018/09/27,0.971,0.979,0.967,0.974,15423594,15006040.00
2018/09/28,0.975,0.997,0.975,0.988,81742000,80654368.00
2018/10/08,0.968,0.969,0.950,0.951,48022900,46132016.00
2018/10/09,0.951,0.959,0.946,0.952,37603700,35788744.00
2018/10/10,0.953,0.962,0.948,0.956,35549800,33965304.00
2018/10/11,0.935,0.940,0.913,0.919,56740700,52691600.00
2018/10/12,0.921,0.943,0.919,0.939,59435900,55369380.00
2018/10/15,0.941,0.941,0.926,0.928,45889100,42786100.00
2018/10/16,0.929,0.945,0.929,0.934,46670900,43770672.00
2018/10/17,0.941,0.945,0.925,0.940,68780700,64603928.00
2018/10/18,0.935,0.938,0.922,0.922,25682600,23880168.00
2018/10/19,0.918,0.954,0.916,0.952,57591770,54168840.00
2018/10/22,0.960,0.989,0.959,0.978,217603539,213227376.00
2018/10/23,0.977,0.977,0.953,0.956,63139801,61070664.00
2018/10/24,0.956,0.997,0.956,0.975,211952500,207129120.00
2018/10/25,0.955,0.985,0.954,0.984,131921800,128168464.00
2018/10/26,0.982,0.987,0.972,0.982,102384700,100134720.00
2018/10/29,0.985,0.992,0.955,0.964,117188583,113826328.00
2018/10/30,0.964,0.985,0.964,0.977,60398625,58913212.00
2018/10/31,0.980,0.984,0.972,0.979,44126200,43136696.00
2018/11/01,0.983,1.010,0.970,0.974,76082071,74390560.00
2018/11/02,0.988,0.997,0.975,0.995,91031413,89873528.00
2018/11/05,0.986,0.988,0.976,0.981,52775323,51799280.00
2018/11/06,0.980,0.981,0.971,0.976,27939911,27240216.00
2018/11/07,0.976,0.985,0.970,0.971,50695600,49471944.00
2018/11/08,0.977,0.985,0.974,0.979,46447800,45418396.00
2018/11/09,0.970,0.970,0.946,0.949,70970282,67633400.00
2018/11/12,0.946,0.952,0.946,0.952,42680840,40511960.00
2018/11/13,0.943,0.961,0.940,0.956,70907400,67637192.00
2018/11/14,0.954,0.954,0.941,0.943,65630300,62152224.00
2018/11/15,0.943,0.953,0.943,0.952,75665500,71760960.00
2018/11/16,0.951,0.959,0.947,0.952,66383800,63200504.00
2018/11/19,0.952,0.967,0.951,0.967,105730900,101527840.00
2018/11/20,0.959,0.963,0.949,0.951,73020350,69695616.00
2018/11/21,0.947,0.952,0.945,0.950,33785204,32063810.00
2018/11/22,0.951,0.954,0.944,0.948,29404886,27828394.00
2018/11/23,0.946,0.950,0.936,0.937,55546400,52382248.00
2018/11/26,0.938,0.945,0.937,0.940,34079700,32085340.00
2018/11/27,0.942,0.943,0.933,0.936,35445300,33279734.00
2018/11/28,0.936,0.944,0.936,0.942,42445600,39942276.00
2018/11/29,0.945,0.946,0.938,0.939,30070000,28351664.00
2018/11/30,0.938,0.946,0.938,0.944,25839200,24341504.00
2018/12/03,0.961,0.965,0.953,0.961,97912299,94056832.00
2018/12/04,0.961,0.965,0.958,0.964,29762899,28631808.00
2018/12/05,0.955,0.962,0.955,0.958,30729300,29475734.00
2018/12/06,0.956,0.956,0.944,0.948,41474432,39313568.00
2018/12/07,0.947,0.951,0.944,0.945,26092000,24741312.00
2018/12/10,0.939,0.942,0.934,0.938,23678200,22189224.00
2018/12/11,0.938,0.940,0.935,0.937,19866400,18606672.00
2018/12/12,0.941,0.943,0.935,0.938,15613800,14642263.00
2018/12/13,0.938,0.950,0.936,0.946,49954300,47197756.00
2018/12/14,0.942,0.943,0.933,0.935,34960300,32761292.00
2018/12/17,0.933,0.938,0.932,0.934,34202700,31984876.00
2018/12/18,0.930,0.937,0.925,0.926,29863600,27804964.00
2018/12/19,0.927,0.931,0.916,0.918,20836900,19243108.00
2018/12/20,0.916,0.918,0.893,0.902,35926200,32418514.00
2018/12/21,0.899,0.899,0.884,0.890,46697255,41508576.00
2018/12/24,0.886,0.891,0.882,0.890,30223631,26785308.00
2018/12/25,0.884,0.891,0.873,0.886,37267700,32838866.00
2018/12/26,0.885,0.888,0.881,0.884,26895631,23810296.00
2018/12/27,0.891,0.894,0.884,0.888,30052542,26686572.00
2018/12/28,0.888,0.899,0.888,0.893,38604131,34500032.00
2019/01/02,0.893,0.895,0.874,0.879,36183031,31791008.00
2019/01/03,0.875,0.888,0.875,0.885,32695600,28857100.00
2019/01/04,0.878,0.905,0.877,0.905,48110900,43177992.00
2019/01/07,0.907,0.909,0.899,0.902,37431700,33803096.00
2019/01/08,0.902,0.902,0.896,0.897,20818100,18693324.00
2019/01/09,0.900,0.915,0.900,0.906,46197740,42019284.00
2019/01/10,0.906,0.908,0.900,0.903,15598400,14083619.00
2019/01/11,0.902,0.914,0.902,0.912,20193000,18371188.00
2019/01/14,0.911,0.912,0.904,0.905,25582700,23193586.00
2019/01/15,0.905,0.915,0.905,0.915,20106400,18334904.00
2019/01/16,0.914,0.916,0.912,0.916,12877000,11769075.00
2019/01/17,0.917,0.921,0.910,0.913,21687573,19848880.00
2019/01/18,0.914,0.930,0.914,0.928,29123300,26896188.00
2019/01/21,0.927,0.934,0.927,0.930,19791100,18422236.00
2019/01/22,0.929,0.932,0.919,0.921,18310500,16923636.00
2019/01/23,0.920,0.930,0.920,0.925,15503200,14353804.00
2019/01/24,0.926,0.934,0.925,0.932,15364700,14299144.00
2019/01/25,0.935,0.952,0.934,0.947,32020400,30292524.00
2019/01/28,0.952,0.958,0.944,0.947,22882900,21827556.00
2019/01/29,0.944,0.957,0.943,0.954,21520100,20458856.00
2019/01/30,0.951,0.957,0.947,0.950,15371100,14635117.00
2019/01/31,0.952,0.969,0.952,0.967,32682000,31464676.00
2019/02/01,0.969,0.971,0.959,0.969,29662500,28618164.00
2019/02/11,0.965,0.970,0.960,0.969,29989800,28940498.00
2019/02/12,0.969,0.970,0.962,0.969,31939900,30880656.00
2019/02/13,0.968,0.986,0.964,0.983,54899564,53465284.00
2019/02/14,0.978,0.981,0.973,0.976,36987832,36117940.00
2019/02/15,0.973,0.974,0.956,0.958,53637900,51691748.00
2019/02/18,0.962,0.978,0.962,0.977,53381200,51867048.00
2019/02/19,0.978,0.990,0.972,0.975,64645800,63254840.00
2019/02/20,0.978,0.982,0.972,0.979,32954100,32197140.00
2019/02/21,0.977,0.985,0.970,0.972,57373600,56074052.00
2019/02/22,0.970,0.987,0.963,0.985,131807200,128624704.00
2019/02/25,0.995,1.057,0.989,1.049,298380529,305334752.00
2019/02/26,1.048,1.055,1.025,1.027,274889957,285427648.00
2019/02/27,1.028,1.064,1.025,1.042,251450068,262659616.00
2019/02/28,1.039,1.051,1.033,1.036,117628846,122462088.00
2019/03/01,1.042,1.071,1.030,1.070,168282901,177077520.00
2019/03/04,1.076,1.106,1.071,1.076,267939599,290435072.00
2019/03/05,1.070,1.079,1.067,1.073,108151599,115798272.00
2019/03/06,1.072,1.084,1.062,1.079,113671729,122046512.00
2019/03/07,1.076,1.076,1.057,1.061,210765964,224307168.00
2019/03/08,1.040,1.046,1.017,1.020,179260785,185216288.00
2019/03/11,1.018,1.027,1.011,1.025,107523121,109532040.00
2019/03/12,1.031,1.042,1.023,1.028,154386081,159578608.00
2019/03/13,1.026,1.038,1.017,1.028,164605327,168887488.00
2019/03/14,1.026,1.040,1.024,1.027,84012200,86630728.00
2019/03/15,1.030,1.042,1.027,1.033,166434900,172111760.00
2019/03/18,1.032,1.052,1.028,1.051,139880500,145473968.00
2019/03/19,1.052,1.054,1.040,1.043,92962600,97204888.00
2019/03/20,1.040,1.051,1.038,1.044,83956557,87623184.00
2019/03/21,1.045,1.045,1.038,1.040,88535808,92201160.00
2019/03/22,1.039,1.040,1.026,1.035,147475500,152073792.00
2019/03/25,1.021,1.028,1.009,1.011,118892400,121248616.00
2019/03/26,1.014,1.016,1.003,1.006,57482000,57960704.00
2019/03/27,1.010,1.021,1.007,1.015,71582167,72642992.00
2019/03/28,1.013,1.014,1.003,1.008,74434995,74977192.00
2019/03/29,1.010,1.040,1.008,1.039,170713162,175785040.00
2019/04/01,1.043,1.065,1.043,1.057,163076437,172383456.00
2019/04/02,1.062,1.067,1.056,1.059,108024192,114571408.00
2019/04/03,1.048,1.070,1.045,1.069,130818995,138598496.00
2019/04/04,1.070,1.090,1.069,1.086,181616200,196492240.00
2019/04/08,1.100,1.118,1.084,1.092,274006535,301987520.00
2019/04/09,1.090,1.094,1.078,1.083,140754378,152804560.00
2019/04/10,1.079,1.084,1.066,1.078,166306541,178800720.00
2019/04/11,1.078,1.088,1.066,1.068,99989900,107618424.00
2019/04/12,1.067,1.073,1.065,1.072,52452400,56023356.00
2019/04/15,1.100,1.106,1.074,1.076,183404814,200464288.00
2019/04/16,1.068,1.120,1.068,1.118,242092820,266825840.00
2019/04/17,1.116,1.127,1.107,1.112,151500054,168892064.00
2019/04/18,1.112,1.112,1.099,1.103,144803332,159882992.00
2019/04/19,1.105,1.119,1.100,1.113,96269992,106819688.00
2019/04/22,1.114,1.115,1.079,1.082,130935792,143240352.00
2019/04/23,1.079,1.091,1.074,1.083,78633734,85240376.00
2019/04/24,1.086,1.092,1.070,1.087,66307000,71828944.00
2019/04/25,1.082,1.086,1.072,1.074,73952900,79859584.00
2019/04/26,1.070,1.073,1.056,1.058,75735434,80498432.00
2019/04/29,1.061,1.083,1.060,1.074,110578318,118530144.00
2019/04/30,1.072,1.081,1.064,1.079,62925018,67657528.00
2019/05/06,1.052,1.058,1.030,1.048,150462863,157224096.00
2019/05/07,1.055,1.056,1.038,1.047,82325200,86043888.00
2019/05/08,1.034,1.042,1.029,1.031,57187600,59117028.00
2019/05/09,1.028,1.030,1.006,1.009,61447300,62395716.00
2019/05/10,1.019,1.037,1.010,1.031,107815751,110639472.00
2019/05/13,1.020,1.023,1.015,1.016,47772243,48645712.00
2019/05/14,1.010,1.022,1.008,1.013,47917143,48714788.00
2019/05/15,1.017,1.034,1.017,1.030,67114500,68688536.00
2019/05/16,1.025,1.031,1.025,1.030,34366700,35322680.00
2019/05/17,1.030,1.031,1.014,1.017,60227068,61530008.00
2019/05/20,1.013,1.024,1.012,1.018,68048857,69165416.00
2019/05/21,1.018,1.033,1.016,1.026,45531600,46738264.00
2019/05/22,1.027,1.027,1.019,1.022,32514100,33244234.00
2019/05/23,1.022,1.023,1.010,1.016,45824472,46530120.00
2019/05/24,1.017,1.027,1.017,1.023,43401130,44389460.00
2019/05/27,1.021,1.027,1.007,1.026,90278271,91679888.00
2019/05/28,1.021,1.032,1.020,1.026,94869000,97574552.00
2019/05/29,1.024,1.031,1.019,1.023,41244600,42246612.00
2019/05/30,1.021,1.023,1.014,1.022,35018492,35666244.00
2019/05/31,1.020,1.027,1.017,1.019,51667700,52749172.00
2019/06/03,1.018,1.027,1.014,1.021,50618500,51613712.00
2019/06/04,1.020,1.023,1.016,1.021,26887792,27405176.00
2019/06/05,1.025,1.032,1.024,1.027,51245100,52660376.00
2019/06/06,1.025,1.029,1.021,1.025,25276600,25921076.00
2019/06/10,1.027,1.044,1.027,1.040,72142700,74884544.00
2019/06/11,1.046,1.053,1.039,1.053,69780320,73120640.00
2019/06/12,1.050,1.053,1.044,1.050,40855800,42838004.00
2019/06/13,1.049,1.052,1.041,1.047,41575000,43538392.00
2019/06/14,1.047,1.052,1.043,1.044,26383800,27643668.00
2019/06/17,1.045,1.057,1.044,1.051,34961500,36798776.00
2019/06/18,1.053,1.056,1.048,1.055,33411111,35157488.00
2019/06/19,1.070,1.076,1.066,1.069,130028511,139287520.00
2019/06/20,1.070,1.102,1.068,1.096,180988100,196203424.00
2019/06/21,1.097,1.097,1.084,1.089,126424300,137695872.00
2019/06/24,1.086,1.088,1.081,1.086,98137900,106321200.00
2019/06/25,1.085,1.085,1.052,1.064,146147169,155535744.00
2019/06/26,1.058,1.065,1.056,1.060,93378869,99097392.00
2019/06/27,1.061,1.074,1.061,1.072,90760080,97157904.00
2019/06/28,1.070,1.070,1.060,1.067,59536500,63362776.00
2019/07/01,1.082,1.085,1.077,1.082,114688000,123977344.00
2019/07/02,1.079,1.083,1.074,1.078,69576900,75000176.00
2019/07/03,1.078,1.078,1.072,1.077,52734531,56721128.00
2019/07/04,1.078,1.083,1.074,1.077,49728400,53638460.00
2019/07/05,1.077,1.078,1.071,1.078,45556831,48956124.00
2019/07/08,1.075,1.076,1.053,1.057,70379300,74530288.00
2019/07/09,1.056,1.059,1.050,1.052,52053000,54832628.00
2019/07/10,1.054,1.057,1.045,1.049,46019100,48329516.00
2019/07/11,1.050,1.058,1.049,1.053,56112122,59155024.00
2019/07/12,1.054,1.071,1.053,1.067,61505622,65402940.00
2019/07/15,1.063,1.071,1.051,1.068,64217300,68203392.00
2019/07/16,1.066,1.067,1.062,1.062,47115700,50122156.00
2019/07/17,1.061,1.064,1.058,1.059,51246700,54378616.00
2019/07/18,1.057,1.061,1.056,1.060,41256900,43679008.00
2019/07/19,1.061,1.075,1.060,1.074,61036599,65288744.00
2019/07/22,1.072,1.077,1.064,1.071,60928200,65347160.00
2019/07/23,1.071,1.073,1.067,1.071,46975100,50273620.00
2019/07/24,1.073,1.085,1.073,1.077,74471601,80359032.00
2019/07/25,1.078,1.095,1.077,1.094,71119100,77375440.00
2019/07/26,1.090,1.096,1.088,1.092,56751800,61961728.00
2019/07/29,1.091,1.093,1.087,1.093,42745800,46598412.00
2019/07/30,1.092,1.104,1.090,1.098,50275100,55204260.00
2019/07/31,1.094,1.094,1.086,1.087,47229800,51450700.00
2019/08/01,1.084,1.087,1.074,1.081,48331300,52213192.00
2019/08/02,1.068,1.071,1.063,1.068,55850500,59543520.00
2019/08/05,1.067,1.067,1.046,1.047,86491000,91252712.00
2019/08/06,1.035,1.041,1.029,1.037,112263300,116107720.00
2019/08/07,1.039,1.040,1.032,1.035,54338400,56297304.00
2019/08/08,1.039,1.054,1.039,1.052,59162200,61933016.00
2019/08/09,1.052,1.057,1.046,1.050,44459397,46706212.00
2019/08/12,1.049,1.064,1.048,1.064,61009800,64396208.00
2019/08/13,1.059,1.059,1.048,1.050,44297400,46523280.00
2019/08/14,1.058,1.060,1.046,1.048,62500400,65647160.00
2019/08/15,1.036,1.047,1.031,1.047,52654300,54817952.00
2019/08/16,1.046,1.049,1.040,1.045,85038000,88946400.00
2019/08/19,1.045,1.050,1.029,1.050,157919472,164143616.00
2019/08/20,1.046,1.053,1.041,1.048,98580200,103146312.00
2019/08/21,1.045,1.047,1.041,1.044,46843800,48874888.00
2019/08/22,1.046,1.047,1.038,1.041,35264228,36719968.00
2019/08/23,1.041,1.055,1.040,1.052,75845600,79578136.00
2019/08/26,1.041,1.043,1.033,1.034,63126800,65389464.00
2019/08/27,1.039,1.049,1.039,1.045,68619650,71671904.00
2019/08/28,1.041,1.042,1.030,1.032,82666700,85401336.00
2019/08/29,1.032,1.033,1.022,1.026,68720900,70483056.00
2019/08/30,1.031,1.033,1.024,1.027,59574900,61226104.00
2019/09/02,1.027,1.036,1.026,1.034,72360400,74746080.00
2019/09/03,1.033,1.036,1.030,1.035,75809000,78264544.00
2019/09/04,1.033,1.048,1.032,1.047,120648700,125722592.00
2019/09/05,1.051,1.071,1.051,1.060,177772050,188726576.00
2019/09/06,1.064,1.069,1.061,1.069,74984250,79821120.00
2019/09/09,1.080,1.080,1.063,1.066,162127098,173067984.00
2019/09/10,1.066,1.066,1.056,1.063,139377500,147622224.00
2019/09/11,1.067,1.070,1.060,1.068,121691450,129769792.00
2019/09/12,1.070,1.073,1.065,1.072,124323400,133017184.00
2019/09/16,1.072,1.074,1.064,1.068,75357600,80356600.00
2019/09/17,1.065,1.065,1.050,1.053,79694200,84214888.00
2019/09/18,1.055,1.058,1.053,1.057,43656600,46066864.00
2019/09/19,1.056,1.057,1.051,1.055,34474200,36340404.00
2019/09/20,1.055,1.061,1.055,1.060,36769042,38894816.00
2019/09/23,1.061,1.061,1.046,1.050,36315505,38115632.00
2019/09/24,1.050,1.054,1.048,1.050,38763200,40728864.00
2019/09/25,1.047,1.059,1.044,1.054,78779276,82963608.00
2019/09/26,1.054,1.077,1.054,1.068,173111286,184845408.00
2019/09/27,1.068,1.073,1.060,1.069,61344504,65425712.00
2019/09/30,1.068,1.073,1.057,1.059,94252090,100734696.00
2019/10/08,1.057,1.078,1.056,1.073,65614400,70299888.00
2019/10/09,1.065,1.095,1.065,1.085,115533600,125373984.00
2019/10/10,1.083,1.088,1.080,1.084,65232600,70658272.00
2019/10/11,1.090,1.108,1.085,1.107,116318400,127623800.00
2019/10/14,1.116,1.147,1.113,1.127,209106200,236614512.00
2019/10/15,1.127,1.132,1.120,1.131,97995600,110377200.00
2019/10/16,1.135,1.148,1.118,1.125,191683640,217050832.00
2019/10/17,1.123,1.130,1.118,1.122,86517860,97107032.00
2019/10/18,1.125,1.134,1.103,1.107,97222000,108561960.00
2019/10/21,1.102,1.123,1.100,1.120,91788400,102290152.00
2019/10/22,1.120,1.122,1.103,1.116,66576600,73959224.00
2019/10/23,1.113,1.122,1.111,1.114,49675800,55430680.00
2019/10/24,1.114,1.135,1.114,1.127,155427300,174944992.00
2019/10/25,1.125,1.127,1.112,1.124,118629806,132669208.00
2019/10/28,1.123,1.129,1.115,1.120,85625900,95888072.00
2019/10/29,1.120,1.120,1.110,1.113,62464200,69622832.00
2019/10/30,1.110,1.121,1.108,1.111,70489200,78489312.00
2019/10/31,1.111,1.113,1.102,1.105,46697800,51616848.00
2019/11/01,1.105,1.130,1.101,1.128,106234506,118722216.00
2019/11/04,1.130,1.142,1.129,1.133,86613412,98227208.00
2019/11/05,1.132,1.159,1.131,1.145,134387826,153806608.00
2019/11/06,1.145,1.158,1.142,1.151,74155713,85295608.00
2019/11/07,1.149,1.155,1.144,1.149,62529454,71797440.00
2019/11/08,1.157,1.157,1.133,1.134,104325800,119068368.00
2019/11/11,1.132,1.132,1.114,1.116,87950198,98557240.00
2019/11/12,1.116,1.122,1.113,1.120,82510227,92246336.00
2019/11/13,1.117,1.118,1.110,1.115,93812900,104514160.00
2019/11/14,1.114,1.117,1.105,1.110,81096000,90044176.00
2019/11/15,1.110,1.116,1.106,1.109,62267900,69163000.00
2019/11/18,1.106,1.124,1.105,1.120,102492000,114480608.00
2019/11/19,1.119,1.125,1.116,1.122,70124300,78593064.00
2019/11/20,1.122,1.122,1.100,1.104,115491500,127967256.00
2019/11/21,1.100,1.103,1.094,1.098,97540900,107120240.00
2019/11/22,1.100,1.106,1.093,1.094,109995953,120858112.00
2019/11/25,1.095,1.109,1.095,1.108,102752400,113565272.00
2019/11/26,1.108,1.111,1.101,1.106,50063300,55282168.00
2019/11/27,1.103,1.107,1.098,1.100,46722900,51418044.00
2019/11/28,1.099,1.102,1.095,1.097,40263200,44225676.00
2019/11/29,1.095,1.100,1.089,1.090,62605500,68386224.00
2019/12/02,1.094,1.096,1.090,1.091,47423215,51826820.00
2019/12/03,1.089,1.095,1.085,1.095,38870800,42453916.00
2019/12/04,1.093,1.093,1.087,1.089,91346500,99478856.00
2019/12/05,1.092,1.098,1.090,1.097,95693900,104746464.00
2019/12/06,1.099,1.100,1.092,1.095,89591300,98138328.00
2019/12/09,1.097,1.098,1.090,1.095,64442228,70463840.00
2019/12/10,1.092,1.095,1.090,1.092,56338728,61523504.00
2019/12/11,1.093,1.104,1.091,1.103,107479500,118025264.00
2019/12/12,1.103,1.103,1.097,1.099,72647300,79868216.00
2019/12/13,1.106,1.121,1.105,1.119,184871099,205735712.00
2019/12/16,1.118,1.120,1.112,1.119,129785221,144791552.00
2019/12/17,1.118,1.142,1.114,1.131,326776579,368639712.00
2019/12/18,1.129,1.142,1.128,1.134,169688341,192570960.00
2019/12/19,1.136,1.142,1.132,1.136,115688260,131581544.00
2019/12/20,1.136,1.145,1.133,1.136,102539760,116678704.00
2019/12/23,1.135,1.140,1.121,1.123,110417400,124779488.00
2019/12/24,1.124,1.133,1.124,1.130,71409941,80623088.00
2019/12/25,1.129,1.130,1.122,1.128,83716935,94271976.00
2019/12/26,1.126,1.135,1.125,1.135,118976500,134326160.00
2019/12/27,1.133,1.145,1.130,1.135,162750800,185217280.00
2019/12/30,1.128,1.135,1.116,1.134,186320300,210176704.00
2019/12/31,1.131,1.133,1.127,1.132,184297600,208166160.00
2020/01/02,1.142,1.160,1.142,1.152,279945986,322110112.00
2020/01/03,1.151,1.156,1.150,1.153,122082808,140761600.00
2020/01/06,1.148,1.159,1.142,1.149,140225284,161569440.00
2020/01/07,1.148,1.159,1.147,1.153,97692008,112589920.00
2020/01/08,1.150,1.151,1.131,1.132,165405600,188117696.00
2020/01/09,1.141,1.144,1.132,1.138,312265900,354679136.00
2020/01/10,1.139,1.141,1.134,1.138,89212100,101399584.00
2020/01/13,1.136,1.143,1.131,1.143,114933510,130577448.00
2020/01/14,1.145,1.151,1.138,1.139,129741625,148359536.00
2020/01/15,1.139,1.139,1.125,1.126,115845860,130834504.00
2020/01/16,1.128,1.130,1.118,1.119,158325000,177518880.00
2020/01/17,1.119,1.125,1.116,1.118,112181400,125686816.00
2020/01/20,1.120,1.127,1.117,1.127,187892115,210956560.00
2020/01/21,1.122,1.124,1.109,1.110,186625700,207798464.00
2020/01/22,1.108,1.111,1.095,1.109,140884200,155730928.00
2020/01/23,1.100,1.103,1.076,1.085,223950761,244186400.00
2020/02/03,1.000,1.030,0.992,1.001,393728121,397398176.00
2020/02/04,1.007,1.032,1.007,1.030,214791720,219588272.00
2020/02/05,1.033,1.039,1.020,1.031,185797614,191425904.00
2020/02/06,1.032,1.041,1.025,1.037,238599652,246642720.00
2020/02/07,1.031,1.035,1.023,1.033,165819281,170377440.00
2020/02/10,1.027,1.032,1.024,1.031,193465900,199032096.00
2020/02/11,1.033,1.042,1.031,1.041,194873622,202530400.00
2020/02/12,1.037,1.044,1.035,1.043,176864821,183790336.00
2020/02/13,1.040,1.042,1.034,1.035,120855692,125378976.00
2020/02/14,1.034,1.044,1.032,1.044,155967307,162059472.00
2020/02/17,1.044,1.066,1.040,1.064,278092183,292894944.00
2020/02/18,1.062,1.062,1.050,1.054,239037700,251992928.00
2020/02/19,1.051,1.058,1.047,1.051,235055841,247380384.00
2020/02/20,1.052,1.067,1.046,1.066,396066621,418478624.00
2020/02/21,1.063,1.069,1.057,1.063,384065800,407739136.00
2020/02/24,1.061,1.061,1.049,1.050,267760700,282062720.00
2020/02/25,1.037,1.043,1.031,1.040,275832585,286192832.00
2020/02/26,1.030,1.051,1.028,1.045,278120000,289707072.00
2020/02/27,1.041,1.048,1.041,1.048,176329236,184233744.00
2020/02/28,1.035,1.041,1.020,1.022,266240000,274406944.00
2020/03/02,1.023,1.042,1.023,1.038,210716199,217846848.00
2020/03/03,1.045,1.048,1.038,1.040,201692896,210243552.00
2020/03/04,1.036,1.044,1.034,1.044,161795199,168213376.00
2020/03/05,1.048,1.072,1.045,1.071,430326384,456368512.00
2020/03/06,1.060,1.063,1.053,1.055,234418011,247836400.00
2020/03/09,1.036,1.039,1.024,1.025,266921100,274866688.00
2020/03/10,1.025,1.042,1.023,1.040,182509600,188877856.00
2020/03/11,1.040,1.042,1.028,1.029,141031700,146016192.00
2020/03/12,1.027,1.031,1.021,1.024,155133600,158982544.00
2020/03/13,0.996,1.020,0.989,1.019,262514785,262720048.00
2020/03/16,1.011,1.015,0.980,0.982,217031239,216728352.00
2020/03/17,0.986,0.996,0.969,0.980,208920000,205525664.00
2020/03/18,0.982,0.988,0.957,0.958,176758000,172481408.00
2020/03/19,0.954,0.957,0.923,0.935,238148283,223203584.00
2020/03/20,0.941,0.959,0.937,0.954,184936398,175215712.00
2020/03/23,0.930,0.941,0.928,0.930,96307500,89871680.00
2020/03/24,0.949,0.956,0.942,0.955,121707642,115622856.00
2020/03/25,0.970,0.976,0.964,0.972,120509272,116856048.00
2020/03/26,0.967,0.990,0.963,0.978,167887900,164583008.00
2020/03/27,0.984,0.990,0.978,0.980,114002215,112027424.00
2020/03/30,0.971,0.979,0.967,0.975,71351200,69390776.00
2020/03/31,0.980,0.983,0.965,0.967,83728100,81639848.00
2020/04/01,0.968,0.977,0.964,0.965,132638461,128819456.00
2020/04/02,0.961,0.973,0.961,0.972,62233889,60148584.00
2020/04/03,0.969,0.970,0.962,0.966,65983000,63721824.00
2020/04/07,0.977,0.980,0.974,0.977,124935362,121967616.00
2020/04/08,0.974,0.974,0.970,0.971,82108397,79788128.00
2020/04/09,0.974,0.975,0.970,0.971,118696900,115373920.00
2020/04/10,0.971,0.975,0.967,0.969,118012325,114672008.00
2020/04/13,0.968,0.968,0.962,0.963,46393000,44735304.00
2020/04/14,0.965,0.975,0.964,0.974,73580303,71346480.00
2020/04/15,0.972,0.974,0.968,0.969,59291939,57549580.00
2020/04/16,0.966,0.969,0.963,0.966,58441400,56459640.00
2020/04/17,0.969,0.979,0.968,0.974,131736342,128291232.00
2020/04/20,0.974,0.975,0.969,0.973,60081900,58383752.00
2020/04/21,0.970,0.975,0.966,0.970,90903711,88242888.00
2020/04/22,0.966,0.969,0.963,0.969,49231500,47514492.00
2020/04/23,0.967,0.969,0.963,0.965,45877100,44311192.00
2020/04/24,0.963,0.964,0.958,0.960,65632300,63049848.00
2020/04/27,0.963,0.983,0.962,0.977,190868400,186528400.00
2020/04/28,0.978,0.982,0.968,0.981,72805233,71123672.00
2020/04/29,0.982,1.003,0.979,1.002,148628689,147850640.00
2020/04/30,1.004,1.018,1.004,1.008,105299989,106457848.00
2020/05/06,0.999,1.000,0.988,0.999,141704000,140770992.00
2020/05/07,0.997,0.998,0.990,0.992,69728064,69188072.00
2020/05/08,0.996,1.004,0.994,1.001,90895564,90825480.00
2020/05/11,1.003,1.009,1.000,1.002,68986100,69262736.00
2020/05/12,1.001,1.003,0.992,0.995,64818800,64507156.00
2020/05/13,0.993,0.993,0.986,0.992,45786400,45288400.00
2020/05/14,0.988,0.988,0.981,0.984,57413200,56472816.00
2020/05/15,0.986,0.987,0.980,0.982,74240600,72953104.00
2020/05/18,0.981,0.987,0.978,0.984,103034289,101424992.00
2020/05/19,0.990,0.995,0.987,0.989,79387200,78599288.00
2020/05/20,0.988,0.997,0.984,0.993,102862200,101905848.00
2020/05/21,0.996,0.997,0.989,0.990,82421700,81805824.00
2020/05/22,0.989,0.989,0.973,0.974,96443500,94529256.00
2020/05/25,0.974,0.976,0.968,0.971,46600700,45249424.00
2020/05/26,0.972,0.976,0.972,0.976,57451000,55925280.00
2020/05/27,0.975,0.986,0.973,0.979,61848300,60644220.00
2020/05/28,0.981,0.999,0.980,0.994,114367200,113582016.00
2020/05/29,0.989,0.992,0.986,0.989,56230800,55589184.00
2020/06/01,0.991,1.003,0.990,1.001,114561900,114472096.00
2020/06/02,1.001,1.009,0.999,1.007,75063500,75380936.00
2020/06/03,1.010,1.024,1.008,1.009,184250900,187478416.00
2020/06/04,1.012,1.014,1.004,1.007,52684544,53082752.00
2020/06/05,1.006,1.008,1.001,1.008,77019644,77364440.00
2020/06/08,1.010,1.015,1.006,1.008,63409900,64026332.00
2020/06/09,1.007,1.011,1.004,1.009,90230700,90979880.00
2020/06/10,1.009,1.010,1.002,1.004,62070252,62413424.00
2020/06/11,1.001,1.002,0.989,0.991,121832800,121278480.00
2020/06/12,0.982,0.991,0.981,0.990,62274661,61391212.00
2020/06/15,0.987,0.988,0.980,0.980,77673000,76411808.00
2020/06/16,0.985,0.988,0.984,0.987,67759500,66829496.00
2020/06/17,0.986,0.988,0.982,0.988,41593500,40975368.00
2020/06/18,0.985,0.985,0.973,0.982,201582400,197116656.00
2020/06/19,0.981,0.991,0.980,0.987,220972776,217765968.00
2020/06/22,0.984,0.991,0.982,0.984,247803200,244396656.00
2020/06/23,0.982,0.983,0.976,0.980,152029808,148828768.00
2020/06/24,0.980,0.992,0.979,0.991,247559306,244523312.00
2020/06/29,1.000,1.003,0.984,0.987,255520300,253296656.00
2020/06/30,0.988,0.993,0.984,0.990,431633100,427237472.00
2020/07/01,0.990,1.008,0.988,1.006,497649902,497262144.00
2020/07/02,1.003,1.031,1.001,1.030,585698344,596660480.00
2020/07/03,1.036,1.061,1.035,1.057,676009040,709510016.00
2020/07/06,1.074,1.163,1.074,1.163,1132533212,1266172160.00
2020/07/07,1.219,1.220,1.141,1.146,1437429665,1681641344.00
2020/07/08,1.132,1.167,1.131,1.157,915221904,1051344768.00
2020/07/09,1.150,1.150,1.128,1.143,981604332,1117930240.00
2020/07/10,1.132,1.135,1.094,1.101,840334191,935642432.00
2020/07/13,1.088,1.112,1.083,1.101,784988568,861827264.00
2020/07/14,1.099,1.101,1.076,1.085,719963049,783625344.00
2020/07/15,1.091,1.093,1.061,1.066,603809241,647475264.00
2020/07/16,1.068,1.084,1.062,1.063,913679635,982597312.00
2020/07/17,1.068,1.072,1.055,1.063,557179317,592176448.00
2020/07/20,1.069,1.093,1.061,1.091,751643712,813091136.00
2020/07/21,1.091,1.091,1.077,1.081,438412749,473813280.00
2020/07/22,1.082,1.094,1.074,1.080,535293015,579493568.00
2020/07/23,1.071,1.076,1.052,1.064,539625716,573658752.00
2020/07/24,1.056,1.061,1.031,1.039,582878805,609334016.00
2020/07/27,1.039,1.042,1.023,1.030,413152573,425371072.00
2020/07/28,1.035,1.037,1.028,1.033,295665461,305301184.00
2020/07/29,1.030,1.048,1.026,1.047,559999612,582223872.00
2020/07/30,1.045,1.046,1.035,1.035,273979812,284951328.00
2020/07/31,1.035,1.047,1.031,1.038,337804508,350877888.00
2020/08/03,1.045,1.047,1.039,1.046,422790099,440848352.00
2020/08/04,1.048,1.077,1.043,1.070,1248277965,1327988352.00
2020/08/05,1.062,1.063,1.051,1.059,405744916,428805664.00
2020/08/06,1.060,1.068,1.052,1.066,403936096,428631776.00
2020/08/07,1.060,1.066,1.050,1.054,342757217,362288448.00
2020/08/10,1.052,1.070,1.048,1.066,465266919,494709888.00
2020/08/11,1.065,1.090,1.064,1.068,697873450,754241664.00
2020/08/12,1.071,1.082,1.063,1.076,566421229,607700928.00
2020/08/13,1.078,1.079,1.068,1.070,238543616,255809152.00
2020/08/14,1.068,1.088,1.068,1.087,387220541,417272736.00
2020/08/17,1.090,1.128,1.089,1.117,1016918119,1130022912.00
2020/08/18,1.115,1.116,1.100,1.107,448240190,495548576.00
2020/08/19,1.104,1.109,1.095,1.097,349670437,385400064.00
2020/08/20,1.092,1.093,1.076,1.077,389445414,421683488.00
2020/08/21,1.083,1.086,1.077,1.084,200339114,216824144.00
2020/08/24,1.083,1.086,1.075,1.078,193307800,208821152.00
2020/08/25,1.079,1.086,1.075,1.078,217080000,234184432.00
2020/08/26,1.078,1.079,1.066,1.069,217993600,233576240.00
2020/08/27,1.069,1.071,1.061,1.069,175452391,186965680.00
2020/08/28,1.068,1.092,1.064,1.091,418104529,452227936.00
2020/08/31,1.094,1.105,1.082,1.084,329551100,361171104.00
2020/09/01,1.079,1.085,1.077,1.083,210871941,227963024.00
2020/09/02,1.083,1.083,1.069,1.075,182603800,196377184.00
2020/09/03,1.075,1.079,1.068,1.070,197653900,211991328.00
2020/09/04,1.062,1.070,1.060,1.066,227320800,242044144.00
2020/09/07,1.066,1.075,1.060,1.061,218353400,233002528.00
2020/09/08,1.064,1.079,1.064,1.078,331887412,356589888.00
2020/09/09,1.072,1.083,1.068,1.072,212367141,228448688.00
2020/09/10,1.077,1.079,1.067,1.069,187465477,201058144.00
2020/09/11,1.067,1.070,1.055,1.062,216486081,229773984.00
2020/09/14,1.064,1.066,1.059,1.065,126329483,134200096.00
2020/09/15,1.063,1.073,1.061,1.070,138721233,148094800.00
2020/09/16,1.068,1.076,1.064,1.072,150405647,161140304.00
2020/09/17,1.072,1.078,1.068,1.068,138171383,148312912.00
2020/09/18,1.067,1.091,1.067,1.090,332947141,360355872.00
2020/09/21,1.091,1.094,1.081,1.084,178834100,194160672.00
2020/09/22,1.080,1.087,1.070,1.072,197985345,213191376.00
2020/09/23,1.072,1.074,1.066,1.068,332681700,355586624.00
2020/09/24,1.062,1.065,1.050,1.052,192691464,203481408.00
2020/09/25,1.053,1.056,1.050,1.054,130360617,137323392.00
2020/09/28,1.054,1.058,1.051,1.056,121738200,128333648.00
2020/09/29,1.059,1.059,1.045,1.046,206696700,217106928.00
2020/09/30,1.047,1.052,1.037,1.041,176748400,184740736.00
2020/10/09,1.047,1.052,1.045,1.046,168665802,176778528.00
2020/10/12,1.048,1.075,1.047,1.073,299925948,319106944.00
2020/10/13,1.067,1.075,1.065,1.072,199713517,213799856.00
2020/10/14,1.075,1.077,1.067,1.071,156411443,167328784.00
2020/10/15,1.072,1.096,1.071,1.087,577979449,628443136.00
2020/10/16,1.085,1.117,1.084,1.106,726976831,803712640.00
2020/10/19,1.113,1.142,1.107,1.108,524678248,591064064.00
2020/10/20,1.107,1.111,1.098,1.105,275524270,303919616.00
2020/10/21,1.105,1.125,1.100,1.123,352171487,392934944.00
2020/10/22,1.125,1.139,1.112,1.121,344241707,386727232.00
2020/10/23,1.119,1.142,1.115,1.129,642851700,729095616.00
2020/10/26,1.128,1.132,1.102,1.108,407043010,452125824.00
2020/10/27,1.103,1.110,1.100,1.103,186720200,206137776.00
2020/10/28,1.103,1.107,1.087,1.092,186298700,203662928.00
2020/10/29,1.082,1.101,1.080,1.093,286684785,312580736.00
2020/10/30,1.091,1.107,1.080,1.081,258046610,281987328.00
2020/11/02,1.082,1.091,1.074,1.082,206547600,223629424.00
2020/11/03,1.089,1.106,1.089,1.096,313919800,344941248.00
2020/11/04,1.106,1.113,1.100,1.109,308252935,341004768.00
2020/11/05,1.119,1.121,1.101,1.106,391159709,434377440.00
2020/11/06,1.105,1.106,1.095,1.101,257227208,283146368.00
2020/11/09,1.102,1.116,1.102,1.114,455035700,505673664.00
2020/11/10,1.122,1.132,1.114,1.120,358406795,402940576.00
2020/11/11,1.118,1.132,1.115,1.125,312672653,351319104.00
2020/11/12,1.123,1.124,1.112,1.114,214167100,239210448.00
2020/11/13,1.109,1.109,1.085,1.097,341148899,372752832.00
2020/11/16,1.095,1.101,1.093,1.099,149579307,164094160.00
2020/11/17,1.099,1.116,1.097,1.114,301281888,333174560.00
2020/11/18,1.108,1.142,1.108,1.136,512852375,581024448.00
2020/11/19,1.133,1.149,1.129,1.144,304361746,347104192.00
2020/11/20,1.136,1.141,1.132,1.140,195733628,222510064.00
2020/11/23,1.140,1.164,1.137,1.162,312279816,360790496.00
2020/11/24,1.158,1.165,1.153,1.156,249341165,288683072.00
2020/11/25,1.161,1.172,1.144,1.146,277767265,321323104.00
2020/11/26,1.144,1.165,1.144,1.163,299980687,347175712.00
2020/11/27,1.162,1.195,1.162,1.194,426153470,501444608.00
2020/11/30,1.212,1.237,1.178,1.179,920422282,1118746624.00
2020/12/01,1.175,1.217,1.173,1.211,616644782,737178304.00
2020/12/02,1.209,1.218,1.192,1.205,430331775,519106560.00
2020/12/03,1.202,1.210,1.188,1.202,294965100,353748192.00
2020/12/04,1.196,1.198,1.176,1.190,417775567,494238464.00
2020/12/07,1.191,1.191,1.157,1.162,488187433,569180224.00
2020/12/08,1.160,1.169,1.152,1.156,363238783,420594336.00
2020/12/09,1.158,1.170,1.151,1.154,396488523,460195424.00
2020/12/10,1.150,1.157,1.139,1.147,289574561,332156448.00
2020/12/11,1.148,1.150,1.130,1.138,292128038,332724960.00
2020/12/14,1.141,1.151,1.138,1.145,280153363,320599072.00
2020/12/15,1.143,1.144,1.122,1.135,338813900,382718048.00
2020/12/16,1.136,1.146,1.133,1.137,300767915,342701856.00
2020/12/17,1.137,1.147,1.125,1.146,397544773,452187584.00
2020/12/18,1.142,1.145,1.125,1.128,453971863,513990144.00
2020/12/21,1.127,1.132,1.118,1.127,417636987,469801376.00
2020/12/22,1.125,1.129,1.101,1.105,495267617,552888320.00
2020/12/23,1.104,1.112,1.101,1.109,369144296,408700800.00
2020/12/24,1.112,1.125,1.111,1.116,313911505,350702368.00
2020/12/25,1.114,1.118,1.104,1.117,260737346,290024768.00
2020/12/28,1.113,1.128,1.108,1.127,347473544,389365056.00
2020/12/29,1.127,1.133,1.124,1.129,335129254,378156864.00
2020/12/30,1.126,1.133,1.120,1.132,435533721,489932448.00
2020/12/31,1.131,1.151,1.130,1.145,695315941,793796160.00
2021/01/04,1.137,1.137,1.111,1.123,1085958210,1214342272.00
2021/01/05,1.116,1.116,1.095,1.108,1118899579,1234197120.00
2021/01/06,1.105,1.133,1.101,1.132,975828240,1091593856.00
2021/01/07,1.134,1.146,1.128,1.143,745202609,846933568.00
2021/01/08,1.145,1.157,1.137,1.146,594366748,680656896.00
2021/01/11,1.149,1.170,1.149,1.160,761967486,886964032.00
2021/01/12,1.160,1.178,1.153,1.177,474867973,552738368.00
2021/01/13,1.178,1.179,1.166,1.175,536437414,628452032.00
2021/01/14,1.172,1.192,1.168,1.172,482601022,568840448.00
2021/01/15,1.197,1.236,1.197,1.206,1126933831,1372925184.00
2021/01/18,1.207,1.241,1.206,1.230,633730443,777417664.00
2021/01/19,1.230,1.248,1.217,1.232,564286205,695544896.00
2021/01/20,1.230,1.245,1.215,1.220,434330125,532829632.00
2021/01/21,1.222,1.235,1.218,1.227,463725780,568907904.00
2021/01/22,1.224,1.224,1.194,1.203,424345885,510800544.00
2021/01/25,1.196,1.210,1.181,1.207,417823888,499706464.00
2021/01/26,1.200,1.221,1.197,1.199,352621272,425568448.00
2021/01/27,1.196,1.230,1.196,1.218,526780099,642395328.00
2021/01/28,1.207,1.209,1.196,1.205,394299202,473940736.00
2021/01/29,1.221,1.224,1.200,1.212,504730100,611919168.00
2021/02/01,1.205,1.243,1.195,1.242,611083592,747980800.00
2021/02/02,1.228,1.242,1.219,1.223,454125637,557629120.00
2021/02/03,1.220,1.255,1.213,1.242,629537833,779135936.00
2021/02/04,1.234,1.267,1.231,1.246,592963888,741763776.00
2021/02/05,1.251,1.290,1.247,1.286,870129588,1112089984.00
2021/02/08,1.284,1.296,1.261,1.290,793512942,1019379520.00
2021/02/09,1.287,1.294,1.271,1.293,627164535,803291776.00
2021/02/10,1.297,1.313,1.266,1.280,701814636,901690944.00
2021/02/18,1.293,1.319,1.289,1.305,557407393,726346688.00
2021/02/19,1.299,1.316,1.290,1.295,527370626,686971328.00
2021/02/22,1.295,1.295,1.270,1.274,520800426,666971840.00
2021/02/23,1.271,1.311,1.271,1.285,638246394,825166016.00
2021/02/24,1.285,1.288,1.255,1.265,390507972,497265856.00
2021/02/25,1.273,1.295,1.266,1.285,527244645,676606400.00
2021/02/26,1.269,1.283,1.236,1.240,491736790,617499712.00
2021/03/01,1.245,1.249,1.233,1.241,757963494,939267840.00
2021/03/02,1.245,1.252,1.219,1.231,250212475,309123360.00
2021/03/03,1.230,1.289,1.230,1.288,554483306,704325056.00
2021/03/04,1.280,1.297,1.268,1.279,482692526,618172672.00
2021/03/05,1.265,1.288,1.244,1.267,309436501,390191360.00
2021/03/08,1.268,1.283,1.245,1.246,287954359,363517600.00
2021/03/09,1.248,1.261,1.216,1.222,535170536,662106048.00
2021/03/10,1.226,1.229,1.212,1.219,212684125,259345824.00
2021/03/11,1.230,1.265,1.230,1.254,371134874,463958304.00
2021/03/12,1.253,1.272,1.253,1.267,243933074,308313696.00
2021/03/15,1.265,1.298,1.264,1.278,414057590,530593184.00
2021/03/16,1.280,1.305,1.279,1.293,286495237,370484096.00
2021/03/17,1.284,1.288,1.267,1.272,295252457,376715232.00
2021/03/18,1.270,1.281,1.267,1.277,233656992,297640096.00
2021/03/19,1.276,1.281,1.235,1.240,279567234,350057952.00
2021/03/22,1.238,1.273,1.238,1.264,236303515,297777792.00
2021/03/23,1.264,1.273,1.250,1.257,263557977,331810304.00
2021/03/24,1.253,1.259,1.235,1.238,186970377,232097392.00
2021/03/25,1.238,1.249,1.228,1.230,164986500,203771376.00
2021/03/26,1.235,1.244,1.231,1.243,187842900,232487328.00
2021/03/29,1.243,1.250,1.235,1.250,179647800,223283856.00
2021/03/30,1.249,1.257,1.240,1.257,203394599,253913648.00
2021/03/31,1.254,1.266,1.243,1.261,226736907,284557216.00
2021/04/01,1.260,1.262,1.251,1.258,199894800,251242320.00
2021/04/02,1.258,1.258,1.239,1.244,264979403,329795488.00
2021/04/06,1.243,1.251,1.241,1.245,144533224,179982128.00
2021/04/07,1.245,1.248,1.235,1.242,164709724,204172480.00
2021/04/08,1.239,1.241,1.235,1.238,160062204,198187872.00
2021/04/09,1.237,1.239,1.229,1.230,149657100,184394592.00
2021/04/12,1.229,1.234,1.222,1.228,227586000,279169728.00
2021/04/13,1.227,1.238,1.219,1.224,179937900,220526160.00
2021/04/14,1.223,1.225,1.206,1.210,249846050,303081952.00
2021/04/15,1.208,1.209,1.186,1.197,366056200,436645024.00
2021/04/16,1.196,1.202,1.189,1.201,142790000,170836576.00
2021/04/19,1.198,1.222,1.191,1.219,214083721,259018400.00
2021/04/20,1.214,1.229,1.212,1.221,196889228,240418208.00
2021/04/21,1.223,1.247,1.223,1.242,284334152,351981696.00
2021/04/22,1.242,1.245,1.226,1.233,211389837,260459904.00
2021/04/23,1.230,1.243,1.227,1.236,175019387,216218832.00
2021/04/26,1.247,1.251,1.220,1.224,236707790,292134752.00
2021/04/27,1.222,1.229,1.219,1.226,112975919,138442720.00
2021/04/28,1.226,1.229,1.216,1.224,106171133,129626464.00
2021/04/29,1.225,1.248,1.224,1.247,204367493,253401856.00
2021/04/30,1.245,1.246,1.218,1.226,254610165,313106272.00
2021/05/06,1.230,1.247,1.226,1.239,177944669,220616240.00
2021/05/07,1.240,1.264,1.237,1.255,195813751,245485424.00
2021/05/10,1.255,1.255,1.232,1.245,163926105,203207088.00
2021/05/11,1.240,1.250,1.237,1.249,128264899,159757328.00
2021/05/12,1.243,1.265,1.243,1.254,169371642,212611872.00
2021/05/13,1.249,1.259,1.243,1.246,231971259,289621312.00
2021/05/14,1.248,1.268,1.240,1.265,239874400,300948896.00
2021/05/17,1.263,1.279,1.259,1.268,276846960,350939104.00
2021/05/18,1.267,1.269,1.259,1.264,136476325,172411536.00
2021/05/19,1.261,1.263,1.242,1.248,185997003,232233152.00
2021/05/20,1.245,1.259,1.237,1.258,212923791,266043632.00
2021/05/21,1.257,1.262,1.240,1.244,169112495,210980528.00
2021/05/24,1.241,1.251,1.240,1.243,149968847,186639888.00
2021/05/25,1.244,1.291,1.241,1.286,365451473,463538240.00
2021/05/26,1.287,1.305,1.286,1.298,242533192,314187648.00
2021/05/27,1.295,1.299,1.279,1.292,278675204,358847072.00
2021/05/28,1.290,1.300,1.284,1.294,249586796,321954080.00
2021/05/31,1.288,1.289,1.275,1.285,196599387,251696736.00
2021/06/01,1.280,1.280,1.268,1.274,279357800,355364064.00
2021/06/02,1.275,1.276,1.262,1.275,228934956,290449856.00
2021/06/03,1.272,1.285,1.267,1.269,243793278,310686592.00
2021/06/04,1.269,1.296,1.266,1.284,332916711,426485120.00
2021/06/07,1.284,1.285,1.268,1.276,233845400,297623296.00
2021/06/08,1.273,1.282,1.264,1.273,206270652,262164560.00
2021/06/09,1.269,1.277,1.267,1.269,221783364,281905600.00
2021/06/10,1.270,1.282,1.267,1.268,227820000,289993888.00
2021/06/11,1.270,1.272,1.244,1.249,283975305,356099904.00
2021/06/15,1.244,1.248,1.230,1.237,152031868,188011792.00
2021/06/16,1.236,1.250,1.233,1.242,191430407,237925792.00
2021/06/17,1.242,1.250,1.235,1.238,177400696,220216512.00
2021/06/18,1.233,1.239,1.222,1.227,217167115,266545888.00
2021/06/21,1.227,1.228,1.209,1.213,230924214,280548864.00
2021/06/22,1.215,1.230,1.215,1.228,227901251,279232352.00
2021/06/23,1.226,1.231,1.222,1.226,158326096,194088944.00
2021/06/24,1.227,1.239,1.221,1.231,193463500,237406528.00
2021/06/25,1.231,1.250,1.230,1.247,249732796,310156192.00
2021/06/28,1.246,1.247,1.221,1.226,354513100,435266848.00
2021/06/29,1.222,1.229,1.216,1.219,296106700,361185536.00
2021/06/30,1.222,1.233,1.220,1.230,192197996,236090736.00
2021/07/01,1.233,1.249,1.228,1.248,322413296,400174912.00
2021/07/02,1.240,1.240,1.218,1.225,210426100,257819648.00
2021/07/05,1.223,1.225,1.205,1.222,245012700,297325216.00
2021/07/06,1.220,1.238,1.218,1.236,216777004,266745184.00
2021/07/07,1.233,1.249,1.227,1.234,190467798,234982528.00
2021/07/08,1.241,1.248,1.197,1.201,577155070,697208192.00
2021/07/09,1.198,1.206,1.188,1.191,276001311,329828512.00
2021/07/12,1.198,1.204,1.181,1.185,413068400,491352480.00
2021/07/13,1.186,1.196,1.176,1.193,275008988,327032448.00
2021/07/14,1.189,1.189,1.165,1.170,357256179,418836064.00
2021/07/15,1.169,1.202,1.168,1.200,370826666,441634688.00
2021/07/16,1.195,1.205,1.191,1.197,158418966,189474688.00
2021/07/19,1.195,1.198,1.178,1.197,177728054,211272096.00
2021/07/20,1.188,1.194,1.177,1.180,223075666,263908928.00
2021/07/21,1.184,1.186,1.170,1.176,313717190,368529600.00
2021/07/22,1.174,1.193,1.173,1.183,277048090,328162560.00
2021/07/23,1.180,1.183,1.171,1.178,233850525,274920864.00
2021/07/26,1.171,1.174,1.136,1.139,365938200,421483296.00
2021/07/27,1.140,1.143,1.108,1.113,288161711,323571392.00
2021/07/28,1.112,1.129,1.111,1.124,201237405,225690032.00
2021/07/29,1.128,1.130,1.113,1.115,291817500,325892704.00
2021/07/30,1.112,1.112,1.093,1.102,241178560,265294016.00
2021/08/02,1.098,1.122,1.084,1.116,318689096,353219872.00
2021/08/03,1.110,1.113,1.102,1.110,207353137,229704160.00
2021/08/04,1.110,1.112,1.099,1.101,224655013,247802048.00
2021/08/05,1.099,1.107,1.094,1.098,157924660,173946960.00
2021/08/06,1.094,1.104,1.088,1.101,196798508,215967984.00
2021/08/09,1.100,1.139,1.098,1.131,399242001,450183776.00
2021/08/10,1.128,1.158,1.121,1.151,434678838,496611872.00
2021/08/11,1.150,1.175,1.149,1.162,439901292,511835328.00
2021/08/12,1.159,1.165,1.153,1.155,148648328,172100096.00
2021/08/13,1.155,1.158,1.148,1.158,133593225,154136224.00
2021/08/16,1.169,1.170,1.148,1.156,142371382,164691568.00
2021/08/17,1.154,1.165,1.118,1.144,263703282,304254112.00
2021/08/18,1.143,1.190,1.143,1.182,337837448,395751616.00
2021/08/19,1.180,1.180,1.156,1.159,249058000,289788160.00
2021/08/20,1.157,1.167,1.135,1.151,279881900,321357952.00
2021/08/23,1.149,1.161,1.149,1.153,289714256,334281792.00
2021/08/24,1.152,1.164,1.146,1.159,242976904,280711008.00
2021/08/25,1.159,1.159,1.143,1.146,183487400,210679504.00
2021/08/26,1.146,1.146,1.122,1.130,305820476,346475552.00
2021/08/27,1.129,1.140,1.128,1.131,253380563,287059712.00
2021/08/30,1.131,1.132,1.107,1.113,301439080,336283072.00
2021/08/31,1.114,1.132,1.112,1.131,221205198,248039936.00
2021/09/01,1.128,1.159,1.123,1.156,344422534,394231104.00
2021/09/02,1.155,1.168,1.152,1.164,416363845,484158720.00
2021/09/03,1.168,1.178,1.150,1.165,434306300,506661984.00
2021/09/06,1.162,1.176,1.159,1.169,299734471,350453856.00
2021/09/07,1.167,1.191,1.159,1.186,470057441,552940928.00
2021/09/08,1.185,1.198,1.181,1.184,281058221,333933248.00
2021/09/09,1.180,1.187,1.171,1.183,221902163,261657168.00
2021/09/10,1.182,1.218,1.180,1.206,625329342,753317888.00
2021/09/13,1.201,1.209,1.196,1.207,261619424,314783360.00
2021/09/14,1.207,1.212,1.170,1.173,504637261,598465728.00
2021/09/15,1.168,1.176,1.159,1.164,263390300,307336800.00
2021/09/16,1.163,1.169,1.150,1.153,236990622,274405216.00
2021/09/17,1.152,1.158,1.148,1.156,302324447,348457440.00
2021/09/22,1.130,1.135,1.118,1.132,463642815,521817280.00
2021/09/23,1.137,1.147,1.127,1.133,249879619,283546432.00
2021/09/24,1.131,1.134,1.120,1.123,378956400,426454880.00
2021/09/27,1.121,1.127,1.113,1.122,509380300,570206656.00
2021/09/28,1.121,1.146,1.120,1.143,470491191,534534592.00
2021/09/29,1.135,1.158,1.130,1.151,360977945,412541280.00
2021/09/30,1.149,1.149,1.134,1.140,273503006,311502592.00
2021/10/08,1.144,1.159,1.141,1.156,312192100,359614432.00
2021/10/11,1.161,1.192,1.161,1.182,572120248,676117184.00
2021/10/12,1.179,1.194,1.174,1.184,503737774,595782912.00
2021/10/13,1.183,1.186,1.168,1.181,276413974,325733568.00
2021/10/14,1.178,1.187,1.165,1.168,222545449,260991888.00
2021/10/15,1.168,1.183,1.168,1.179,217795413,256311504.00
2021/10/18,1.177,1.179,1.167,1.170,222050900,260103904.00
2021/10/19,1.171,1.184,1.169,1.178,191396700,225346672.00
2021/10/20,1.180,1.187,1.169,1.171,198044400,232549968.00
2021/10/21,1.177,1.198,1.177,1.194,612174132,728318848.00
2021/10/22,1.197,1.208,1.189,1.197,282492705,338499008.00
2021/10/25,1.182,1.198,1.181,1.195,305142987,363478368.00
2021/10/26,1.194,1.205,1.190,1.195,207405500,248306352.00
2021/10/27,1.191,1.193,1.175,1.186,300236298,355486912.00
2021/10/28,1.182,1.188,1.130,1.181,168413278,198531536.00
2021/10/29,1.182,1.185,1.170,1.174,150313424,176759808.00
2021/11/01,1.172,1.192,1.166,1.187,280453303,331521728.00
2021/11/02,1.186,1.190,1.146,1.153,719166466,832090112.00
2021/11/03,1.151,1.155,1.147,1.153,161888966,186493728.00
2021/11/04,1.154,1.155,1.142,1.148,303012901,347234496.00
2021/11/05,1.143,1.147,1.140,1.142,224571410,256829840.00
2021/11/08,1.141,1.143,1.135,1.139,440824600,501826080.00
2021/11/09,1.139,1.143,1.132,1.140,371129800,422224992.00
2021/11/10,1.138,1.139,1.127,1.136,380565801,430662880.00
2021/11/11,1.135,1.165,1.133,1.162,477660910,551552000.00
2021/11/12,1.162,1.168,1.158,1.160,193457363,224720144.00
2021/11/15,1.160,1.169,1.157,1.166,154004914,179315584.00
2021/11/16,1.165,1.170,1.154,1.159,194646347,226235488.00
2021/11/17,1.156,1.161,1.150,1.153,127206600,146778352.00
2021/11/18,1.151,1.153,1.142,1.143,133587391,153028160.00
2021/11/19,1.141,1.157,1.141,1.155,191967623,220751488.00
2021/11/22,1.153,1.154,1.144,1.147,216257599,248151728.00
2021/11/23,1.147,1.153,1.143,1.147,196355199,225353744.00
2021/11/24,1.147,1.149,1.141,1.147,226644299,259465264.00
2021/11/25,1.146,1.147,1.141,1.143,137220400,156914656.00
2021/11/26,1.143,1.144,1.134,1.135,213216748,242464928.00
2021/11/29,1.130,1.133,1.125,1.129,226854392,256120160.00
2021/11/30,1.131,1.133,1.124,1.127,171669900,193700256.00
2021/12/01,1.128,1.136,1.126,1.134,167659600,189866928.00
2021/12/02,1.131,1.142,1.127,1.138,224455300,254908432.00
2021/12/03,1.138,1.145,1.131,1.144,245499008,279697312.00
2021/12/06,1.145,1.161,1.145,1.151,461553600,532641088.00
2021/12/07,1.159,1.166,1.151,1.163,355898067,412676512.00
2021/12/08,1.161,1.166,1.155,1.162,314772727,365668832.00
2021/12/09,1.161,1.184,1.159,1.172,444603000,520712192.00
2021/12/10,1.166,1.176,1.163,1.169,243397700,284139712.00
2021/12/13,1.171,1.182,1.160,1.161,320427541,374755200.00
2021/12/14,1.157,1.161,1.145,1.147,264016400,303612576.00
2021/12/15,1.145,1.150,1.142,1.149,159626259,182772448.00
2021/12/16,1.149,1.154,1.144,1.154,239400500,275503072.00
2021/12/17,1.153,1.155,1.147,1.150,183379300,210977344.00
2021/12/20,1.145,1.154,1.143,1.148,227158556,260986032.00
2021/12/21,1.145,1.157,1.145,1.154,256913000,296067488.00
2021/12/22,1.155,1.156,1.143,1.145,208294414,238961600.00
2021/12/23,1.145,1.146,1.141,1.144,124764900,142628176.00
2021/12/24,1.145,1.146,1.138,1.140,270080600,307808640.00
2021/12/27,1.140,1.141,1.131,1.135,285301900,323814752.00
2021/12/28,1.135,1.141,1.134,1.138,212320943,241537104.00
2021/12/29,1.139,1.140,1.127,1.128,297467395,336686816.00
2021/12/30,1.127,1.136,1.127,1.133,265468900,300627552.00
2021/12/31,1.133,1.135,1.130,1.132,261554000,296176480.00
2022/01/04,1.133,1.137,1.123,1.136,376850700,425749760.00
2022/01/05,1.135,1.159,1.133,1.153,656110080,754260096.00
2022/01/06,1.150,1.155,1.145,1.149,313871217,360859840.00
2022/01/07,1.149,1.166,1.148,1.164,390626700,453234400.00
2022/01/10,1.169,1.176,1.159,1.170,520508811,607157632.00
2022/01/11,1.172,1.188,1.168,1.183,388749119,458998880.00
2022/01/12,1.184,1.186,1.172,1.180,439427402,518506464.00
2022/01/13,1.177,1.194,1.175,1.181,502999183,596042816.00
2022/01/14,1.179,1.180,1.153,1.155,328963400,381607232.00
2022/01/17,1.153,1.163,1.148,1.154,228898000,264271840.00
2022/01/18,1.155,1.178,1.153,1.178,341711695,398974368.00
2022/01/19,1.175,1.186,1.175,1.184,383262913,453070048.00
2022/01/20,1.184,1.214,1.183,1.206,471187100,566068416.00
2022/01/21,1.203,1.207,1.196,1.201,379426483,455715648.00
2022/01/24,1.200,1.205,1.187,1.199,209883284,251146896.00
2022/01/25,1.195,1.195,1.180,1.181,329529000,391279968.00
2022/01/26,1.181,1.185,1.176,1.181,257373900,303809888.00
2022/01/27,1.180,1.186,1.171,1.175,288675200,340059712.00
2022/01/28,1.179,1.183,1.161,1.162,425942565,498943104.00
2022/02/07,1.173,1.198,1.171,1.195,579336298,686514240.00
2022/02/08,1.194,1.215,1.191,1.214,490496591,592514240.00
2022/02/09,1.213,1.220,1.204,1.208,345298163,418149024.00
2022/02/10,1.208,1.223,1.200,1.222,262999014,318529408.00
2022/02/11,1.217,1.237,1.217,1.228,441015700,542167232.00
2022/02/14,1.227,1.228,1.197,1.201,294230964,354970368.00
2022/02/15,1.201,1.206,1.181,1.188,285626300,339977440.00
2022/02/16,1.190,1.204,1.189,1.199,236011052,282541856.00
2022/02/17,1.199,1.211,1.195,1.202,255615892,307613952.00
2022/02/18,1.196,1.216,1.196,1.215,223546077,270065952.00
2022/02/21,1.212,1.212,1.198,1.211,228988200,276102784.00
2022/02/22,1.203,1.210,1.199,1.205,193540091,232851616.00
2022/02/23,1.205,1.206,1.191,1.195,222761600,266185728.00
2022/02/24,1.191,1.194,1.175,1.178,261834951,310051872.00
2022/02/25,1.181,1.185,1.169,1.172,298068590,349979008.00
2022/02/28,1.169,1.173,1.160,1.172,202495605,236393472.00
2022/03/01,1.173,1.184,1.167,1.183,209391518,246254384.00
2022/03/02,1.174,1.183,1.172,1.178,209569737,246880400.00
2022/03/03,1.180,1.189,1.179,1.186,263747160,312604192.00
2022/03/04,1.180,1.181,1.170,1.174,227105200,266903648.00
2022/03/07,1.165,1.169,1.149,1.151,338308391,391797312.00
2022/03/08,1.149,1.152,1.125,1.127,296298528,337920672.00
2022/03/09,1.130,1.134,1.082,1.110,558946800,619747968.00
2022/03/10,1.125,1.129,1.117,1.122,466972000,524484448.00
2022/03/11,1.110,1.128,1.099,1.126,386372000,429978272.00
2022/03/14,1.112,1.123,1.095,1.097,451019291,498563072.00
2022/03/15,1.090,1.091,1.045,1.047,622595846,663141504.00
2022/03/16,1.059,1.090,1.042,1.084,488712434,522073120.00
2022/03/17,1.096,1.107,1.087,1.095,429042093,470828480.00
2022/03/18,1.090,1.122,1.070,1.118,422507230,469901312.00
2022/03/21,1.115,1.119,1.100,1.104,218090405,241583984.00
2022/03/22,1.104,1.130,1.103,1.123,413754352,463836288.00
2022/03/23,1.123,1.123,1.110,1.116,159089500,177603680.00
2022/03/24,1.110,1.124,1.108,1.119,174893500,195480304.00
2022/03/25,1.119,1.129,1.115,1.118,178734115,200515328.00
2022/03/28,1.113,1.129,1.101,1.122,206593145,230996032.00
2022/03/29,1.125,1.131,1.121,1.126,149706033,168541104.00
2022/03/30,1.127,1.142,1.125,1.140,261545133,296705568.00
2022/03/31,1.137,1.162,1.134,1.155,300178078,346236416.00
2022/04/01,1.149,1.178,1.147,1.178,366235029,428151136.00
2022/04/06,1.170,1.204,1.168,1.195,385251200,459679296.00
2022/04/07,1.193,1.204,1.179,1.184,307604238,366075680.00
2022/04/08,1.181,1.193,1.177,1.192,341030805,404337632.00
2022/04/11,1.187,1.188,1.170,1.176,361612280,425560288.00
2022/04/12,1.174,1.187,1.163,1.176,291517231,341395008.00
2022/04/13,1.173,1.188,1.172,1.179,175898108,207870176.00
2022/04/14,1.188,1.191,1.173,1.175,355137748,418970656.00
2022/04/15,1.171,1.195,1.168,1.194,379221200,448987552.00
2022/04/18,1.180,1.180,1.157,1.161,280559900,326626976.00
2022/04/19,1.156,1.162,1.143,1.158,234047400,269653728.00
2022/04/20,1.155,1.161,1.146,1.148,173153328,199318560.00
2022/04/21,1.144,1.161,1.137,1.143,211236728,243091904.00
2022/04/22,1.136,1.167,1.136,1.164,249155400,288518528.00
2022/04/25,1.149,1.153,1.113,1.114,353438128,400751200.00
2022/04/26,1.116,1.126,1.108,1.112,316378600,353199264.00
2022/04/27,1.107,1.122,1.103,1.114,342561900,381142592.00
2022/04/28,1.111,1.133,1.110,1.130,295127814,331862688.00
2022/04/29,1.129,1.137,1.111,1.135,356509700,400081024.00
2022/05/05,1.128,1.135,1.120,1.126,221264001,249000576.00
2022/05/06,1.116,1.117,1.100,1.102,266766100,295190400.00
2022/05/09,1.098,1.099,1.082,1.087,163670146,178386080.00
2022/05/10,1.081,1.099,1.071,1.095,266319100,289645568.00
2022/05/11,1.094,1.099,1.089,1.091,278232836,304401760.00
2022/05/12,1.087,1.090,1.082,1.084,204978000,222409664.00
2022/05/13,1.089,1.101,1.088,1.098,210705101,230978528.00
2022/05/16,1.098,1.100,1.082,1.089,232263100,252287472.00
2022/05/17,1.090,1.103,1.087,1.098,212034100,232245232.00
2022/05/18,1.100,1.101,1.085,1.091,260820601,284182176.00
2022/05/19,1.082,1.085,1.079,1.085,202844649,219662224.00
2022/05/20,1.087,1.101,1.087,1.101,307736838,337249280.00
2022/05/23,1.100,1.101,1.092,1.095,195260500,213914064.00
2022/05/24,1.095,1.098,1.083,1.084,190840183,207927664.00
2022/05/25,1.083,1.090,1.083,1.089,145720100,158353952.00
2022/05/26,1.089,1.090,1.080,1.087,296194355,321950304.00
2022/05/27,1.088,1.097,1.088,1.093,238489969,260701104.00
2022/05/30,1.093,1.095,1.082,1.087,204731869,222464448.00
2022/05/31,1.085,1.091,1.081,1.090,252757747,275104384.00
2022/06/01,1.089,1.090,1.081,1.086,217805900,236221584.00
2022/06/02,1.084,1.084,1.076,1.080,296774657,319998816.00
2022/06/06,1.078,1.081,1.065,1.081,494549909,529350592.00
2022/06/07,1.078,1.093,1.074,1.089,502651249,545642816.00
2022/06/08,1.090,1.096,1.085,1.096,592492249,645345792.00
2022/06/09,1.092,1.110,1.092,1.108,569567636,628957056.00
2022/06/10,1.102,1.115,1.100,1.111,331721388,367233568.00
2022/06/13,1.105,1.106,1.085,1.090,302961519,331096320.00
2022/06/14,1.086,1.109,1.082,1.108,451895900,494945856.00
2022/06/15,1.109,1.143,1.107,1.126,628630485,708771840.00
2022/06/16,1.126,1.129,1.111,1.113,350002692,391247296.00
2022/06/17,1.110,1.119,1.103,1.114,308937856,343084768.00
2022/06/20,1.112,1.112,1.103,1.106,326634296,361445760.00
2022/06/21,1.106,1.118,1.104,1.116,267181000,297287872.00
2022/06/22,1.115,1.116,1.101,1.102,232114600,256887328.00
2022/06/23,1.102,1.110,1.102,1.110,339999200,376116992.00
2022/06/24,1.109,1.113,1.102,1.109,362080000,400399104.00
2022/06/27,1.109,1.121,1.107,1.119,711941129,794081344.00
2022/06/28,1.117,1.126,1.115,1.125,370660112,415376640.00
2022/06/29,1.123,1.135,1.121,1.127,409440166,462513408.00
2022/06/30,1.127,1.143,1.124,1.141,329142742,373738528.00
2022/07/01,1.139,1.140,1.131,1.133,228790151,259399536.00
2022/07/04,1.130,1.133,1.125,1.128,308942200,348477248.00
2022/07/05,1.129,1.138,1.125,1.128,293330800,331724928.00
2022/07/06,1.126,1.128,1.109,1.114,435618622,485605088.00
2022/07/07,1.113,1.117,1.109,1.112,190857900,212540176.00
2022/07/08,1.114,1.117,1.109,1.114,208725400,232331600.00
2022/07/11,1.112,1.115,1.109,1.114,354384700,393950336.00
2022/07/12,1.114,1.125,1.113,1.119,349589200,391447040.00
2022/07/13,1.118,1.118,1.091,1.094,690318878,758609344.00
2022/07/14,1.088,1.088,1.060,1.071,789982100,844578112.00
2022/07/15,1.072,1.081,1.062,1.062,408249971,437462112.00
2022/07/18,1.065,1.078,1.065,1.076,360238604,386503936.00
2022/07/19,1.073,1.082,1.072,1.080,275004957,296372896.00
2022/07/20,1.082,1.086,1.081,1.082,220741000,239230864.00
2022/07/21,1.081,1.083,1.069,1.070,357081678,383491360.00
2022/07/22,1.072,1.078,1.066,1.074,221876384,237833952.00
2022/07/25,1.071,1.077,1.068,1.076,258136679,277079552.00
2022/07/26,1.075,1.086,1.075,1.085,233721979,252887328.00
2022/07/27,1.084,1.085,1.078,1.080,172104179,186065024.00
2022/07/28,1.082,1.085,1.077,1.079,177224850,191538912.00
2022/07/29,1.078,1.082,1.066,1.066,468827034,502808192.00
2022/08/01,1.066,1.067,1.058,1.060,291778358,309482400.00
2022/08/02,1.056,1.056,1.035,1.043,307572823,320316032.00
2022/08/03,1.042,1.049,1.031,1.034,370130900,383982080.00
2022/08/04,1.037,1.042,1.035,1.042,346177491,359594816.00
2022/08/05,1.042,1.054,1.038,1.053,265087600,277031008.00
2022/08/08,1.051,1.056,1.045,1.048,163281700,171276592.00
2022/08/09,1.048,1.048,1.041,1.042,180617100,188415888.00
2022/08/10,1.041,1.045,1.033,1.034,217803500,225863344.00
2022/08/11,1.038,1.056,1.035,1.054,370491002,387935232.00
2022/08/12,1.050,1.057,1.048,1.056,205788882,216566976.00
2022/08/15,1.051,1.055,1.042,1.043,211696782,221459168.00
2022/08/16,1.043,1.048,1.041,1.045,170828282,178429056.00
2022/08/17,1.045,1.055,1.040,1.054,293524600,307705920.00
2022/08/18,1.052,1.052,1.041,1.044,165922100,173270960.00
2022/08/19,1.042,1.052,1.041,1.046,230863320,241849184.00
2022/08/22,1.043,1.051,1.042,1.047,200739581,210242224.00
2022/08/23,1.045,1.045,1.036,1.039,199400300,207159648.00
2022/08/24,1.038,1.043,1.034,1.034,264017756,274091680.00
2022/08/25,1.034,1.049,1.032,1.047,299140100,310478304.00
2022/08/26,1.046,1.053,1.042,1.049,192802500,201879376.00
2022/08/29,1.042,1.043,1.034,1.039,199630947,206994800.00
2022/08/30,1.039,1.045,1.035,1.044,219381800,228386368.00
2022/08/31,1.040,1.063,1.039,1.058,376370322,396630208.00
2022/09/01,1.055,1.062,1.053,1.055,182690500,193226880.00
2022/09/02,1.055,1.061,1.050,1.054,163144600,172050768.00
2022/09/05,1.054,1.057,1.045,1.056,136127600,142975824.00
2022/09/06,1.056,1.063,1.051,1.055,206196100,217768208.00
2022/09/07,1.052,1.052,1.044,1.048,161190800,168654480.00
2022/09/08,1.048,1.055,1.046,1.051,199241500,209426448.00
2022/09/09,1.052,1.071,1.052,1.070,351326630,374674080.00
2022/09/13,1.070,1.082,1.065,1.076,277829544,299114560.00
2022/09/14,1.069,1.076,1.067,1.068,172115500,184393584.00
2022/09/15,1.072,1.084,1.072,1.080,264978697,285966816.00
2022/09/16,1.076,1.079,1.061,1.062,218334088,233269280.00
2022/09/19,1.062,1.066,1.058,1.063,165495400,175678416.00
2022/09/20,1.064,1.065,1.051,1.053,180989004,191075616.00
2022/09/21,1.051,1.063,1.046,1.057,171204500,180484128.00
2022/09/22,1.051,1.055,1.049,1.054,151120600,158867936.00
2022/09/23,1.052,1.064,1.051,1.058,227681872,241077536.00
2022/09/26,1.054,1.061,1.042,1.042,207874245,218206096.00
2022/09/27,1.042,1.048,1.035,1.047,176844200,183958432.00
2022/09/28,1.045,1.053,1.038,1.048,265206000,277770208.00
2022/09/29,1.051,1.055,1.033,1.037,341146014,356212064.00
2022/09/30,1.037,1.046,1.036,1.042,328885232,342837824.00
2022/10/10,1.039,1.039,1.026,1.027,212390015,218765792.00
2022/10/11,1.028,1.033,1.023,1.025,149553881,153565136.00
2022/10/12,1.026,1.028,1.015,1.028,190713531,194703680.00
2022/10/13,1.025,1.025,1.010,1.013,242552600,245970592.00
2022/10/14,1.017,1.027,1.017,1.026,284490768,291381152.00
2022/10/17,1.018,1.023,1.014,1.022,222735951,227009872.00
2022/10/18,1.025,1.028,1.017,1.020,311440286,318221120.00
2022/10/19,1.018,1.022,1.008,1.010,306692686,311043296.00
2022/10/20,1.006,1.011,1.005,1.007,250341200,252205136.00
2022/10/21,1.007,1.010,1.000,1.003,201289800,202339792.00
2022/10/24,1.001,1.002,0.972,0.973,467613400,460457216.00
2022/10/25,0.974,0.980,0.968,0.973,232025085,225851216.00
2022/10/26,0.972,0.976,0.961,0.964,296891600,287259136.00
2022/10/27,0.966,0.969,0.961,0.964,236047400,227760608.00
2022/10/28,0.960,0.966,0.953,0.954,182589300,175096640.00
2022/10/31,0.949,0.952,0.940,0.944,267073868,252501424.00
2022/11/01,0.945,0.960,0.945,0.959,199519881,189874960.00
2022/11/02,0.956,0.962,0.949,0.960,337723700,322419776.00
2022/11/03,0.952,0.954,0.947,0.952,126480200,120259624.00
2022/11/04,0.951,0.972,0.950,0.968,290035400,279546144.00
2022/11/07,0.964,0.970,0.961,0.970,246198000,237663600.00
2022/11/08,0.968,0.971,0.963,0.967,232669701,225004688.00
2022/11/09,0.966,0.974,0.966,0.967,263863400,255804064.00
2022/11/10,0.964,0.970,0.959,0.970,193754200,186920912.00
2022/11/11,0.983,1.010,0.976,1.001,508378954,504514432.00
2022/11/14,1.011,1.033,1.011,1.022,497951733,510481088.00
2022/11/15,1.020,1.034,1.016,1.026,227699433,233341120.00
2022/11/16,1.024,1.024,1.016,1.016,156608900,159614304.00
2022/11/17,1.013,1.016,1.006,1.012,179575200,181377920.00
2022/11/18,1.014,1.014,1.004,1.008,155752200,156886672.00
2022/11/21,1.002,1.003,0.992,1.002,131408200,131106440.00
2022/11/22,1.004,1.025,1.002,1.020,258309905,262364480.00
2022/11/23,1.018,1.036,1.017,1.023,218036504,224336384.00
2022/11/24,1.028,1.033,1.018,1.022,129318700,132410760.00
2022/11/25,1.022,1.049,1.020,1.045,339470279,353049216.00
2022/11/28,1.033,1.033,1.018,1.028,207446486,212359216.00
2022/11/29,1.037,1.080,1.037,1.073,635520146,675313920.00
2022/11/30,1.073,1.081,1.066,1.067,219808837,235562608.00
2022/12/01,1.086,1.088,1.060,1.062,234907079,251400352.00
2022/12/02,1.061,1.063,1.046,1.054,173253142,182480288.00
2022/12/05,1.061,1.085,1.060,1.081,449995360,483054528.00
2022/12/06,1.077,1.083,1.072,1.080,183807071,198051152.00
2022/12/07,1.077,1.082,1.068,1.071,233229500,250424512.00
2022/12/08,1.070,1.084,1.067,1.078,114663100,123341936.00
2022/12/09,1.080,1.095,1.077,1.090,189168613,205591664.00
2022/12/12,1.083,1.085,1.065,1.068,192423981,206490304.00
2022/12/13,1.065,1.079,1.065,1.076,99880859,107282560.00
2022/12/14,1.077,1.084,1.070,1.079,119264066,128417824.00
2022/12/15,1.077,1.080,1.066,1.068,217324966,232389024.00
2022/12/16,1.063,1.082,1.063,1.078,161600581,174006432.00
2022/12/19,1.080,1.084,1.060,1.062,125763181,134850304.00
2022/12/20,1.061,1.065,1.043,1.048,133775100,141132640.00
2022/12/21,1.048,1.060,1.048,1.053,158909900,167559920.00
2022/12/22,1.058,1.066,1.054,1.056,168312200,178284048.00
2022/12/23,1.052,1.061,1.050,1.054,186196200,196071248.00
2022/12/26,1.051,1.056,1.047,1.048,96821000,101763824.00
2022/12/27,1.053,1.069,1.053,1.068,118892122,126488688.00
2022/12/28,1.065,1.081,1.064,1.077,140261100,150747776.00
2022/12/29,1.072,1.075,1.061,1.071,207346400,221619536.00
2022/12/30,1.072,1.082,1.071,1.078,163053300,175872576.00
2023/01/03,1.077,1.085,1.065,1.083,120749500,130090688.00
2023/01/04,1.081,1.108,1.081,1.103,254414777,279577376.00
2023/01/05,1.103,1.113,1.100,1.104,208656277,230533792.00
2023/01/06,1.103,1.107,1.093,1.101,162501447,178537760.00
2023/01/09,1.101,1.107,1.096,1.102,230488400,254317904.00
2023/01/10,1.102,1.102,1.087,1.090,184902900,201982128.00
2023/01/11,1.090,1.103,1.089,1.098,249682050,274214080.00
2023/01/12,1.101,1.102,1.092,1.100,106459050,116694600.00
2023/01/13,1.099,1.111,1.098,1.111,147571500,162957424.00
2023/01/16,1.111,1.126,1.109,1.113,206596059,230565952.00
2023/01/17,1.111,1.116,1.106,1.112,181956906,201933280.00
2023/01/18,1.112,1.117,1.108,1.113,131992300,146813584.00
2023/01/19,1.110,1.115,1.103,1.114,176528700,195824832.00
2023/01/20,1.115,1.116,1.111,1.115,144786506,161260080.00
2023/01/30,1.129,1.132,1.117,1.119,269030400,302124128.00
2023/01/31,1.119,1.125,1.107,1.109,158167300,176561856.00
2023/02/01,1.110,1.112,1.095,1.106,232820500,256554880.00
2023/02/02,1.107,1.108,1.093,1.097,274791450,301172384.00
2023/02/03,1.093,1.096,1.082,1.088,327212500,355297472.00
2023/02/06,1.081,1.082,1.073,1.076,224264100,241210720.00
2023/02/07,1.077,1.085,1.077,1.081,278419100,300689312.00
2023/02/08,1.081,1.085,1.077,1.079,113102700,122200304.00
2023/02/09,1.077,1.086,1.076,1.083,188829200,204416160.00
2023/02/10,1.081,1.083,1.076,1.083,127451300,137573664.00
2023/02/13,1.083,1.083,1.067,1.074,310141200,332663968.00
2023/02/14,1.074,1.078,1.072,1.076,223509700,240119216.00
2023/02/15,1.075,1.076,1.065,1.067,200009000,213614080.00
2023/02/16,1.066,1.076,1.063,1.067,252156800,269982592.00
2023/02/17,1.065,1.068,1.055,1.059,163476300,173619616.00
2023/02/20,1.060,1.085,1.059,1.084,316888841,340587040.00
2023/02/21,1.084,1.086,1.079,1.086,190705198,206515360.00
2023/02/22,1.082,1.083,1.076,1.078,123397900,133172264.00
2023/02/23,1.078,1.086,1.077,1.079,118153861,127675112.00
2023/02/24,1.078,1.079,1.069,1.070,198145400,212366496.00
2023/02/27,1.068,1.070,1.064,1.066,98788800,105358152.00
2023/02/28,1.067,1.069,1.061,1.069,102983800,109656832.00
2023/03/01,1.067,1.081,1.067,1.079,166973800,179890160.00
2023/03/02,1.079,1.087,1.077,1.083,167874100,181709072.00
2023/03/03,1.086,1.096,1.082,1.094,296933071,323766752.00
2023/03/06,1.094,1.095,1.076,1.077,225731900,244162896.00
2023/03/07,1.075,1.099,1.073,1.078,316203445,343885056.00
2023/03/08,1.072,1.073,1.064,1.071,197993337,211423552.00
2023/03/09,1.070,1.076,1.065,1.067,145499969,155587328.00
2023/03/10,1.061,1.064,1.050,1.050,190260000,201009440.00
2023/03/13,1.049,1.056,1.045,1.053,160157000,168200992.00
2023/03/14,1.047,1.053,1.041,1.045,154149037,161184432.00
2023/03/15,1.050,1.060,1.050,1.056,174217600,183915952.00
2023/03/16,1.052,1.069,1.049,1.057,220513869,233814080.00
2023/03/17,1.061,1.069,1.053,1.058,268392100,284855488.00
2023/03/20,1.058,1.066,1.052,1.052,186782500,197759936.00
2023/03/21,1.053,1.061,1.047,1.050,176187831,185192624.00
2023/03/22,1.052,1.061,1.050,1.059,151503200,160104544.00
2023/03/23,1.056,1.067,1.053,1.066,198439800,210866208.00
2023/03/24,1.063,1.064,1.054,1.056,127208500,134593072.00
2023/03/27,1.051,1.055,1.043,1.045,195639700,204622976.00
2023/03/28,1.047,1.052,1.044,1.049,142937200,149805744.00
2023/03/29,1.051,1.054,1.045,1.046,154606500,161828208.00
2023/03/30,1.048,1.055,1.042,1.054,158083800,165773088.00
2023/03/31,1.053,1.059,1.047,1.050,135433400,142516256.00
2023/04/03,1.050,1.053,1.046,1.052,235076900,246706880.00
2023/04/04,1.050,1.058,1.048,1.058,343754600,362514368.00
2023/04/06,1.055,1.056,1.050,1.052,142969351,150389776.00
2023/04/07,1.053,1.057,1.051,1.055,144423044,152332800.00
2023/04/10,1.056,1.059,1.052,1.058,286334418,302531904.00
2023/04/11,1.057,1.059,1.051,1.055,143971400,151836192.00
2023/04/12,1.055,1.062,1.054,1.057,179578401,189856384.00
2023/04/13,1.056,1.072,1.052,1.067,338617314,360344512.00
2023/04/14,1.067,1.077,1.065,1.071,315930600,338386048.00
2023/04/17,1.071,1.094,1.067,1.091,287658450,311037376.00
2023/04/18,1.090,1.109,1.089,1.101,362341498,399180544.00
2023/04/19,1.103,1.109,1.095,1.099,237994726,262326432.00
2023/04/20,1.099,1.105,1.087,1.097,329991403,361139360.00
2023/04/21,1.095,1.105,1.084,1.084,229658194,251582400.00
2023/04/24,1.083,1.093,1.075,1.077,193260122,209167264.00
2023/04/25,1.076,1.097,1.076,1.096,267394199,291530112.00
2023/04/26,1.095,1.095,1.072,1.085,238988482,258498880.00
2023/04/27,1.082,1.087,1.074,1.085,194448203,209927200.00
2023/04/28,1.084,1.104,1.082,1.095,217446540,238450000.00
2023/05/04,1.089,1.128,1.080,1.127,315250883,350581984.00
2023/05/05,1.126,1.154,1.124,1.137,463124200,528608896.00
2023/05/08,1.141,1.198,1.139,1.185,1192421597,1400579840.00
2023/05/09,1.193,1.206,1.168,1.171,841537113,998363328.00
2023/05/10,1.168,1.168,1.130,1.139,601091989,686799104.00
2023/05/11,1.139,1.152,1.128,1.133,290664411,330861728.00
2023/05/12,1.133,1.137,1.120,1.121,272631812,307270240.00
2023/05/15,1.119,1.140,1.105,1.135,467829172,524504416.00
2023/05/16,1.132,1.150,1.128,1.131,382622859,435473792.00
2023/05/17,1.128,1.136,1.120,1.123,172913400,194685520.00
2023/05/18,1.126,1.144,1.125,1.136,381018286,432290848.00
2023/05/19,1.131,1.131,1.117,1.118,187327116,210227216.00
2023/05/22,1.115,1.128,1.114,1.121,171406016,192237872.00
2023/05/23,1.121,1.126,1.100,1.101,309200171,342400800.00
2023/05/24,1.100,1.101,1.077,1.079,253198060,274789632.00
2023/05/25,1.076,1.076,1.066,1.075,307802240,329706400.00
2023/05/26,1.073,1.087,1.070,1.085,180419840,194601120.00
2023/05/29,1.086,1.093,1.079,1.086,184850100,200548176.00
2023/05/30,1.084,1.088,1.073,1.082,270668376,292202304.00
2023/05/31,1.077,1.080,1.072,1.074,202985439,218374464.00
2023/06/01,1.074,1.081,1.069,1.071,274589400,294812512.00
2023/06/02,1.073,1.086,1.072,1.085,249506900,269647520.00
2023/06/05,1.086,1.098,1.080,1.093,153197549,166929264.00
2023/06/06,1.091,1.108,1.087,1.090,270361364,296577408.00
2023/06/07,1.092,1.106,1.092,1.103,211735300,233000944.00
2023/06/08,1.102,1.123,1.096,1.120,576253300,642790784.00
2023/06/09,1.119,1.122,1.114,1.115,320245900,357764672.00
2023/06/12,1.116,1.117,1.098,1.099,179566100,198185104.00
2023/06/13,1.098,1.107,1.097,1.103,245378410,270644224.00
2023/06/14,1.104,1.108,1.086,1.087,569680790,622184576.00
2023/06/15,1.088,1.097,1.086,1.094,219869300,239848320.00
2023/06/16,1.093,1.098,1.091,1.093,214410800,234467936.00
2023/06/19,1.091,1.091,1.077,1.078,172307900,186338944.00
2023/06/20,1.077,1.081,1.073,1.074,154045800,165870800.00
2023/06/21,1.073,1.086,1.071,1.074,187498579,202348672.00
2023/06/26,1.071,1.071,1.055,1.057,170829175,181140416.00
2023/06/27,1.059,1.070,1.055,1.069,241631961,257232544.00
2023/06/28,1.067,1.074,1.065,1.071,128196636,137038288.00
2023/06/29,1.070,1.071,1.063,1.066,115068436,122581120.00
2023/06/30,1.065,1.075,1.064,1.074,142482300,152650560.00
2023/07/03,1.075,1.091,1.073,1.090,255916500,277158208.00
2023/07/04,1.088,1.089,1.077,1.080,163059700,176369600.00
2023/07/05,1.078,1.079,1.071,1.073,184247100,197867360.00
2023/07/06,1.070,1.074,1.062,1.065,239961700,256261648.00
2023/07/07,1.064,1.069,1.062,1.065,147587889,157155008.00
2023/07/10,1.067,1.070,1.062,1.066,157361800,167642960.00
2023/07/11,1.066,1.072,1.066,1.072,162934900,174309184.00
2023/07/12,1.072,1.083,1.070,1.076,173191289,186760160.00
2023/07/13,1.081,1.091,1.078,1.091,162428728,176393360.00
2023/07/14,1.091,1.097,1.088,1.094,182182872,199064352.00
2023/07/17,1.091,1.092,1.083,1.087,121507000,131896192.00
2023/07/18,1.087,1.089,1.082,1.084,82610300,89622752.00
2023/07/19,1.084,1.089,1.079,1.089,103212400,111900672.00
2023/07/20,1.089,1.098,1.088,1.090,113885200,124509232.00
2023/07/21,1.091,1.095,1.089,1.093,118375700,129271632.00
2023/07/24,1.092,1.092,1.085,1.088,192367800,209164352.00
2023/07/25,1.098,1.118,1.098,1.118,280802100,312184576.00
2023/07/26,1.116,1.122,1.112,1.117,174115900,194186208.00
2023/07/27,1.118,1.133,1.116,1.126,249715679,281506688.00
2023/07/28,1.121,1.165,1.121,1.160,379254000,435598304.00
2023/07/31,1.164,1.183,1.160,1.168,322289268,376818976.00
2023/08/01,1.165,1.172,1.158,1.161,224213994,260802576.00
2023/08/02,1.155,1.157,1.135,1.139,252645000,289029632.00
2023/08/03,1.138,1.157,1.136,1.156,285086000,327516608.00
2023/08/04,1.161,1.173,1.154,1.160,361863760,420580736.00
2023/08/07,1.152,1.155,1.145,1.149,166132560,190838352.00
2023/08/08,1.147,1.152,1.139,1.143,137867389,157941904.00
2023/08/09,1.140,1.149,1.139,1.147,133288400,152766480.00
2023/08/10,1.145,1.148,1.137,1.146,96808100,110566616.00
2023/08/11,1.144,1.150,1.122,1.123,164567200,186504448.00
2023/08/14,1.115,1.118,1.103,1.109,229930500,254870464.00
2023/08/15,1.109,1.126,1.107,1.121,306193690,341994944.00
2023/08/16,1.116,1.124,1.111,1.118,149220000,166933648.00
2023/08/17,1.114,1.116,1.102,1.111,194279800,215496096.00
2023/08/18,1.111,1.130,1.109,1.114,174792119,195909056.00
2023/08/21,1.116,1.118,1.097,1.099,184379900,203983984.00
2023/08/22,1.101,1.112,1.101,1.110,122445000,135354144.00
2023/08/23,1.107,1.116,1.106,1.107,176003810,195667104.00
2023/08/24,1.108,1.111,1.097,1.104,132984600,146655472.00
2023/08/25,1.101,1.117,1.099,1.113,301981800,335103232.00
2023/08/28,1.170,1.178,1.123,1.130,352571886,401923488.00
2023/08/29,1.124,1.129,1.105,1.116,294854859,328726560.00
2023/08/30,1.112,1.112,1.098,1.101,331681900,365959232.00
2023/08/31,1.101,1.110,1.095,1.097,301460633,331384896.00
2023/09/01,1.102,1.114,1.102,1.108,220933766,244535888.00
2023/09/04,1.110,1.130,1.110,1.128,223493796,251323344.00
2023/09/05,1.123,1.126,1.115,1.118,129636999,144971120.00
2023/09/06,1.114,1.121,1.111,1.121,142337975,158905616.00
2023/09/07,1.118,1.123,1.113,1.117,226043499,252755024.00
2023/09/08,1.114,1.115,1.109,1.112,96074700,106841376.00
2023/09/11,1.112,1.119,1.111,1.114,144254400,160733792.00
2023/09/12,1.113,1.115,1.111,1.112,77332433,86046192.00
2023/09/13,1.113,1.117,1.110,1.112,152952100,170231888.00
2023/09/14,1.113,1.125,1.113,1.124,204653100,229400048.00
2023/09/15,1.126,1.132,1.116,1.118,296858900,333435200.00
2023/09/18,1.116,1.120,1.111,1.119,164031200,183016224.00
2023/09/19,1.118,1.126,1.116,1.126,121522100,136376752.00
2023/09/20,1.125,1.132,1.121,1.130,132093391,149111088.00
2023/09/21,1.128,1.133,1.121,1.123,145114200,163405216.00
2023/09/22,1.121,1.136,1.118,1.135,294212299,332350016.00
2023/09/25,1.133,1.138,1.128,1.135,165140500,187284544.00
2023/09/26,1.134,1.138,1.128,1.132,134194000,151916000.00
2023/09/27,1.130,1.134,1.122,1.127,152556200,171842368.00
2023/09/28,1.126,1.129,1.124,1.124,111997900,126165600.00
2023/10/09,1.121,1.121,1.110,1.117,131997400,147225024.00
2023/10/10,1.121,1.127,1.115,1.117,119168194,133335576.00
2023/10/11,1.118,1.121,1.111,1.113,127337500,142119216.00
2023/10/12,1.128,1.133,1.121,1.130,186702670,210577616.00
2023/10/13,1.124,1.135,1.119,1.130,171908101,194042416.00
2023/10/16,1.127,1.130,1.122,1.129,109217300,123018960.00
2023/10/17,1.130,1.134,1.125,1.132,94365700,106640168.00
2023/10/18,1.130,1.137,1.127,1.130,131816800,149243600.00
2023/10/19,1.128,1.128,1.101,1.102,169654864,188452720.00
2023/10/20,1.100,1.107,1.096,1.103,126354000,139017040.00
2023/10/23,1.098,1.103,1.087,1.092,135633200,148331632.00
2023/10/24,1.096,1.097,1.083,1.088,100388500,109191984.00
2023/10/25,1.093,1.094,1.084,1.090,122245700,133024496.00
2023/10/26,1.085,1.102,1.085,1.101,127866565,140158112.00
2023/10/27,1.097,1.102,1.091,1.099,120511600,132245232.00
2023/10/30,1.097,1.098,1.074,1.081,287847635,311005952.00
2023/10/31,1.079,1.082,1.072,1.082,129799700,139956160.00
2023/11/01,1.083,1.084,1.076,1.082,99379776,107346056.00
2023/11/02,1.082,1.092,1.081,1.090,183358400,199492976.00
2023/11/03,1.089,1.090,1.083,1.086,141715503,153913728.00
2023/11/06,1.088,1.090,1.082,1.087,269204900,292223424.00
2023/11/07,1.086,1.087,1.081,1.086,143515200,155534064.00
2023/11/08,1.085,1.086,1.077,1.080,146407013,158332112.00
2023/11/09,1.079,1.087,1.077,1.086,149523608,162146064.00
2023/11/10,1.083,1.088,1.075,1.077,128049590,138117136.00
2023/11/13,1.078,1.078,1.067,1.072,109321700,116957520.00
2023/11/14,1.072,1.076,1.070,1.074,95754900,102761384.00
2023/11/15,1.078,1.083,1.077,1.080,133452702,144104768.00
2023/11/16,1.080,1.081,1.076,1.077,104634238,112809576.00
2023/11/17,1.076,1.077,1.069,1.072,106396863,113992672.00
2023/11/20,1.072,1.078,1.069,1.078,85327132,91658152.00
2023/11/21,1.079,1.086,1.078,1.081,152602600,165269072.00
2023/11/22,1.080,1.081,1.076,1.077,121655798,131243928.00
2023/11/23,1.076,1.077,1.071,1.077,108687300,116709104.00
2023/11/24,1.077,1.078,1.074,1.077,108639904,116927216.00
2023/11/27,1.075,1.076,1.062,1.068,152457500,162667824.00
2023/11/28,1.068,1.070,1.061,1.062,177242400,188617696.00
2023/11/29,1.063,1.064,1.049,1.053,136065100,143337520.00
2023/11/30,1.051,1.057,1.050,1.057,87271100,91992624.00
2023/12/01,1.056,1.058,1.050,1.054,93171700,98196600.00
2023/12/04,1.055,1.058,1.050,1.051,88367500,92985112.00
2023/12/05,1.051,1.051,1.034,1.034,116098500,120999376.00
2023/12/06,1.034,1.036,1.024,1.032,107018396,110448136.00
2023/12/07,1.033,1.037,1.023,1.034,115476175,119068160.00
2023/12/08,1.034,1.040,1.030,1.033,63299900,65526080.00
2023/12/11,1.030,1.038,1.015,1.037,126136956,129429800.00
2023/12/12,1.036,1.048,1.032,1.047,130787100,136531728.00
2023/12/13,1.045,1.046,1.034,1.035,110424100,114859056.00
2023/12/14,1.036,1.041,1.031,1.031,102122500,105683384.00
2023/12/15,1.035,1.043,1.028,1.030,99259009,102734376.00
2023/12/18,1.027,1.033,1.021,1.030,117160400,120673904.00
2023/12/19,1.029,1.031,1.025,1.028,101777800,104673704.00
2023/12/20,1.030,1.036,1.026,1.026,161346785,166247968.00
2023/12/21,1.025,1.033,1.020,1.033,116986400,120198656.00
2023/12/22,1.033,1.037,1.026,1.033,147636929,152414320.00
2023/12/25,1.033,1.035,1.029,1.034,73861500,76231016.00
2023/12/26,1.033,1.034,1.029,1.030,55675300,57383912.00
2023/12/27,1.032,1.035,1.023,1.035,114788900,118127472.00
2023/12/28,1.033,1.046,1.033,1.044,171372994,178379504.00
2023/12/29,1.042,1.045,1.040,1.042,147828610,154056896.00
2024/01/02,1.043,1.046,1.039,1.042,106536500,111091552.00
2024/01/03,1.038,1.046,1.037,1.046,105255060,109685232.00
2024/01/04,1.045,1.049,1.038,1.048,108989060,113660528.00
2024/01/05,1.046,1.071,1.044,1.058,212887716,225557184.00
2024/01/08,1.055,1.063,1.047,1.050,154445408,162753904.00
2024/01/09,1.050,1.057,1.043,1.056,146546400,153678848.00
2024/01/10,1.053,1.058,1.049,1.049,85775100,90301352.00
2024/01/11,1.048,1.056,1.044,1.048,135834800,142702688.00
2024/01/12,1.048,1.062,1.047,1.058,159825755,168753584.00
2024/01/15,1.055,1.065,1.053,1.062,122806265,130178192.00
2024/01/16,1.060,1.075,1.059,1.075,264869700,283253664.00
2024/01/17,1.073,1.081,1.065,1.066,185641328,199730592.00
2024/01/18,1.062,1.074,1.039,1.071,230652100,243369968.00
2024/01/19,1.066,1.073,1.058,1.072,134672100,143592912.00
2024/01/22,1.069,1.082,1.061,1.065,208806480,224441520.00
2024/01/23,1.064,1.072,1.056,1.067,141903200,150995840.00
2024/01/24,1.070,1.084,1.064,1.083,157390266,169099040.00
2024/01/25,1.083,1.100,1.083,1.098,229691966,251422944.00
2024/01/26,1.100,1.119,1.098,1.117,246192800,273585408.00
2024/01/29,1.120,1.137,1.117,1.127,260438729,293518016.00
2024/01/30,1.121,1.131,1.109,1.115,217530794,243359088.00
2024/01/31,1.110,1.124,1.106,1.115,210780100,235388720.00
2024/02/01,1.113,1.117,1.105,1.109,147093318,163320560.00
2024/02/02,1.107,1.120,1.090,1.110,185864800,206700912.00
2024/02/05,1.110,1.128,1.104,1.126,195332613,218143824.00
2024/02/06,1.120,1.137,1.116,1.135,243130334,274190272.00
2024/02/07,1.132,1.133,1.106,1.126,293053128,327681664.00
2024/02/08,1.121,1.122,1.107,1.120,172539766,192247936.00
2024/02/19,1.125,1.145,1.118,1.145,178000400,201535456.00
2024/02/20,1.141,1.153,1.135,1.150,198328391,227702720.00
2024/02/21,1.147,1.194,1.146,1.183,317431509,374123584.00
2024/02/22,1.179,1.186,1.171,1.185,223097063,262935200.00
2024/02/23,1.183,1.206,1.183,1.190,212576400,253700768.00
2024/02/26,1.186,1.189,1.157,1.159,284175140,332603584.00
2024/02/27,1.156,1.170,1.154,1.162,138630000,160849280.00
2024/02/28,1.160,1.167,1.149,1.160,174910100,202839072.00
2024/02/29,1.154,1.163,1.153,1.162,114256200,132412400.00
2024/03/01,1.160,1.165,1.156,1.163,106122000,123145552.00
2024/03/04,1.162,1.162,1.150,1.152,181530800,209245008.00
2024/03/05,1.149,1.177,1.148,1.176,299133612,348325440.00
2024/03/06,1.174,1.178,1.161,1.163,194893312,228136576.00
2024/03/07,1.162,1.175,1.161,1.167,167464257,195450176.00
2024/03/08,1.166,1.173,1.161,1.165,133398200,155589072.00
2024/03/11,1.164,1.169,1.155,1.164,134022000,155490928.00
2024/03/12,1.162,1.163,1.151,1.155,372188400,429798848.00
2024/03/13,1.152,1.152,1.140,1.143,183440000,209960144.00
2024/03/14,1.140,1.151,1.139,1.142,131485821,150456960.00
2024/03/15,1.145,1.152,1.144,1.148,145278121,166776592.00
2024/03/18,1.146,1.151,1.143,1.148,132272621,151599360.00
2024/03/19,1.146,1.146,1.135,1.137,155831500,177456272.00
2024/03/20,1.136,1.149,1.132,1.148,152649700,174301616.00
2024/03/21,1.146,1.157,1.143,1.154,281321931,324382624.00
2024/03/22,1.153,1.154,1.140,1.149,246533600,283072000.00
2024/03/25,1.148,1.160,1.146,1.156,237657893,274661312.00
2024/03/26,1.157,1.172,1.156,1.172,178523100,208264048.00
2024/03/27,1.170,1.185,1.167,1.176,189341000,223075856.00
2024/03/28,1.173,1.174,1.156,1.163,225127700,261808192.00
2024/03/29,1.157,1.168,1.151,1.161,165125500,191968288.00
2024/04/01,1.161,1.175,1.159,1.174,158560500,185429488.00
2024/04/02,1.173,1.182,1.170,1.173,129365600,152130688.00
2024/04/03,1.173,1.175,1.163,1.168,81632500,95492344.00
2024/04/08,1.167,1.178,1.160,1.175,144103700,168944624.00
2024/04/09,1.174,1.181,1.166,1.168,329992400,386097344.00
2024/04/10,1.167,1.177,1.165,1.169,114227100,133795760.00
2024/04/11,1.165,1.171,1.157,1.168,102306000,119202912.00
2024/04/12,1.166,1.171,1.158,1.160,114963285,133872696.00
2024/04/15,1.162,1.184,1.160,1.184,194085044,228396592.00
2024/04/16,1.183,1.190,1.174,1.185,145079500,171582272.00
2024/04/17,1.182,1.207,1.172,1.205,247939600,295541984.00
2024/04/18,1.200,1.233,1.200,1.215,306829700,373647456.00
2024/04/19,1.209,1.221,1.208,1.213,208453507,253029472.00
2024/04/22,1.214,1.228,1.197,1.204,211420007,255862112.00
2024/04/23,1.202,1.217,1.197,1.203,207121300,249545392.00
2024/04/24,1.202,1.205,1.194,1.199,268636200,321908160.00
2024/04/25,1.197,1.219,1.196,1.218,152880600,184676528.00
2024/04/26,1.212,1.216,1.193,1.199,274774000,330192064.00
2024/04/29,1.195,1.218,1.190,1.211,297066700,359738080.00
2024/04/30,1.207,1.224,1.207,1.218,140191500,170533968.00
2024/05/06,1.226,1.230,1.214,1.217,150436100,183602272.00
2024/05/07,1.218,1.218,1.205,1.217,117088850,141895248.00
2024/05/08,1.212,1.223,1.212,1.217,79759000,97193440.00
2024/05/09,1.215,1.223,1.214,1.219,123458300,150522080.00
2024/05/10,1.219,1.236,1.218,1.234,184896500,227239104.00
2024/05/13,1.230,1.243,1.224,1.241,127471300,157456736.00
2024/05/14,1.242,1.245,1.230,1.235,111459799,137794432.00
2024/05/15,1.231,1.238,1.225,1.231,84562400,104135424.00
2024/05/16,1.231,1.258,1.231,1.254,253386418,317193408.00
2024/05/17,1.254,1.271,1.249,1.269,294665095,370573664.00
2024/05/20,1.271,1.280,1.258,1.263,200233800,253778784.00
2024/05/21,1.261,1.277,1.257,1.272,207528000,263448736.00
2024/05/22,1.273,1.287,1.268,1.278,266962058,341673280.00
2024/05/23,1.275,1.280,1.265,1.269,233230600,296600960.00
2024/05/24,1.268,1.277,1.257,1.258,203691552,258055616.00
2024/05/27,1.259,1.278,1.259,1.276,359768416,456796448.00
2024/05/28,1.275,1.282,1.266,1.270,134207165,170604848.00
2024/05/29,1.269,1.275,1.257,1.258,179058682,226502096.00
2024/05/30,1.256,1.267,1.244,1.249,143231048,179799872.00
2024/05/31,1.251,1.258,1.250,1.254,114614300,143703920.00
2024/06/03,1.252,1.252,1.233,1.239,194495400,240736128.00
2024/06/04,1.238,1.248,1.236,1.247,97420800,121147632.00
2024/06/05,1.247,1.248,1.230,1.232,125589957,155181248.00
2024/06/06,1.233,1.238,1.228,1.231,105375000,129888776.00
2024/06/07,1.231,1.242,1.231,1.240,189164800,234276096.00
2024/06/11,1.238,1.243,1.218,1.220,128485200,157479200.00
2024/06/12,1.218,1.219,1.204,1.216,121748700,147330192.00
2024/06/13,1.214,1.217,1.202,1.206,329188100,397444512.00
2024/06/14,1.206,1.223,1.203,1.219,175326096,212848128.00
2024/06/17,1.213,1.218,1.204,1.207,112917500,136407440.00
2024/06/18,1.206,1.215,1.198,1.212,143122570,173009952.00
2024/06/19,1.209,1.229,1.209,1.226,116595670,142403408.00
2024/06/20,1.224,1.227,1.214,1.218,267226450,325710240.00
2024/06/21,1.218,1.221,1.209,1.218,259321904,314562784.00
2024/06/24,1.215,1.223,1.206,1.219,111208846,135044688.00
2024/06/25,1.219,1.229,1.216,1.226,310074817,379125216.00
2024/06/26,1.224,1.230,1.221,1.227,154651997,189527712.00
2024/06/27,1.225,1.257,1.221,1.242,245670396,303391840.00
2024/06/28,1.239,1.252,1.233,1.247,140401088,174738416.00
