datetime,open,high,low,close,volume,amount,pre_close
2021-03-04,0.991,0.992,0.936,0.942,207022623,197252176.0,
2021-03-05,0.934,0.947,0.922,0.94,80941942,75631120.0,
2021-03-08,0.954,0.966,0.911,0.912,165515333,154642800.0,
2021-03-09,0.912,0.912,0.87,0.877,117964355,105099424.0,
2021-03-10,0.889,0.899,0.88,0.888,62820029,55953096.0,
2021-03-11,0.89,0.913,0.885,0.908,76971327,69498112.0,
2021-03-12,0.915,0.929,0.907,0.925,88671155,81672056.0,
2021-03-15,0.92,0.922,0.89,0.901,74426809,67468064.0,
2021-03-16,0.901,0.911,0.893,0.909,41027380,37113688.0,
2021-03-17,0.905,0.924,0.893,0.92,51833913,47360924.0,
2021-03-18,0.914,0.948,0.914,0.941,88989088,83356936.0,
2021-03-19,0.922,0.925,0.899,0.908,81494399,74215744.0,
2021-03-22,0.901,0.918,0.888,0.898,68911431,61909204.0,
2021-03-23,0.896,0.898,0.855,0.865,134050873,116776776.0,
2021-03-24,0.853,0.856,0.823,0.827,125959663,105152096.0,
2021-03-25,0.825,0.85,0.824,0.845,97653929,82194480.0,
2021-03-26,0.845,0.863,0.84,0.86,67139138,57321484.0,
2021-03-29,0.862,0.882,0.855,0.87,68163911,59409148.0,
2021-03-30,0.87,0.887,0.867,0.884,57364956,50537292.0,
2021-03-31,0.877,0.883,0.856,0.866,39860469,34465124.0,
2021-04-01,0.866,0.882,0.865,0.879,40187734,35120144.0,
2021-04-02,0.882,0.892,0.877,0.885,54925861,48641668.0,
2021-04-06,0.885,0.892,0.875,0.881,40519802,35677960.0,
2021-04-07,0.884,0.888,0.87,0.884,37592435,32994516.0,
2021-04-08,0.881,0.892,0.874,0.887,37244085,32998108.0,
2021-04-09,0.887,0.889,0.865,0.87,45190086,39437840.0,
2021-04-12,0.877,0.877,0.834,0.84,74358270,62896712.0,
2021-04-13,0.841,0.853,0.838,0.843,41775556,35293236.0,
2021-04-14,0.839,0.856,0.839,0.855,39605676,33747172.0,
2021-04-15,0.855,0.855,0.841,0.854,30678647,25953610.0,
2021-04-16,0.853,0.855,0.844,0.852,32394473,27515324.0,
2021-04-19,0.849,0.88,0.845,0.876,73098120,63669592.0,
2021-04-20,0.876,0.89,0.873,0.883,73563723,65050224.0,
2021-04-21,0.88,0.886,0.869,0.884,31192490,27461486.0,
2021-04-22,0.884,0.89,0.875,0.88,31329661,27554098.0,
2021-04-23,0.88,0.894,0.877,0.89,45113945,40060128.0,
2021-04-26,0.892,0.92,0.892,0.896,95043391,86360224.0,
2021-04-27,0.897,0.898,0.882,0.89,27232463,24219822.0,
2021-04-28,0.887,0.901,0.88,0.9,37337221,33400922.0,
2021-04-29,0.9,0.9,0.887,0.896,39349460,35164372.0,
2021-04-30,0.894,0.897,0.883,0.891,40769638,36266076.0,
2021-05-06,0.889,0.908,0.887,0.901,53920976,48449332.0,
2021-05-07,0.904,0.924,0.9,0.91,101302024,92649872.0,
2021-05-10,0.916,0.919,0.894,0.9,71719677,64931660.0,
2021-05-11,0.891,0.892,0.861,0.878,72719483,63454936.0,
2021-05-12,0.875,0.888,0.868,0.885,55879640,49007940.0,
2021-05-13,0.878,0.879,0.859,0.863,82510472,71440872.0,
2021-05-14,0.861,0.874,0.854,0.874,52012972,45084132.0,
2021-05-17,0.874,0.901,0.871,0.897,106561814,95197720.0,
2021-05-18,0.897,0.905,0.896,0.903,51846706,46734320.0,
2021-05-19,0.903,0.906,0.893,0.903,48325399,43606064.0,
2021-05-20,0.893,0.899,0.883,0.891,51397703,45704792.0,
2021-05-21,0.888,0.897,0.88,0.886,33782862,29891760.0,
2021-05-24,0.886,0.889,0.88,0.889,28830881,25520740.0,
2021-05-25,0.889,0.911,0.886,0.91,78434830,70742304.0,
2021-05-26,0.91,0.928,0.91,0.923,180907654,167155168.0,
2021-05-27,0.923,0.933,0.918,0.932,88880678,82354144.0,
2021-05-28,0.931,0.95,0.927,0.931,88136977,82787224.0,
2021-05-31,0.932,0.942,0.93,0.941,42298091,39641596.0,
2021-06-01,0.941,0.974,0.931,0.97,111093058,106180736.0,
2021-06-02,0.97,0.981,0.963,0.971,113106525,109893136.0,
2021-06-03,0.966,0.974,0.956,0.957,67442371,64965644.0,
2021-06-04,0.95,0.973,0.95,0.965,75963275,73269840.0,
2021-06-07,0.967,0.979,0.962,0.97,34612743,33583128.0,
2021-06-08,0.969,0.977,0.946,0.953,48811791,46786932.0,
2021-06-09,0.952,0.973,0.95,0.968,76447260,73701664.0,
2021-06-10,0.97,0.981,0.963,0.978,76433211,74483168.0,
2021-06-11,0.976,0.979,0.966,0.969,33041496,32129506.0,
2021-06-15,0.97,0.98,0.957,0.96,141549398,136629840.0,
2021-06-16,0.952,0.96,0.93,0.931,36918195,34745032.0,
2021-06-17,0.929,0.936,0.924,0.934,23952848,22295588.0,
2021-06-18,0.934,0.934,0.925,0.933,26674414,24792372.0,
2021-06-21,0.941,0.941,0.925,0.934,34248265,31893550.0,
2021-06-22,0.94,0.949,0.935,0.942,59570276,56094760.0,
2021-06-23,0.948,0.954,0.94,0.952,62828024,59560656.0,
2021-06-24,0.955,0.961,0.949,0.958,59272122,56616164.0,
2021-06-25,0.958,0.987,0.957,0.983,103307336,100932512.0,
2021-06-28,0.985,0.99,0.98,0.989,72298707,71286776.0,
2021-06-29,0.982,0.999,0.982,0.987,59331182,58852600.0,
2021-06-30,0.991,0.996,0.984,0.995,55228893,54763740.0,
2021-07-01,0.995,0.999,0.972,0.975,55788614,54888544.0,
2021-07-02,0.969,0.971,0.953,0.959,44636769,42858336.0,
2021-07-05,0.958,0.977,0.957,0.977,42767281,41322884.0,
2021-07-06,0.981,1.014,0.981,1.004,133932851,134041904.0,
2021-07-07,0.993,1.017,0.983,1.014,150277685,151517936.0,
2021-07-08,1.014,1.034,1.012,1.012,133392844,136307040.0,
2021-07-09,1.017,1.039,1.003,1.037,120348810,123315200.0,
2021-07-12,1.049,1.079,1.047,1.071,190668574,203556208.0,
2021-07-13,1.069,1.082,1.055,1.074,131660384,140535088.0,
2021-07-14,1.073,1.077,1.051,1.06,102810640,109308512.0,
2021-07-15,1.057,1.093,1.057,1.082,99119033,106905072.0,
2021-07-16,1.084,1.091,1.069,1.07,78180287,84547912.0,
2021-07-19,1.07,1.079,1.045,1.055,95407431,101271040.0,
2021-07-20,1.035,1.048,1.027,1.047,94347725,97669072.0,
2021-07-21,1.048,1.077,1.048,1.072,69823427,74436784.0,
2021-07-22,1.074,1.092,1.069,1.09,131638949,142489712.0,
2021-07-23,1.093,1.106,1.077,1.08,65107545,71015984.0,
2021-07-26,1.077,1.087,1.042,1.069,61540871,65824652.0,
2021-07-27,1.074,1.088,1.032,1.034,64984750,69236928.0,
2021-07-28,1.013,1.032,0.998,1.016,57251194,58045736.0,
2021-07-29,1.03,1.058,1.027,1.056,85098144,89101600.0,
2021-07-30,1.055,1.068,1.035,1.048,56137398,58943312.0,
2021-08-02,1.045,1.09,1.044,1.09,62670249,67262384.0,
2021-08-03,1.089,1.09,1.067,1.078,56825564,61313664.0,
2021-08-04,1.078,1.103,1.07,1.103,73284935,80219128.0,
2021-08-05,1.103,1.103,1.078,1.087,49926958,54290912.0,
2021-08-06,1.094,1.099,1.076,1.087,38781815,42139476.0,
2021-08-09,1.081,1.103,1.078,1.098,45420236,49578376.0,
2021-08-10,1.096,1.096,1.068,1.082,48984713,52907944.0,
2021-08-11,1.083,1.091,1.076,1.085,38701824,42019192.0,
2021-08-12,1.085,1.095,1.077,1.091,45257498,49212780.0,
2021-08-13,1.091,1.123,1.091,1.11,66416826,73747536.0,
2021-08-16,1.115,1.127,1.09,1.095,60071460,66530304.0,
2021-08-17,1.089,1.1,1.062,1.064,82074038,88693448.0,
2021-08-18,1.061,1.084,1.06,1.074,35089213,37603596.0,
2021-08-19,1.065,1.072,1.041,1.065,48669389,51414348.0,
2021-08-20,1.057,1.073,1.042,1.057,34787769,36705484.0,
2021-08-23,1.058,1.078,1.056,1.076,46661151,49924836.0,
2021-08-24,1.08,1.095,1.076,1.095,45998303,50086408.0,
2021-08-25,1.095,1.097,1.073,1.096,40928964,44397788.0,
2021-08-26,1.09,1.1,1.086,1.094,39431625,43145688.0,
2021-08-27,1.086,1.1,1.078,1.1,30487269,33303414.0,
2021-08-30,1.11,1.135,1.104,1.12,94903282,106192600.0,
2021-08-31,1.117,1.12,1.092,1.11,52524690,57880520.0,
2021-09-01,1.11,1.116,1.067,1.09,51167738,55902864.0,
2021-09-02,1.084,1.115,1.08,1.113,48776255,53827268.0,
2021-09-03,1.113,1.114,1.075,1.083,47388274,51921912.0,
2021-09-06,1.078,1.102,1.07,1.1,45294838,49375508.0,
2021-09-07,1.099,1.148,1.097,1.148,90859736,103024472.0,
2021-09-08,1.15,1.165,1.142,1.162,77525923,89569640.0,
2021-09-09,1.162,1.175,1.15,1.169,83982746,97684544.0,
2021-09-10,1.169,1.175,1.147,1.161,76062703,88286080.0,
2021-09-13,1.161,1.21,1.161,1.21,90338014,107722376.0,
2021-09-14,1.209,1.225,1.182,1.201,106421933,128165624.0,
2021-09-15,1.198,1.209,1.191,1.209,90516535,108568656.0,
2021-09-16,1.217,1.235,1.187,1.187,79664012,96596464.0,
2021-09-17,1.183,1.204,1.152,1.186,79634197,93949976.0,
2021-09-22,1.181,1.184,1.162,1.184,54389092,63871892.0,
2021-09-23,1.191,1.2,1.16,1.165,52404572,61498560.0,
2021-09-24,1.165,1.165,1.124,1.127,65119238,74035840.0,
2021-09-27,1.12,1.128,1.072,1.089,95893885,105121040.0,
2021-09-28,1.081,1.095,1.073,1.077,56786636,61421844.0,
2021-09-29,1.059,1.073,1.038,1.04,133619169,139883664.0,
2021-09-30,1.04,1.073,1.04,1.069,52103877,55367764.0,
2021-10-08,1.082,1.09,1.044,1.049,43144350,45548328.0,
2021-10-11,1.049,1.063,1.035,1.053,38423401,40488208.0,
2021-10-12,1.059,1.059,1.011,1.026,38850131,39882152.0,
2021-10-13,1.02,1.034,1.015,1.033,35334428,36244136.0,
2021-10-14,1.028,1.04,1.024,1.035,33649595,34752988.0,
2021-10-15,1.032,1.043,1.021,1.043,35868447,37086288.0,
2021-10-18,1.04,1.058,1.034,1.058,40376403,42196668.0,
2021-10-19,1.056,1.072,1.054,1.072,45436661,48375088.0,
2021-10-20,1.055,1.087,1.055,1.075,57690425,62121920.0,
2021-10-21,1.075,1.083,1.067,1.073,29116181,31312788.0,
2021-10-22,1.076,1.081,1.066,1.067,27014930,28931406.0,
2021-10-25,1.061,1.079,1.061,1.079,29388218,31487542.0,
2021-10-26,1.085,1.089,1.069,1.074,35691793,38535548.0,
2021-10-27,1.07,1.082,1.065,1.076,38714288,41619304.0,
2021-10-28,1.076,1.076,1.038,1.043,36569188,38519868.0,
2021-10-29,1.043,1.055,1.037,1.053,30458309,31867008.0,
2021-11-01,1.051,1.06,1.038,1.047,31821578,33314390.0,
2021-11-02,1.04,1.048,1.017,1.026,38285810,39578276.0,
2021-11-03,1.026,1.028,1.012,1.026,24719222,25265496.0,
2021-11-04,1.03,1.043,1.026,1.032,35221269,36371740.0,
2021-11-05,1.03,1.031,0.995,0.998,53105879,53549452.0,
2021-11-08,0.995,1.007,0.992,1.005,36429109,36432876.0,
2021-11-09,1.01,1.014,1.0,1.005,35285391,35434408.0,
2021-11-10,1.0,1.002,0.975,0.995,47101760,46463696.0,
2021-11-11,0.992,1.007,0.992,1.007,32439070,32501082.0,
2021-11-12,1.009,1.012,1.003,1.01,33357309,33628616.0,
2021-11-15,1.01,1.01,0.985,0.991,42901738,42595844.0,
2021-11-16,0.993,0.999,0.986,0.988,35037586,34766024.0,
2021-11-17,0.988,1.003,0.986,1.003,38823426,38751352.0,
2021-11-18,1.003,1.011,0.997,1.008,40437056,40617568.0,
2021-11-19,1.008,1.014,1.003,1.013,42029482,42389852.0,
2021-11-22,1.013,1.03,1.013,1.03,47355508,48589868.0,
2021-11-23,1.028,1.029,1.021,1.025,34794611,35658004.0,
2021-11-24,1.028,1.028,1.008,1.013,36562267,37081896.0,
2021-11-25,1.015,1.016,1.007,1.016,30507886,30874704.0,
2021-11-26,1.016,1.024,1.011,1.019,37347847,38024336.0,
2021-11-29,1.003,1.02,1.0,1.018,50352525,51101068.0,
2021-11-30,1.018,1.027,1.012,1.024,36366001,37076168.0,
2021-12-01,1.02,1.025,1.014,1.024,42764145,43652960.0,
2021-12-02,1.024,1.032,1.02,1.022,38410706,39380332.0,
2021-12-03,1.027,1.027,1.011,1.022,38399223,39020712.0,
2021-12-06,1.027,1.031,1.017,1.018,51440382,52751960.0,
2021-12-07,1.024,1.024,1.001,1.01,49097612,49589364.0,
2021-12-08,1.009,1.025,1.009,1.024,34319120,35018092.0,
2021-12-09,1.021,1.031,1.02,1.031,54234444,55717112.0,
2021-12-10,1.028,1.035,1.024,1.035,40878994,42173408.0,
2021-12-13,1.04,1.063,1.04,1.056,82840803,87466288.0,
2021-12-14,1.057,1.057,1.033,1.037,51031403,53010808.0,
2021-12-15,1.032,1.045,1.026,1.028,36358216,37595848.0,
2021-12-16,1.029,1.036,1.028,1.036,33062428,34108116.0,
2021-12-17,1.04,1.041,1.019,1.02,39545802,40540204.0,
2021-12-20,1.016,1.019,0.986,0.991,50761297,50633784.0,
2021-12-21,0.991,1.0,0.985,0.996,34688117,34407772.0,
2021-12-22,0.997,1.009,0.997,1.006,31986805,32109912.0,
2021-12-23,1.007,1.007,0.995,1.001,27880077,27864888.0,
2021-12-24,1.0,1.003,0.976,0.981,41760426,41146268.0,
2021-12-27,0.981,0.988,0.979,0.986,19821444,19513708.0,
2021-12-28,0.988,1.0,0.983,0.999,27818759,27600882.0,
2021-12-29,1.001,1.01,0.997,0.999,33647496,33729008.0,
2021-12-30,0.997,1.003,0.996,0.999,27945480,27932270.0,
2021-12-31,1.0,1.005,0.998,1.005,32981230,33053676.0,
2022-01-04,1.005,1.01,0.985,0.993,32250402,32024406.0,
2022-01-05,0.993,0.995,0.976,0.979,38294590,37714096.0,
2022-01-06,0.979,0.986,0.97,0.983,37922754,37169832.0,
2022-01-07,0.984,0.985,0.974,0.978,36198966,35420344.0,
2022-01-10,0.976,0.986,0.972,0.981,29602348,29045236.0,
2022-01-11,0.985,0.991,0.974,0.979,43997370,43288016.0,
2022-01-12,0.978,0.999,0.978,0.999,46142423,45765084.0,
2022-01-13,0.999,0.999,0.98,0.982,51431272,50796316.0,
2022-01-14,0.979,0.986,0.971,0.978,26820156,26199856.0,
2022-01-17,0.977,0.985,0.975,0.985,18405238,18044160.0,
2022-01-18,0.982,0.991,0.977,0.989,33411428,32958376.0,
2022-01-19,0.985,0.99,0.964,0.973,36629783,35708836.0,
2022-01-20,0.973,0.978,0.96,0.961,26225415,25386800.0,
2022-01-21,0.962,0.963,0.948,0.95,33330821,31781756.0,
2022-01-24,0.948,0.964,0.937,0.96,25532098,24261492.0,
2022-01-25,0.95,0.968,0.937,0.938,25546923,24323820.0,
2022-01-26,0.938,0.949,0.933,0.943,24713000,23290730.0,
2022-01-27,0.945,0.948,0.925,0.925,29286195,27512336.0,
2022-01-28,0.926,0.934,0.907,0.917,28926140,26666700.0,
2022-02-07,0.922,0.947,0.922,0.943,23213316,21832730.0,
2022-02-08,0.943,0.943,0.916,0.938,34340510,31915830.0,
2022-02-09,0.938,0.947,0.93,0.946,31173594,29334076.0,
2022-02-10,0.95,0.956,0.942,0.952,31050542,29448814.0,
2022-02-11,0.95,0.966,0.942,0.946,42037119,40183008.0,
2022-02-14,0.936,0.958,0.935,0.939,35828088,33900988.0,
2022-02-15,0.939,0.954,0.938,0.953,30239890,28654130.0,
2022-02-16,0.956,0.962,0.949,0.956,30186666,28857350.0,
2022-02-17,0.953,0.973,0.949,0.969,37308135,35953944.0,
2022-02-18,0.962,0.975,0.958,0.974,46456217,44967768.0,
2022-02-21,0.969,0.979,0.965,0.973,32563735,31577392.0,
2022-02-22,0.966,0.972,0.959,0.972,25362165,24515512.0,
2022-02-23,0.972,0.993,0.972,0.992,46665499,45967192.0,
2022-02-24,0.991,0.999,0.962,0.975,54986283,54253284.0,
2022-02-25,0.984,0.997,0.98,0.984,31277078,30927594.0,
2022-02-28,0.979,0.991,0.974,0.991,32594299,32141666.0,
2022-03-01,0.99,0.994,0.972,0.98,28448469,27888704.0,
2022-03-02,0.979,0.979,0.959,0.961,69045707,66463764.0,
2022-03-03,0.966,0.966,0.952,0.954,46538513,44617008.0,
2022-03-04,0.95,0.952,0.931,0.935,29455874,27781384.0,
2022-03-07,0.93,0.93,0.896,0.9,41178634,37603996.0,
2022-03-08,0.9,0.907,0.861,0.874,33978176,30086186.0,
2022-03-09,0.88,0.88,0.819,0.857,40103114,34140888.0,
2022-03-10,0.874,0.899,0.874,0.895,44651157,39830332.0,
2022-03-11,0.891,0.897,0.867,0.897,72355568,63894332.0,
2022-03-14,0.881,0.901,0.878,0.88,57484571,51061980.0,
2022-03-15,0.888,0.888,0.841,0.842,55602000,47966072.0,
2022-03-16,0.86,0.879,0.827,0.876,61989471,53009792.0,
2022-03-17,0.877,0.908,0.877,0.894,61148731,54759692.0,
2022-03-18,0.88,0.889,0.874,0.887,72318126,63752444.0,
2022-03-21,0.9,0.9,0.878,0.888,52850339,46895120.0,
2022-03-22,0.88,0.889,0.875,0.88,111590341,98147512.0,
2022-03-23,0.879,0.889,0.877,0.882,46398921,41018164.0,
2022-03-24,0.88,0.886,0.865,0.881,41196048,36072924.0,
2022-03-25,0.881,0.885,0.861,0.863,32281288,28208764.0,
2022-03-28,0.862,0.862,0.843,0.853,27347223,23251614.0,
2022-03-29,0.856,0.868,0.852,0.862,31114380,26784020.0,
2022-03-30,0.862,0.882,0.862,0.882,30031659,26291694.0,
2022-03-31,0.882,0.882,0.863,0.864,47272087,40990152.0,
2022-04-01,0.86,0.883,0.858,0.88,54521209,47818720.0,
2022-04-06,0.878,0.878,0.86,0.872,31006745,26881864.0,
2022-04-07,0.863,0.881,0.863,0.87,40842851,35694672.0,
2022-04-08,0.867,0.888,0.864,0.888,66226286,58177396.0,
2022-04-11,0.888,0.891,0.853,0.856,55533253,48021840.0,
2022-04-12,0.849,0.859,0.84,0.855,39778374,33842920.0,
2022-04-13,0.849,0.854,0.84,0.842,35042061,29714238.0,
2022-04-14,0.843,0.853,0.836,0.848,40171399,33966420.0,
2022-04-15,0.842,0.845,0.828,0.835,39138775,32755950.0,
2022-04-18,0.829,0.837,0.818,0.832,52652508,43692996.0,
2022-04-19,0.832,0.841,0.827,0.834,47727677,39850356.0,
2022-04-20,0.831,0.836,0.805,0.809,50148417,40988836.0,
2022-04-21,0.807,0.808,0.774,0.782,48410177,38323804.0,
2022-04-22,0.775,0.782,0.765,0.774,40927133,31657264.0,
2022-04-25,0.763,0.763,0.72,0.72,42826291,31857850.0,
2022-04-26,0.728,0.73,0.7,0.702,50503411,36105176.0,
2022-04-27,0.69,0.742,0.69,0.74,51792327,37203868.0,
2022-04-28,0.74,0.756,0.737,0.746,47657426,35525352.0,
2022-04-29,0.755,0.777,0.743,0.776,49590177,37745164.0,
2022-05-05,0.772,0.802,0.772,0.794,32297274,25546188.0,
2022-05-06,0.774,0.794,0.771,0.782,41465107,32530658.0,
2022-05-09,0.774,0.787,0.774,0.782,29897852,23375580.0,
2022-05-10,0.781,0.788,0.764,0.788,49111715,38311616.0,
2022-05-11,0.787,0.822,0.785,0.808,91732697,74462472.0,
2022-05-12,0.808,0.811,0.797,0.807,35970950,28967880.0,
2022-05-13,0.806,0.818,0.804,0.811,40361783,32686536.0,
2022-05-16,0.812,0.831,0.811,0.814,39022564,31958180.0,
2022-05-17,0.813,0.827,0.811,0.826,40056678,32802002.0,
2022-05-18,0.829,0.831,0.818,0.824,34565389,28474992.0,
2022-05-19,0.812,0.831,0.807,0.826,54057341,44356424.0,
2022-05-20,0.83,0.845,0.829,0.845,45583532,38247524.0,
2022-05-23,0.841,0.852,0.839,0.85,31275869,26469724.0,
2022-05-24,0.847,0.853,0.818,0.818,51022059,42767744.0,
2022-05-25,0.822,0.829,0.816,0.825,32481409,26721376.0,
2022-05-26,0.822,0.839,0.812,0.835,55649178,45937968.0,
2022-05-27,0.833,0.85,0.833,0.84,49704240,41871504.0,
2022-05-30,0.845,0.852,0.838,0.852,39311005,33304950.0,
2022-05-31,0.85,0.857,0.843,0.857,50218137,42789608.0,
2022-06-01,0.857,0.859,0.846,0.853,45527543,38852304.0,
2022-06-02,0.852,0.861,0.847,0.859,39890307,34186736.0,
2022-06-06,0.857,0.891,0.857,0.891,50918864,44851136.0,
2022-06-07,0.89,0.895,0.881,0.886,80722961,71705088.0,
2022-06-08,0.886,0.9,0.876,0.894,54278304,48359656.0,
2022-06-09,0.894,0.899,0.883,0.893,55542982,49534240.0,
2022-06-10,0.881,0.919,0.881,0.914,130787224,119190512.0,
2022-06-13,0.915,0.924,0.901,0.922,124961073,114543440.0,
2022-06-14,0.913,0.932,0.902,0.932,104837700,96118248.0,
2022-06-15,0.933,0.944,0.918,0.918,51349324,47769940.0,
2022-06-16,0.915,0.927,0.901,0.907,153541560,139425296.0,
2022-06-17,0.898,0.933,0.898,0.933,63351999,58303004.0,
2022-06-20,0.936,0.941,0.919,0.923,46209426,42874084.0,
2022-06-21,0.921,0.924,0.901,0.915,62230831,56640276.0,
2022-06-22,0.911,0.92,0.895,0.901,209254403,189302128.0,
2022-06-23,0.901,0.917,0.887,0.916,77611959,70068720.0,
2022-06-24,0.91,0.932,0.91,0.929,50326144,46515952.0,
2022-06-27,0.929,0.945,0.928,0.935,56955181,53280152.0,
2022-06-28,0.93,0.951,0.93,0.951,49698480,46916132.0,
2022-06-29,0.952,0.952,0.925,0.926,50268734,47190444.0,
2022-06-30,0.926,0.942,0.926,0.937,33619926,31447876.0,
2022-07-01,0.931,0.949,0.931,0.943,44961952,42332520.0,
2022-07-04,0.942,0.962,0.938,0.962,49610875,47290216.0,
2022-07-05,0.972,0.976,0.956,0.972,52090425,50382824.0,
2022-07-06,0.963,0.967,0.94,0.951,51955985,49410660.0,
2022-07-07,0.951,0.964,0.941,0.958,46273056,44192548.0,
2022-07-08,0.951,0.965,0.94,0.941,44462977,42138476.0,
2022-07-11,0.932,0.937,0.907,0.915,50462159,46262212.0,
2022-07-12,0.911,0.92,0.9,0.905,41889126,38080964.0,
2022-07-13,0.904,0.914,0.893,0.911,51395379,46410544.0,
2022-07-14,0.905,0.922,0.903,0.916,48289184,44183548.0,
2022-07-15,0.911,0.923,0.902,0.903,58720275,53696092.0,
2022-07-18,0.899,0.912,0.892,0.911,47403231,42837456.0,
2022-07-19,0.911,0.917,0.906,0.913,41794186,38070228.0,
2022-07-20,0.911,0.921,0.909,0.913,45598280,41674504.0,
2022-07-21,0.913,0.914,0.894,0.895,37708124,34032516.0,
2022-07-22,0.895,0.9,0.88,0.889,48223386,42915232.0,
2022-07-25,0.889,0.893,0.88,0.881,29897779,26470924.0,
2022-07-26,0.881,0.898,0.88,0.894,34524206,30732840.0,
2022-07-27,0.9,0.9,0.882,0.89,17961096,15923857.0,
2022-07-28,0.89,0.898,0.886,0.893,32049863,28583016.0,
2022-07-29,0.892,0.898,0.88,0.88,41866978,37104972.0,
2022-08-01,0.88,0.892,0.868,0.891,39061312,34420972.0,
2022-08-02,0.89,0.89,0.86,0.871,52435339,45566628.0,
2022-08-03,0.871,0.885,0.858,0.858,164335149,143282768.0,
2022-08-04,0.859,0.871,0.855,0.862,63780185,55032508.0,
2022-08-05,0.862,0.879,0.862,0.878,97520747,84674784.0,
2022-08-08,0.88,0.888,0.871,0.887,31175427,27493896.0,
2022-08-09,0.887,0.9,0.884,0.896,29239378,26180784.0,
2022-08-10,0.902,0.904,0.892,0.898,30116552,27028156.0,
2022-08-11,0.898,0.913,0.894,0.912,60156435,54397148.0,
2022-08-12,0.907,0.92,0.907,0.918,39901401,36550520.0,
2022-08-15,0.914,0.931,0.912,0.925,48704879,45055328.0,
2022-08-16,0.926,0.927,0.918,0.92,39750454,36660896.0,
2022-08-17,0.919,0.92,0.901,0.907,47685857,43200496.0,
2022-08-18,0.907,0.908,0.893,0.895,38845550,34860316.0,
2022-08-19,0.891,0.896,0.878,0.88,37914380,33540952.0,
2022-08-22,0.875,0.905,0.874,0.904,107497186,96064576.0,
2022-08-23,0.899,0.907,0.895,0.905,43626038,39280780.0,
2022-08-24,0.906,0.907,0.874,0.878,43749019,38924652.0,
2022-08-25,0.875,0.883,0.858,0.876,52108916,45361492.0,
2022-08-26,0.874,0.888,0.871,0.872,46580066,40986520.0,
2022-08-29,0.865,0.873,0.861,0.872,39155137,33975120.0,
2022-08-30,0.869,0.873,0.857,0.864,100145659,86347456.0,
2022-08-31,0.858,0.861,0.84,0.846,38814240,32989838.0,
2022-09-01,0.844,0.851,0.837,0.839,31394705,26518868.0,
2022-09-02,0.838,0.843,0.833,0.836,34941378,29249934.0,
2022-09-05,0.832,0.843,0.832,0.843,30873866,25908346.0,
2022-09-06,0.849,0.868,0.844,0.867,125871631,108030584.0,
2022-09-07,0.868,0.875,0.859,0.87,95555316,83008456.0,
2022-09-08,0.87,0.871,0.859,0.861,55918798,48337456.0,
2022-09-09,0.86,0.873,0.858,0.869,112441157,97521664.0,
2022-09-13,0.874,0.874,0.862,0.863,62238254,53928920.0,
2022-09-14,0.848,0.858,0.846,0.849,87702423,74569248.0,
2022-09-15,0.85,0.856,0.821,0.829,80589453,67410000.0,
2022-09-16,0.83,0.83,0.81,0.812,73423702,59913988.0,
2022-09-19,0.815,0.824,0.808,0.811,77724054,63234072.0,
2022-09-20,0.814,0.831,0.814,0.824,45108206,37126164.0,
2022-09-21,0.823,0.823,0.812,0.82,49984186,40928380.0,
2022-09-22,0.818,0.828,0.812,0.816,39645462,32459286.0,
2022-09-23,0.813,0.825,0.804,0.813,119796549,97453552.0,
2022-09-26,0.8,0.817,0.8,0.802,54489046,43937472.0,
2022-09-27,0.802,0.806,0.79,0.805,47135895,37653308.0,
2022-09-28,0.805,0.807,0.78,0.781,52219031,41288760.0,
2022-09-29,0.785,0.796,0.785,0.791,40801152,32276874.0,
2022-09-30,0.79,0.8,0.783,0.784,47025275,37155324.0,
2022-10-10,0.784,0.785,0.759,0.764,60911472,47107344.0,
2022-10-11,0.766,0.781,0.763,0.781,55082311,42602972.0,
2022-10-12,0.78,0.789,0.755,0.788,68919896,53070744.0,
2022-10-13,0.781,0.786,0.776,0.78,46498501,36308484.0,
2022-10-14,0.785,0.799,0.778,0.794,48953401,38633308.0,
2022-10-17,0.794,0.795,0.782,0.794,50395119,39760380.0,
2022-10-18,0.796,0.8,0.789,0.793,40911200,32494738.0,
2022-10-19,0.791,0.8,0.778,0.78,67977808,53657000.0,
2022-10-20,0.773,0.784,0.761,0.771,79336819,61357648.0,
2022-10-21,0.774,0.774,0.759,0.765,44555716,34143040.0,
2022-10-24,0.768,0.776,0.749,0.755,57207010,43652276.0,
2022-10-25,0.749,0.752,0.732,0.745,49261618,36516372.0,
2022-10-26,0.744,0.76,0.742,0.753,47751256,35865272.0,
2022-10-27,0.756,0.762,0.747,0.748,47405174,35701140.0,
2022-10-28,0.748,0.748,0.717,0.718,48838419,35554436.0,
2022-10-31,0.722,0.722,0.706,0.709,108441072,77147280.0,
2022-11-01,0.714,0.735,0.707,0.735,46827093,33786264.0,
2022-11-02,0.73,0.747,0.73,0.742,46996548,34764020.0,
2022-11-03,0.738,0.75,0.737,0.747,38319713,28571280.0,
2022-11-04,0.742,0.778,0.742,0.777,63236322,48596256.0,
2022-11-07,0.779,0.792,0.768,0.784,148008960,116223544.0,
2022-11-08,0.784,0.793,0.778,0.784,55850943,43794588.0,
2022-11-09,0.788,0.789,0.779,0.78,31769841,24894734.0,
2022-11-10,0.771,0.777,0.761,0.766,46802137,35904976.0,
2022-11-11,0.783,0.79,0.774,0.786,78747965,61428912.0,
2022-11-14,0.79,0.797,0.775,0.778,43146260,33929260.0,
2022-11-15,0.783,0.792,0.772,0.792,39500564,30964538.0,
2022-11-16,0.788,0.793,0.781,0.783,44204435,34751372.0,
2022-11-17,0.781,0.781,0.766,0.775,42495149,32741022.0,
2022-11-18,0.772,0.779,0.766,0.768,44806832,34557496.0,
2022-11-21,0.765,0.772,0.755,0.772,35045510,26814366.0,
2022-11-22,0.774,0.774,0.754,0.757,75130421,57325664.0,
2022-11-23,0.757,0.767,0.756,0.764,44126280,33653744.0,
2022-11-24,0.762,0.777,0.762,0.777,58070544,44751320.0,
2022-11-25,0.775,0.775,0.766,0.768,44112174,33951676.0,
2022-11-28,0.762,0.763,0.748,0.762,40535526,30656858.0,
2022-11-29,0.762,0.777,0.762,0.774,44330963,34209536.0,
2022-11-30,0.774,0.78,0.771,0.773,54022187,41895080.0,
2022-12-01,0.78,0.791,0.78,0.787,101515558,79885944.0,
2022-12-02,0.787,0.791,0.782,0.79,39250176,30930690.0,
2022-12-05,0.791,0.795,0.785,0.793,69051430,54598216.0,
2022-12-06,0.793,0.806,0.786,0.801,127322063,101629240.0,
2022-12-07,0.798,0.809,0.797,0.805,48279958,38823308.0,
2022-12-08,0.8,0.811,0.793,0.803,55510235,44614900.0,
2022-12-09,0.805,0.813,0.801,0.811,57765275,46555140.0,
2022-12-12,0.806,0.81,0.794,0.795,39391209,31527530.0,
2022-12-13,0.793,0.796,0.786,0.789,30090294,23784432.0,
2022-12-14,0.789,0.792,0.786,0.789,28868586,22768646.0,
2022-12-15,0.789,0.79,0.778,0.788,30062483,23544582.0,
2022-12-16,0.783,0.787,0.777,0.781,28816035,22537604.0,
2022-12-19,0.776,0.79,0.772,0.775,41126188,32084048.0,
2022-12-20,0.773,0.775,0.762,0.765,27997884,21501180.0,
2022-12-21,0.765,0.773,0.762,0.766,19691460,15082072.0,
2022-12-22,0.767,0.774,0.748,0.752,107787085,81462016.0,
2022-12-23,0.748,0.754,0.74,0.743,37626595,28094650.0,
2022-12-26,0.75,0.76,0.745,0.758,23541322,17785530.0,
2022-12-27,0.762,0.769,0.761,0.767,106444409,81484464.0,
2022-12-28,0.768,0.768,0.755,0.758,82949207,62898752.0,
2022-12-29,0.757,0.762,0.754,0.756,19087958,14469315.0,
2022-12-30,0.756,0.764,0.753,0.753,33937372,25665914.0,
2023-01-03,0.754,0.76,0.745,0.76,51794283,38991392.0,
2023-01-04,0.756,0.76,0.751,0.755,41058138,31008674.0,
2023-01-05,0.757,0.77,0.756,0.767,39641840,30193500.0,
2023-01-06,0.765,0.786,0.765,0.781,71806591,55929936.0,
2023-01-09,0.781,0.792,0.781,0.784,44075749,34670064.0,
2023-01-10,0.784,0.784,0.772,0.779,43583903,33852984.0,
2023-01-11,0.779,0.785,0.774,0.776,42779745,33345564.0,
2023-01-12,0.776,0.785,0.776,0.78,48516067,37849768.0,
2023-01-13,0.783,0.786,0.776,0.782,110081449,86039368.0,
2023-01-16,0.783,0.799,0.779,0.793,183216810,145600576.0,
2023-01-17,0.791,0.802,0.791,0.799,51932245,41452244.0,
2023-01-18,0.802,0.803,0.798,0.8,103595458,83001624.0,
2023-01-19,0.799,0.804,0.795,0.804,28131584,22510260.0,
2023-01-20,0.806,0.811,0.802,0.811,87621065,70740872.0,
2023-01-30,0.822,0.83,0.817,0.818,44346951,36532868.0,
2023-01-31,0.815,0.825,0.814,0.823,80448568,66080324.0,
2023-02-01,0.822,0.835,0.822,0.835,49768590,41298252.0,
2023-02-02,0.84,0.84,0.827,0.838,37383597,31169212.0,
2023-02-03,0.835,0.836,0.82,0.83,40791130,33741088.0,
2023-02-06,0.826,0.826,0.814,0.818,119180247,97738040.0,
2023-02-07,0.815,0.822,0.813,0.816,32360381,26417222.0,
2023-02-08,0.816,0.824,0.816,0.818,30179778,24721168.0,
2023-02-09,0.813,0.826,0.813,0.825,108477688,89354832.0,
2023-02-10,0.819,0.829,0.818,0.823,34901215,28719694.0,
2023-02-13,0.823,0.829,0.818,0.828,32173320,26527620.0,
2023-02-14,0.829,0.837,0.825,0.835,127682598,106616936.0,
2023-02-15,0.838,0.838,0.827,0.829,89941819,74974880.0,
2023-02-16,0.829,0.834,0.809,0.814,95933922,79388584.0,
2023-02-17,0.811,0.828,0.811,0.818,84447757,69468792.0,
2023-02-20,0.82,0.831,0.81,0.83,51365340,42184928.0,
2023-02-21,0.83,0.845,0.83,0.839,142196364,119132168.0,
2023-02-22,0.838,0.838,0.828,0.83,37821283,31452514.0,
2023-02-23,0.831,0.832,0.825,0.827,218851637,181238528.0,
2023-02-24,0.827,0.827,0.816,0.82,31705501,26046472.0,
2023-02-27,0.816,0.831,0.813,0.826,95551151,78554328.0,
2023-02-28,0.825,0.827,0.817,0.827,44227643,36347396.0,
2023-03-01,0.825,0.829,0.822,0.827,59984121,49518224.0,
2023-03-02,0.825,0.83,0.825,0.827,24699916,20444222.0,
2023-03-03,0.823,0.827,0.817,0.822,51550039,42322504.0,
2023-03-06,0.818,0.821,0.806,0.813,71772659,58284080.0,
2023-03-07,0.814,0.817,0.801,0.802,72742191,58717164.0,
2023-03-08,0.801,0.802,0.794,0.798,24374774,19428284.0,
2023-03-09,0.799,0.8,0.792,0.793,37559435,29858262.0,
2023-03-10,0.79,0.79,0.779,0.781,66122863,51708632.0,
2023-03-13,0.78,0.787,0.776,0.78,25348820,19757128.0,
2023-03-14,0.777,0.779,0.76,0.771,40035890,30792734.0,
2023-03-15,0.774,0.78,0.771,0.773,42155443,32732798.0,
2023-03-16,0.77,0.771,0.754,0.756,215050092,162734368.0,
2023-03-17,0.761,0.765,0.754,0.757,48568545,36916396.0,
2023-03-20,0.759,0.761,0.753,0.755,32943586,24909130.0,
2023-03-21,0.758,0.765,0.755,0.764,46468773,35364892.0,
2023-03-22,0.765,0.773,0.762,0.764,49367991,37887816.0,
2023-03-23,0.763,0.764,0.758,0.763,120711023,91833768.0,
2023-03-24,0.765,0.765,0.757,0.76,44470666,33780620.0,
2023-03-27,0.76,0.761,0.752,0.76,35652531,26964366.0,
2023-03-28,0.779,0.783,0.762,0.763,172584498,132626848.0,
2023-03-29,0.763,0.768,0.759,0.759,75506573,57635520.0,
2023-03-30,0.76,0.762,0.749,0.762,73447752,55381148.0,
2023-03-31,0.76,0.773,0.76,0.766,201750092,154737904.0,
2023-04-03,0.764,0.768,0.76,0.767,199888130,152536624.0,
2023-04-04,0.768,0.769,0.751,0.754,138966801,105313944.0,
2023-04-06,0.751,0.756,0.749,0.756,103864359,78243640.0,
2023-04-07,0.754,0.761,0.752,0.76,76519798,57978824.0,
2023-04-10,0.762,0.763,0.757,0.763,83417260,63371908.0,
2023-04-11,0.764,0.764,0.758,0.762,65388995,49726840.0,
2023-04-12,0.762,0.763,0.754,0.757,74098206,56081752.0,
2023-04-13,0.755,0.756,0.745,0.748,121928031,91218104.0,
2023-04-14,0.747,0.756,0.747,0.752,73790533,55548016.0,
2023-04-17,0.752,0.769,0.752,0.769,311203389,238340704.0,
2023-04-18,0.768,0.774,0.766,0.77,111924114,86281624.0,
2023-04-19,0.77,0.771,0.759,0.761,87222170,66523104.0,
2023-04-20,0.76,0.76,0.744,0.746,128530592,96203272.0,
2023-04-21,0.744,0.747,0.726,0.726,142363357,104599288.0,
2023-04-24,0.727,0.728,0.713,0.716,111529852,80150072.0,
2023-04-25,0.717,0.718,0.697,0.702,105805344,74448120.0,
2023-04-26,0.702,0.717,0.697,0.712,96859929,68642864.0,
2023-04-27,0.71,0.717,0.705,0.713,74294089,52775628.0,
2023-04-28,0.712,0.715,0.705,0.709,117142403,82954312.0,
2023-05-04,0.707,0.707,0.7,0.704,88403739,62184436.0,
2023-05-05,0.704,0.704,0.689,0.696,133762140,92936376.0,
2023-05-08,0.696,0.701,0.692,0.699,91777688,63916476.0,
2023-05-09,0.698,0.7,0.689,0.691,95980925,66574308.0,
2023-05-10,0.691,0.702,0.689,0.698,98211069,68350096.0,
2023-05-11,0.698,0.701,0.693,0.696,81204638,56553012.0,
2023-05-12,0.695,0.7,0.685,0.686,112759558,77807176.0,
2023-05-15,0.686,0.7,0.686,0.699,102575887,71228504.0,
2023-05-16,0.702,0.704,0.695,0.698,65013409,45346004.0,
2023-05-17,0.697,0.7,0.692,0.693,82162252,57131672.0,
2023-05-18,0.695,0.695,0.682,0.685,200253688,137457104.0,
2023-05-19,0.683,0.688,0.68,0.686,85823899,58722240.0,
2023-05-22,0.686,0.694,0.682,0.694,87742108,60479516.0,
2023-05-23,0.694,0.697,0.689,0.69,72633165,50355412.0,
2023-05-24,0.688,0.692,0.683,0.685,67630655,46468612.0,
2023-05-25,0.685,0.685,0.673,0.677,91258731,61951060.0,
2023-05-26,0.678,0.678,0.668,0.672,68633457,46112240.0,
2023-05-29,0.674,0.676,0.661,0.664,111300393,74002128.0,
2023-05-30,0.663,0.664,0.651,0.661,132274447,86789416.0,
2023-05-31,0.659,0.659,0.652,0.656,76544656,50180124.0,
2023-06-01,0.656,0.665,0.654,0.659,82846367,54821072.0,
2023-06-02,0.66,0.681,0.66,0.681,355040339,240356880.0,
2023-06-05,0.681,0.682,0.675,0.68,246240139,167232656.0,
2023-06-06,0.679,0.68,0.671,0.672,65100019,43951400.0,
2023-06-07,0.672,0.675,0.662,0.664,66722321,44538156.0,
2023-06-08,0.662,0.671,0.662,0.668,71899386,47969864.0,
2023-06-09,0.669,0.672,0.662,0.664,88800935,59059032.0,
2023-06-12,0.665,0.672,0.659,0.669,83038883,55345344.0,
2023-06-13,0.67,0.67,0.665,0.67,109646607,73238856.0,
2023-06-14,0.671,0.677,0.669,0.673,99307766,66866760.0,
2023-06-15,0.672,0.686,0.669,0.685,150651453,102030328.0,
2023-06-16,0.684,0.689,0.679,0.685,187235339,128121880.0,
2023-06-19,0.685,0.687,0.676,0.676,108693240,73826960.0,
2023-06-20,0.677,0.679,0.673,0.673,75150160,50756976.0,
2023-06-21,0.673,0.68,0.666,0.667,80772986,54318040.0,
2023-06-26,0.664,0.67,0.659,0.665,127984643,85002632.0,
2023-06-27,0.665,0.675,0.664,0.675,99867246,67035196.0,
2023-06-28,0.674,0.678,0.67,0.675,102337967,68959336.0,
2023-06-29,0.675,0.676,0.666,0.666,85426120,57221320.0,
2023-06-30,0.665,0.682,0.664,0.679,172659839,116838976.0,
2023-07-03,0.679,0.687,0.679,0.683,149572571,102195888.0,
2023-07-04,0.683,0.684,0.678,0.681,89684300,60973732.0,
2023-07-05,0.681,0.682,0.678,0.68,86521100,58786776.0,
2023-07-06,0.68,0.681,0.669,0.672,93364415,62878732.0,
2023-07-07,0.672,0.672,0.664,0.668,171883674,114717880.0,
2023-07-10,0.668,0.682,0.667,0.68,135739704,92018040.0,
2023-07-11,0.679,0.683,0.673,0.682,94822493,64295404.0,
2023-07-12,0.683,0.692,0.68,0.689,231803787,159335760.0,
2023-07-13,0.689,0.695,0.688,0.691,620334591,429993024.0,
2023-07-14,0.689,0.692,0.687,0.688,170670281,117697424.0,
2023-07-17,0.688,0.689,0.68,0.685,109877351,75057792.0,
2023-07-18,0.684,0.691,0.682,0.69,95150132,65334276.0,
2023-07-19,0.688,0.691,0.684,0.686,275093057,189138704.0,
2023-07-20,0.688,0.701,0.687,0.692,235042540,163742736.0,
2023-07-21,0.69,0.696,0.685,0.69,143294352,99010712.0,
2023-07-24,0.691,0.691,0.678,0.679,206300501,140601504.0,
2023-07-25,0.684,0.698,0.684,0.695,570219428,396570912.0,
2023-07-26,0.695,0.703,0.695,0.7,220105555,154098368.0,
2023-07-27,0.7,0.704,0.695,0.696,321298580,224973936.0,
2023-07-28,0.694,0.707,0.692,0.706,334758456,234713904.0,
2023-07-31,0.705,0.72,0.705,0.713,313043625,223425808.0,
2023-08-01,0.712,0.717,0.707,0.711,259139936,184634000.0,
2023-08-02,0.71,0.712,0.703,0.705,146445356,103444488.0,
2023-08-03,0.702,0.708,0.702,0.708,145889903,102788040.0,
2023-08-04,0.711,0.714,0.704,0.705,188839606,133573704.0,
2023-08-07,0.705,0.705,0.696,0.701,182439899,127549656.0,
2023-08-08,0.701,0.705,0.692,0.704,184597385,128923040.0,
2023-08-09,0.701,0.704,0.698,0.702,207793642,145681248.0,
2023-08-10,0.702,0.706,0.7,0.705,109597287,77055016.0,
2023-08-11,0.705,0.705,0.691,0.691,134561880,93627840.0,
2023-08-14,0.687,0.688,0.678,0.686,198750096,135503408.0,
2023-08-15,0.684,0.688,0.675,0.68,153131634,104045760.0,
2023-08-16,0.677,0.682,0.674,0.674,154234347,104481320.0,
2023-08-17,0.672,0.676,0.666,0.675,170423831,114447552.0,
2023-08-18,0.673,0.677,0.667,0.668,183774030,123353840.0,
2023-08-21,0.668,0.669,0.658,0.659,120508807,79892584.0,
2023-08-22,0.659,0.665,0.649,0.655,129942652,85191216.0,
2023-08-23,0.655,0.656,0.643,0.644,90628664,58851872.0,
2023-08-24,0.644,0.651,0.64,0.648,159618745,103067656.0,
2023-08-25,0.644,0.653,0.643,0.647,100862043,65518760.0,
2023-08-28,0.674,0.677,0.648,0.651,144414986,95574200.0,
2023-08-29,0.649,0.66,0.648,0.66,116901990,76454352.0,
2023-08-30,0.658,0.663,0.655,0.659,153716688,101256544.0,
2023-08-31,0.657,0.66,0.652,0.654,82652384,54132932.0,
2023-09-01,0.656,0.663,0.655,0.66,56511143,37313036.0,
2023-09-04,0.663,0.678,0.663,0.676,193319668,129992528.0,
2023-09-05,0.675,0.676,0.671,0.672,82700412,55652052.0,
2023-09-06,0.672,0.674,0.668,0.673,85575256,57361280.0,
2023-09-07,0.672,0.673,0.662,0.662,153848119,102513608.0,
2023-09-08,0.662,0.664,0.656,0.657,113992028,75097296.0,
2023-09-11,0.659,0.665,0.658,0.662,68112501,45093316.0,
2023-09-12,0.662,0.666,0.66,0.664,53483935,35476180.0,
2023-09-13,0.663,0.668,0.655,0.66,109283373,72106632.0,
2023-09-14,0.658,0.66,0.653,0.656,97235202,63796336.0,
2023-09-15,0.659,0.66,0.648,0.65,73217144,47805152.0,
2023-09-18,0.648,0.656,0.645,0.652,53095321,34545456.0,
2023-09-19,0.651,0.653,0.647,0.649,49519130,32144798.0,
2023-09-20,0.649,0.649,0.644,0.644,77537630,50126872.0,
2023-09-21,0.645,0.648,0.641,0.644,66018351,42470820.0,
2023-09-22,0.642,0.648,0.638,0.647,110945847,71231376.0,
2023-09-25,0.648,0.648,0.642,0.643,211627027,136068160.0,
2023-09-26,0.642,0.644,0.635,0.636,82981167,52937004.0,
2023-09-27,0.635,0.644,0.634,0.638,91871680,58568328.0,
2023-09-28,0.638,0.641,0.633,0.635,427244269,271012192.0,
2023-10-09,0.635,0.636,0.628,0.633,226798316,142963664.0,
2023-10-10,0.634,0.638,0.628,0.63,248474632,156563984.0,
2023-10-11,0.63,0.634,0.626,0.629,92149623,58056092.0,
2023-10-12,0.63,0.638,0.63,0.637,118589156,75179232.0,
2023-10-13,0.632,0.634,0.627,0.628,63418730,39901004.0,
2023-10-16,0.629,0.631,0.62,0.622,75480098,47069332.0,
2023-10-17,0.623,0.629,0.621,0.626,64791345,40592448.0,
2023-10-18,0.627,0.627,0.615,0.616,86914618,53770540.0,
2023-10-19,0.614,0.616,0.606,0.607,73620176,44955668.0,
2023-10-20,0.606,0.614,0.604,0.609,111219459,67757072.0,
2023-10-23,0.608,0.609,0.591,0.596,116902311,69830288.0,
2023-10-24,0.595,0.6,0.593,0.6,93897888,56025212.0,
2023-10-25,0.604,0.61,0.602,0.604,75373579,45714612.0,
2023-10-26,0.603,0.605,0.596,0.604,57086290,34258212.0,
2023-10-27,0.603,0.624,0.6,0.621,141136898,87056136.0,
2023-10-30,0.618,0.634,0.618,0.631,116206545,73039728.0,
2023-10-31,0.632,0.633,0.627,0.63,62691956,39465460.0,
2023-11-01,0.631,0.632,0.624,0.626,47308101,29643960.0,
2023-11-02,0.626,0.628,0.619,0.62,37576304,23399466.0,
2023-11-03,0.622,0.628,0.619,0.625,56177726,35046528.0,
2023-11-06,0.628,0.633,0.626,0.633,98378965,62061368.0,
2023-11-07,0.633,0.633,0.627,0.629,129913189,81896032.0,
2023-11-08,0.632,0.632,0.617,0.622,112981597,70265872.0,
2023-11-09,0.621,0.628,0.619,0.624,63746922,39836740.0,
2023-11-10,0.623,0.624,0.619,0.621,52594096,32639224.0,
2023-11-13,0.622,0.623,0.616,0.623,63779924,39515244.0,
2023-11-14,0.624,0.626,0.618,0.621,47959717,29809118.0,
2023-11-15,0.626,0.629,0.624,0.627,70521435,44190204.0,
2023-11-16,0.627,0.627,0.619,0.621,46176420,28662644.0,
2023-11-17,0.618,0.619,0.614,0.618,57462956,35406268.0,
2023-11-20,0.618,0.62,0.611,0.619,58067754,35771376.0,
2023-11-21,0.619,0.624,0.617,0.619,74165387,46047292.0,
2023-11-22,0.619,0.619,0.609,0.609,58117923,35614128.0,
2023-11-23,0.609,0.613,0.608,0.613,67232111,41048192.0,
2023-11-24,0.612,0.613,0.607,0.608,42717221,26009808.0,
2023-11-27,0.608,0.608,0.598,0.602,55984586,33687208.0,
2023-11-28,0.601,0.606,0.599,0.606,45078125,27185592.0,
2023-11-29,0.604,0.605,0.599,0.6,47886744,28803720.0,
2023-11-30,0.6,0.603,0.595,0.599,58589443,35093236.0,
2023-12-01,0.599,0.6,0.589,0.594,76243122,45209840.0,
2023-12-04,0.593,0.596,0.591,0.592,50179312,29766684.0,
2023-12-05,0.591,0.594,0.582,0.583,63223585,37200288.0,
2023-12-06,0.584,0.593,0.582,0.589,65972364,38873872.0,
2023-12-07,0.588,0.589,0.58,0.585,65382780,38101748.0,
2023-12-08,0.584,0.586,0.582,0.583,40300261,23519256.0,
2023-12-11,0.581,0.589,0.575,0.588,71265951,41434268.0,
2023-12-12,0.586,0.59,0.584,0.59,43716512,25679408.0,
2023-12-13,0.588,0.588,0.576,0.577,58582971,33993608.0,
2023-12-14,0.579,0.583,0.574,0.574,47950949,27702894.0,
2023-12-15,0.576,0.581,0.572,0.574,62698811,36142320.0,
2023-12-18,0.573,0.573,0.564,0.566,80982247,45938340.0,
2023-12-19,0.564,0.568,0.562,0.566,40437873,22843878.0,
2023-12-20,0.566,0.569,0.561,0.563,228350315,128544776.0,
2023-12-21,0.562,0.568,0.558,0.564,138868277,78245400.0,
2023-12-22,0.565,0.574,0.56,0.57,96132840,54597820.0,
2023-12-25,0.57,0.575,0.568,0.572,41240245,23551232.0,
2023-12-26,0.572,0.575,0.569,0.572,34509384,19731682.0,
2023-12-27,0.572,0.572,0.565,0.57,43095669,24521212.0,
2023-12-28,0.57,0.589,0.567,0.587,97335817,56646592.0,
2023-12-29,0.585,0.589,0.584,0.589,47816404,28080026.0,
2024-01-02,0.589,0.589,0.581,0.583,38253963,22363684.0,
2024-01-03,0.582,0.586,0.579,0.585,72750928,42491216.0,
2024-01-04,0.585,0.586,0.576,0.581,65306622,37847316.0,
2024-01-05,0.578,0.584,0.57,0.573,76390549,44148652.0,
2024-01-08,0.571,0.575,0.561,0.562,45624051,25798056.0,
2024-01-09,0.563,0.567,0.557,0.561,38326472,21505884.0,
2024-01-10,0.559,0.568,0.556,0.562,31827288,17894490.0,
2024-01-11,0.561,0.566,0.554,0.564,61350987,34325068.0,
2024-01-12,0.562,0.568,0.559,0.56,38087144,21487510.0,
2024-01-15,0.559,0.561,0.554,0.555,47852829,26645966.0,
2024-01-16,0.554,0.558,0.548,0.555,46446815,25666944.0,
2024-01-17,0.553,0.553,0.539,0.54,46929391,25646538.0,
2024-01-18,0.539,0.544,0.525,0.541,68821363,36711160.0,
2024-01-19,0.538,0.549,0.538,0.541,75450826,41073124.0,
2024-01-22,0.542,0.542,0.517,0.521,59497517,31469986.0,
2024-01-23,0.52,0.531,0.514,0.527,62579391,32869206.0,
2024-01-24,0.53,0.533,0.516,0.532,49768093,26173258.0,
2024-01-25,0.531,0.545,0.53,0.545,50237944,27044654.0,
2024-01-26,0.544,0.549,0.541,0.543,53546671,29163264.0,
2024-01-29,0.539,0.547,0.533,0.533,44363310,23952788.0,
2024-01-30,0.531,0.534,0.521,0.522,36810434,19488346.0,
2024-01-31,0.52,0.526,0.511,0.512,55388820,28655614.0,
2024-02-01,0.512,0.518,0.505,0.511,49162144,25172686.0,
2024-02-02,0.512,0.514,0.484,0.498,87055547,43558352.0,
2024-02-05,0.496,0.507,0.475,0.495,88117440,43243960.0,
2024-02-06,0.494,0.529,0.492,0.528,108803261,56000420.0,
2024-02-07,0.524,0.55,0.524,0.549,100618035,54522264.0,
2024-02-08,0.55,0.57,0.55,0.556,102905205,57830456.0,
2024-02-19,0.56,0.564,0.55,0.556,61495762,34171372.0,
2024-02-20,0.555,0.559,0.551,0.557,42457796,23606164.0,
2024-02-21,0.557,0.574,0.554,0.563,49589515,28070434.0,
2024-02-22,0.563,0.569,0.563,0.569,41223355,23355242.0,
2024-02-23,0.57,0.57,0.563,0.568,44848314,25424702.0,
2024-02-26,0.567,0.573,0.564,0.567,51100613,29031484.0,
2024-02-27,0.564,0.574,0.563,0.574,29860104,16992758.0,
2024-02-28,0.574,0.585,0.566,0.566,64824441,37341620.0,
2024-02-29,0.566,0.582,0.564,0.582,104007583,59877124.0,
2024-03-01,0.58,0.585,0.578,0.584,44168765,25727940.0,
2024-03-04,0.583,0.588,0.576,0.583,93367743,54112268.0,
2024-03-05,0.578,0.579,0.574,0.578,99009938,57053608.0,
2024-03-06,0.575,0.583,0.573,0.577,52896723,30541928.0,
2024-03-07,0.576,0.585,0.575,0.576,65508475,37968000.0,
2024-03-08,0.574,0.583,0.574,0.578,63651933,36879764.0,
2024-03-11,0.577,0.59,0.577,0.589,69497052,40660020.0,
2024-03-12,0.59,0.592,0.585,0.589,59042988,34735592.0,
2024-03-13,0.587,0.591,0.584,0.585,342545040,200812896.0,
2024-03-14,0.585,0.591,0.578,0.58,67727182,39579584.0,
2024-03-15,0.581,0.591,0.576,0.591,66550286,38919020.0,
2024-03-18,0.59,0.595,0.586,0.595,55184618,32611154.0,
2024-03-19,0.595,0.596,0.589,0.589,50388549,29838800.0,
2024-03-20,0.589,0.592,0.587,0.589,35488979,20939504.0,
2024-03-21,0.588,0.591,0.583,0.585,36135658,21163166.0,
2024-03-22,0.584,0.585,0.574,0.576,73523700,42441196.0,
2024-03-25,0.574,0.58,0.57,0.573,52173194,29961218.0,
2024-03-26,0.571,0.581,0.569,0.581,45536073,26202806.0,
2024-03-27,0.579,0.581,0.57,0.57,49082286,28277588.0,
2024-03-28,0.571,0.581,0.57,0.574,48920386,28123056.0,
2024-03-29,0.575,0.588,0.573,0.588,62538614,36483556.0,
2024-04-01,0.589,0.603,0.587,0.6,108092805,64595772.0,
2024-04-02,0.6,0.606,0.597,0.606,92281596,55631696.0,
2024-04-03,0.607,0.611,0.602,0.609,130326849,79158536.0,
2024-04-08,0.609,0.612,0.599,0.6,203834229,123522752.0,
2024-04-09,0.6,0.609,0.599,0.609,132180941,80133336.0,
2024-04-10,0.608,0.609,0.601,0.604,131239864,79411928.0,
2024-04-11,0.601,0.61,0.596,0.606,103016700,62207296.0,
2024-04-12,0.607,0.607,0.598,0.599,85359874,51243436.0,
2024-04-15,0.597,0.615,0.595,0.61,152491494,92757400.0,
2024-04-16,0.608,0.609,0.589,0.591,126011296,75395992.0,
2024-04-17,0.591,0.604,0.591,0.603,73125828,43714460.0,
2024-04-18,0.604,0.61,0.598,0.603,93194403,56287900.0,
2024-04-19,0.604,0.613,0.601,0.611,119881423,73058160.0,
2024-04-22,0.609,0.613,0.602,0.602,83592579,50782276.0,
2024-04-23,0.602,0.602,0.587,0.588,94558743,55985008.0,
2024-04-24,0.587,0.591,0.583,0.59,62188834,36492000.0,
2024-04-25,0.59,0.597,0.588,0.592,242679559,143689488.0,
2024-04-26,0.589,0.602,0.588,0.602,83932366,50063452.0,
2024-04-29,0.603,0.62,0.6,0.618,126166779,77396984.0,
2024-04-30,0.618,0.618,0.61,0.612,83972100,51492956.0,
2024-05-06,0.62,0.636,0.619,0.636,355981380,224510032.0,
2024-05-07,0.636,0.642,0.633,0.642,347083303,221753264.0,
2024-05-08,0.64,0.64,0.63,0.631,187711859,118980688.0,
2024-05-09,0.63,0.641,0.63,0.637,183663472,116898888.0,
2024-05-10,0.637,0.639,0.628,0.634,138105514,87357912.0,
2024-05-13,0.628,0.632,0.624,0.631,113543446,71331688.0,
2024-05-14,0.63,0.633,0.625,0.626,89030233,55891316.0,
2024-05-15,0.624,0.627,0.619,0.622,378204119,235603888.0,
2024-05-16,0.622,0.626,0.619,0.621,128941613,80295576.0,
2024-05-17,0.621,0.631,0.619,0.63,132069524,82458000.0,
2024-05-20,0.631,0.638,0.626,0.633,169827665,107349840.0,
2024-05-21,0.635,0.635,0.62,0.622,120377671,75218792.0,
2024-05-22,0.621,0.629,0.621,0.626,157650691,98334656.0,
2024-05-23,0.622,0.623,0.609,0.611,170158055,104254880.0,
2024-05-24,0.61,0.614,0.608,0.608,93521972,57133556.0,
2024-05-27,0.612,0.615,0.605,0.615,69177627,42152904.0,
2024-05-28,0.615,0.616,0.606,0.607,93893951,57258424.0,
2024-05-29,0.606,0.614,0.606,0.608,64687681,39467200.0,
2024-05-30,0.61,0.62,0.608,0.61,407886033,250858816.0,
2024-05-31,0.609,0.613,0.603,0.604,176285730,107234936.0,
2024-06-03,0.604,0.604,0.593,0.598,122234813,72943288.0,
2024-06-04,0.598,0.607,0.594,0.605,92012718,55387340.0,
2024-06-05,0.605,0.608,0.6,0.602,63887901,38590316.0,
2024-06-06,0.601,0.606,0.596,0.6,80519581,48419696.0,
2024-06-07,0.602,0.604,0.592,0.596,77069932,45973112.0,
2024-06-11,0.593,0.597,0.59,0.597,112584427,66818256.0,
2024-06-12,0.596,0.597,0.59,0.594,47494731,28225210.0,
2024-06-13,0.595,0.596,0.585,0.586,77671830,45722232.0,
2024-06-14,0.587,0.587,0.577,0.586,88715379,51521892.0,
2024-06-17,0.582,0.587,0.58,0.584,51696233,30215810.0,
2024-06-18,0.585,0.59,0.583,0.588,59310549,34782192.0,
2024-06-19,0.588,0.589,0.58,0.58,45413222,26450458.0,
2024-06-20,0.582,0.584,0.573,0.574,64044834,37051352.0,
2024-06-21,0.574,0.58,0.573,0.576,61690181,35561452.0,
2024-06-24,0.574,0.574,0.564,0.568,80572617,45873380.0,
2024-06-25,0.568,0.579,0.568,0.574,77604624,44627176.0,
2024-06-26,0.574,0.582,0.567,0.582,59074165,33955392.0,
2024-06-27,0.58,0.58,0.566,0.567,47618264,27163218.0,
2024-06-28,0.567,0.574,0.565,0.567,52445543,29921316.0,
2024-07-01,0.566,0.579,0.566,0.577,57607539,33069046.0,
2024-07-02,0.575,0.577,0.564,0.566,60426043,34392860.0,
2024-07-03,0.566,0.567,0.561,0.562,216639583,121862568.0,
2024-07-04,0.564,0.565,0.556,0.556,86943401,48749248.0,
2024-07-05,0.556,0.562,0.553,0.56,51375691,28603852.0,
2024-07-08,0.559,0.56,0.547,0.548,61076141,33692516.0,
2024-07-09,0.548,0.554,0.54,0.551,74344671,40671948.0,
2024-07-10,0.549,0.554,0.546,0.547,121007102,66333592.0,
2024-07-11,0.551,0.566,0.55,0.564,83749021,46854400.0,
2024-07-12,0.563,0.567,0.562,0.565,46637576,26340332.0,
2024-07-15,0.562,0.565,0.559,0.56,60269282,33821336.0,
2024-07-16,0.56,0.561,0.554,0.558,52527443,29231232.0,
2024-07-17,0.56,0.56,0.549,0.554,57520478,31820994.0,
2024-07-18,0.552,0.557,0.546,0.555,81039179,44670360.0,
2024-07-19,0.553,0.56,0.55,0.558,62056743,34454772.0,
2024-07-22,0.559,0.559,0.546,0.549,62266665,34309952.0,
2024-07-23,0.55,0.551,0.53,0.53,74817938,40256208.0,
2024-07-24,0.529,0.533,0.522,0.525,52572459,27667844.0,
2024-07-25,0.523,0.529,0.522,0.526,54507042,28647324.0,
2024-07-26,0.525,0.536,0.525,0.532,51260700,27260386.0,
2024-07-29,0.533,0.534,0.525,0.525,31697812,16723953.0,
2024-07-30,0.525,0.526,0.516,0.519,80252719,41637100.0,
2024-07-31,0.52,0.54,0.518,0.539,84584540,44926236.0,
2024-08-01,0.541,0.545,0.528,0.529,70060423,37324180.0,
2024-08-02,0.528,0.53,0.523,0.524,45318292,23847638.0,
2024-08-05,0.523,0.531,0.514,0.515,68475362,35707532.0,
2024-08-06,0.518,0.524,0.514,0.519,49749120,25817114.0,
2024-08-07,0.519,0.523,0.514,0.52,44937151,23287980.0,0.519
2024-08-08,0.52,0.53,0.518,0.526,64662061,33893016.0,0.52
2024-08-09,0.528,0.53,0.519,0.521,76780784,40225928.0,
